file_name,sha256,source_thread,bytes,pages,pdf_version,producer,audit_glyphs,audit_outside,audit_clipped,audit_invisible_render_mode,audit_tiny_font,audit_low_contrast_fill,audit_likely_visible,audit_error,screened_clean
033000.pdf,3c45fce29be06655ad85877d0d8e1e8b6f1c79b51bc2a4d417a8ef5a2d961146,033,94608,3,1.3,Acrobat Distiller 4.0 for Windows,7710,0,0,0,0,0,7710,,True
033002.pdf,f53623e1dde25e73e68d932d6207d507d9b768635709b70b385c4e1e012fdd5b,033,68927,5,1.3,Acrobat Distiller 4.0 for Windows,35477,0,0,0,55,720,34757,,False
033004.pdf,c1111671fae3a7ebacddf6f0ca767830860661d23ad87f36e1f7d013fd3a0d0c,033,44132,1,1.3,Acrobat Distiller 4.0 for Windows,6296,0,0,0,10,139,6157,,False
033005.pdf,9ddfb41706107861e2b4a795aae1db3d53ef7d4d3a4778907ab0c1ba01393e28,033,11671,1,1.2,Acrobat Net Distiller 1.0 for Windows,6021,115,0,0,0,0,5906,,False
033006.pdf,58a542a3b873d4c5d5dfed63caa22340eff1564fa9dee272c833d6e30448eb14,033,34463,1,1.3,Acrobat Distiller 4.0 for Windows,5232,0,0,0,0,107,5125,,False
033008.pdf,a966228bc68840cffdddf1c43b762afece8906924198fe702667c5e42a3abbcf,033,62121,4,1.4,Acrobat Distiller 6.0.1 (Windows),7131,0,0,0,0,0,7131,,True
033009.pdf,befe695ee66eedaedcb4a101e6a54febe6cc9aca8724e516f20b65c6b4bc2c35,033,12809,1,1.2,Acrobat Net Distiller 1.0 for Windows,6231,0,0,0,0,0,6231,,True
033010.pdf,1b9f5d90fe004a11839ac334824036d149d7aaa8992e3ab068b17f0a8e8202ae,033,123003,2,1.2,Acrobat Distiller 3.01 for Windows,11075,0,0,0,0,234,10841,,False
033011.pdf,02a4cc677071123ec28b16f898dbaf7c635d229b01559d048c4ca4386dc4e222,033,43164,10,1.2,Acrobat Distiller Command 3.01 for Solaris 2.3 and later (SPARC),51494,0,0,0,0,0,51494,,True
033012.pdf,4d5cdd3ce7dc34005908f23b1229d5f37ad6b027324133f2d9a44b14820361c8,033,1134261,22,1.6,Oracle PDF driver,58691,0,0,49,0,0,58642,,False
033013.pdf,3574ca554e23cae275102be8e5825b6eeab3e4fcb5c78adf775742127401973d,033,64077,18,1.5,Acrobat Distiller 6.0.1 (Windows),30883,0,0,0,0,0,30883,,True
033014.pdf,09eb3ca980d6cbe04113fb4e12aee4cf51c50cf72ef28fc094cd553823bf0925,033,269365,2,1.1,Acrobat Distiller 3.0 for Power Macintosh,6138,0,0,0,0,18,6120,,False
033015.pdf,9ec66b254703b787c664ea1d9aa06cf9550b89b86013fe6ba61cf9d8cb96112d,033,1927478,6,1.3,TextBridge(TM) http://www.scansoft.com,29442,0,0,0,0,29442,0,,False
033016.pdf,2e760d03b04dd86d468dffe60328df3332374437cad913b21ccc87754cc6bd3b,033,743727,41,1.3,Acrobat Distiller 4.0 for Windows,285471,0,0,0,0,4797,280674,,False
033017.pdf,9efa7996588e8d2edbb4f9dda77347c7b6145c91e89c9d3edb885a143856d33d,033,256368,2,1.4,Acrobat Distiller 6.0.1 (Windows),4638,0,0,0,0,60,4578,,False
033018.pdf,cdfea26e22c58b55e3d6c96a76f3f05ea7663c7e2d4e0e50ba15eedee64daa7a,033,58512,3,1.4,Acrobat Distiller 6.0 (Windows),5779,0,0,0,0,0,5779,,True
033019.pdf,94527329126a040ae0b670d915ee1d94cada2fd91a7733da714a105ac645ff6d,033,280129,40,1.4,Corel PDF Engine Version 11.4.0.100,115117,0,0,0,0,0,115117,,True
033021.pdf,27d45027eedbdf74576ecd6a10960279734d7b2373c01c6d3213f835a3c7eee6,033,299217,1,1.3,OmniPage 12 http://www.scansoft.com,3061,0,0,0,0,0,3061,,True
033022.pdf,089db82c7e2c8c19a29bf079e54531bb5362d9a87e955aa2bd5186457c2c1f80,033,39370,2,1.3,Acrobat Distiller 4.0 for Windows,9826,0,0,0,0,214,9612,,False
033023.pdf,915a81f8c3da472db907d12d21a71cacbe6c6994bfa7d19ba7dfe8f0fe3c0a89,033,59376,5,1.3,Acrobat Distiller 4.0 for Windows,35351,0,0,0,0,535,34816,,False
033024.pdf,508683fc484f8a20e5f43a2321b46158e3e515cc89bf78393081616d0a5f6952,033,1694615,63,1.5,Adobe Acrobat 6.0,196404,0,0,0,0,0,196404,,True
033025.pdf,716a762263cf13e3336d0a47ae9cf91d39bddc124d39ad559b0f991db5ca3f98,033,392875,66,1.1,Acrobat Distiller 3.01 for Power Macintosh,231992,0,0,0,0,0,231992,,True
033026.pdf,dabe6523eeeb6c32360943234d5d66de8339e2983cc87d0abace97a0f10c1a0e,033,97822,22,1.3,Acrobat Distiller 7.0 (Windows),32325,0,0,0,0,0,32325,,True
033028.pdf,7ba6375590691bcb952397f081d3639eb387cad9a3f9246d2eccce11018a1d90,033,455887,6,1.4,Acrobat Distiller 6.0 (Windows),24614,0,0,0,0,37,24577,,False
033029.pdf,9122895efc107bb8966165d4ae60388f60d8b1abd49689984b5760bb1a7707a1,033,132925,11,1.4,Acrobat Distiller 6.0.1 (Windows),13945,0,0,0,0,38,13907,,False
033031.pdf,c03e47255db5a205752ad7c43d3eada3af6431045ea225959eb78d8eed26eebc,033,10941,5,1.3,,14417,0,0,0,0,0,14417,,True
033039.pdf,b4f9f2e1c38559b6a1c2d7a4b047966e1b14b9ad7db66a14980dbb231abade1c,033,329559,4,1.2,Acrobat PDFWriter 4.05 for Windows NT,5681,0,0,0,0,0,5681,,True
033042.pdf,bfa535303191db820cfc5fe867491577cd484a3574c8235519ccc1eb0c6b6a1a,033,318039,20,1.6,Oracle PDF driver,54085,0,0,0,0,0,54085,,True
033048.pdf,2cdcf69adbfdf321d8a73412faf0cf084e69c5977ce25f5fe2309ba322110e77,033,941927,143,1.4,Acrobat Distiller 5.0.5 (Windows),326169,0,0,0,0,0,326169,,True
033051.pdf,707721f73c23a9f01218012324617b6970fa8d03c7c7371c697af8f19781b264,033,438350,44,1.4,Acrobat Distiller 7.0.5 (Windows),35884,0,0,0,0,7,35877,,False
033056.pdf,2f965e86ea56d11a1349ad7921a8ec56a45ad4d9c8ca2580b8ff250220b79f6c,033,141582,9,1.3,Amyuni Document Converter,33367,0,0,0,0,0,33367,,True
033148.pdf,5cd6e15d72529039014664974491b5ca0a0fd4c0312db056a873ed5980159c06,033,996222,50,1.4,Acrobat Distiller 4.05 for Macintosh,135937,0,0,0,0,0,135937,,True
033151.pdf,4712cc8a997dd533434aadc029f677c4bb1514624ecc3df8f34043dee9c7e763,033,14434,1,1.4,Acrobat Distiller 7.0.5 (Windows),3805,0,0,0,0,0,3805,,True
033152.pdf,65627ba73f284b294b74c30ee73c4a4d8235a32aa2c8299a4389ec71b790126a,033,2412066,26,1.4,Acrobat Distiller 8.0.0 (Windows),8183,0,18,0,0,0,8165,,False
033153.pdf,c75ffccf0b436bf862958a77d947863c93f5cc701c139b8abbbf95ad5935c081,033,715028,16,1.3,Acrobat Distiller 5.0.5 (Windows),3931,0,0,0,1,3430,501,,False
033154.pdf,5047a37edd41dd08ac5f5b408b239f9d615cfdd39d8b6e1c61f09753a3a4c316,033,777466,33,1.3,Acrobat Distiller 4.0 for Windows,101468,0,0,0,46,3945,97523,,False
033155.pdf,2b2d2f6b1323c78f8b784eb74235caf82e6cf124cdb1ef6fbf4cae844520bed5,033,2125059,50,1.4,Acrobat Distiller 4.0 for Windows,109192,0,0,0,54,6396,102796,,False
033156.pdf,fb5f71c28fb6b814dedbedd027ca54f06a9fe62c6dc2b2d2798f8867804f489a,033,936103,5,1.6,Acrobat Distiller 7.0.5 for Macintosh,5043,0,0,0,0,0,5043,,True
033157.pdf,ee2b217c909b155d7f409e39c8b599c9b7accdee750d1e8d309a2e42c918c3f9,033,89123,10,1.4,Acrobat Distiller 8.1.0 (Windows),10508,0,0,0,0,0,10508,,True
033158.pdf,0321d018768f44c85ec8cb4d57a7e49cb71141cf4a960443b786bbc456d9c68d,033,3423494,71,1.6,Adobe Acrobat 8.1,64318,0,0,0,0,0,64318,,True
033159.pdf,98f67777d5a21d828a478f8c7219a7872dbb1007d883df737ba2143a61762373,033,1367052,4,1.6,Adobe PDF Library 8.0,10548,0,0,0,0,0,10548,,True
033160.pdf,cbab448d9b5577825c767aca3d9e8dbda311f86c0f19b225c95fc18098f4333a,033,210129,6,1.3,Acrobat Distiller 8.1.0 (Windows),26591,0,0,33,0,26042,516,,False
033161.pdf,dff8c859a67a9fc89e4419e5fdfdbf2c036ca118464587a8ac0e6a6300f61fbc,033,3403126,161,1.3,Acrobat Distiller 4.0 for Windows,641377,0,0,0,181,18847,622530,,False
033162.pdf,1e01fe28bb1ea84542d70b000a02d9821d9271ed0e7ab77c518f9b45e9cc9558,033,42407,3,1.4,Acrobat Distiller 4.0 for Windows,19916,0,0,0,0,321,19595,,False
033163.pdf,99f992e1d670dd5ac0692ccaa58826248171bec16d73e60f350729b2f2c893e9,033,420149,12,1.6,Acrobat Distiller 7.0.5 for Macintosh,26292,0,0,0,0,0,26292,,True
033164.pdf,63e350f459bfd3e0d96dc583565e6016ac121808754ff0ee0b7e95bc28f9639a,033,37689,2,1.3,Acrobat Distiller 5.0 (Windows),5192,0,0,0,0,0,5192,,True
033166.pdf,dcccf9c783d7e688b4593c20cdd9f85c09c5b6821d43185f106b40d49510f962,033,268758,25,1.6,Acrobat Distiller 7.0.5 (Windows),51843,0,0,0,0,0,51843,,True
033167.pdf,0112738c83d41400c0b057232cabc98fce567e212805e7c419f903d489c640e3,033,1523500,6,1.5,Acrobat Distiller 6.0 (Windows),25524,0,0,0,0,24622,902,,False
033168.pdf,ee5070dc0a57a577ea8cd0c380e2e5acc19c9534961abd4fd6c53d0ca47ee3f9,033,235138,18,1.5,Acrobat Distiller 6.0.1 (Windows),17811,0,0,0,0,0,17811,,True
033169.pdf,05b0905f51e478b3183a5390ca04352216bcab30fbd9d3d4fe96dd8a5d3de52e,033,4254583,14,1.6,Mac OS X 10.4.10 Quartz PDFContext,28445,0,0,0,98,0,28347,,False
033170.pdf,db3baa70636241569e2b36465c91c82906c9e57e537016b9a82c3a5d6607ce35,033,426432,30,1.3,Acrobat Distiller 5.0.5 (Windows),60671,0,0,0,0,0,60671,,True
033171.pdf,17e17732639be2cc63317c4119f9f05c5ebfc61b50c1190e0fe5a24465b69b41,033,207162,15,1.5,Acrobat Distiller 6.0 (Windows),44833,0,0,0,0,0,44833,,True
033172.pdf,e83ecd910a539f018d23bf0ca074c10561886ae3aeaf0e3b41c28a8d2a66333d,033,1523443,76,1.4,Acrobat Distiller 6.0 (Windows),166458,0,0,0,0,0,166458,,True
033173.pdf,66605286128595bec6c161b4db74f1f5c4d8b47b8d2770ceb86a399fcc4701cf,033,475418,27,1.6,Acrobat Distiller 7.0.5 (Windows),73209,0,0,1,0,0,73208,,False
033174.pdf,420dae04dd9d9e1cc1e369267d77d203f50acbe1c262d75c087e1754f18fae7a,033,91106,28,1.4,Acrobat Distiller 5.0.5 (Windows),73384,0,0,0,0,0,73384,,True
033175.pdf,fb26f250fc4b4ee80114bc1986608f730155a31d24a6140f07e441b917e1730f,033,4469723,206,1.4,,448522,0,0,0,623,30,447869,,False
033176.pdf,2a296ccc2cbf9ee2aec34e2f56459f71708f2c9a3fa3056f4e3fb2be2d8d6659,033,19759,3,1.4,Acrobat PDFWriter 4.05 for Windows NT,4057,0,0,0,0,0,4057,,True
033177.pdf,a21334690424ec9d4c2e18f400ae3ee29cab47c820e01e8fd0895790498494ae,033,8943,2,1.4,Acrobat Distiller 6.0 (Windows),1943,0,0,0,0,0,1943,,True
033302.pdf,ec36f90569c84ace9808d6fb96c42cf938cc2a713bfa82d2b17385fb32330d34,033,39524,6,1.5,Acrobat Distiller 6.0 (Windows),12966,0,0,0,0,0,12966,,True
033308.pdf,d26e12046a9f47df711604017290d2f9a63e6f4ab0f1dae38154816da108f7bc,033,637160,59,1.1,Acrobat Distiller 2.1 for Power Macintosh,101938,0,0,0,31,124,101798,,False
033309.pdf,07e3d9510278f4eaafaa9b6baac3dfe6b1eaad318240f7099c614394beed3bd2,033,67659,9,1.2,Acrobat Distiller 4.0 for Windows,7946,0,0,0,0,0,7946,,True
033310.pdf,50ed41dc01a6e28c4d69d05a857c2c7954b790ce2f45b238490a8ae0307f0168,033,34955,4,1.6,Acrobat Distiller 5.0.5 (Windows),18423,0,0,0,44,552,17871,,False
033311.pdf,ab9f9d25c21dde55fec301e1b0e288969190a0cf37b333ad5a06d7b8608e7bba,033,783625,20,1.4,Acrobat Distiller 7.0.5 (Windows),41468,0,0,0,0,0,41468,,True
033312.pdf,82812bf9532e289782b4f755d1c2d7b84781a50d0e368c3b215ee73f7be72168,033,199812,8,1.3,,30208,0,0,0,0,0,30208,,True
033313.pdf,fbbc96e5580dbac3b878259cf08898006af35007d68d1ca07b86d43908f58149,033,280188,4,1.3,Acrobat Distiller 5.0.5 (Windows),15621,0,0,0,0,32,15589,,False
033314.pdf,21d06699976f46235436fec8100b7f0d0837a339bc69de98d0de0433b45e7982,033,475451,1,1.2,Acrobat Distiller 4.05 for Windows,3904,0,0,0,0,0,3904,,True
033316.pdf,95e32399b46db8a4a4525048c058d307f0418cbbaed06d3bd59b6218323e1657,033,18603,9,1.3,Acrobat Distiller 4.0 for Windows,10793,0,0,0,0,0,10793,,True
033317.pdf,2b6b17e9523b9f921b6b620b1cac7ffc39e09ced352b820b2df1169e31ba1d19,033,880742,10,1.3,Acrobat PDFWriter 4.0 for Power Macintosh,18387,0,0,0,0,0,18387,,True
033318.pdf,3079d8737187cf6253a0c5c0c1635ba6202d13fb7f43e5f2ae9b9a01eca9749b,033,32730,4,1.3,GNU Ghostscript 7.05,9402,0,0,0,0,0,9402,,True
033319.pdf,bc1a445677ab60da77efa44ae3f0c368864bfd4c4eb0c741bf6af2c92660fdd3,033,164387,11,1.5,Acrobat Distiller 6.0.1 (Windows),3194,0,0,0,0,0,3194,,True
033320.pdf,f36e6503c33f472fb2362569523a7619841310e320ebdc0ff73b2390e47ea755,033,2270519,62,1.3,Acrobat Distiller 4.05 for Windows,143488,0,0,39,47,0,143402,,False
033321.pdf,20c4c43df53fac8ab23c5929d0172d0039685a8dc33c435b2f136a4423061252,033,280989,4,1.2,Acrobat Distiller 4.0 for Macintosh,15002,0,0,0,0,32,14970,,False
033322.pdf,cfd5228caa2805e5799f87ad505b2c948e7ac546c36d2feee85946019886fd09,033,63431,12,1.6,Acrobat Distiller 5.0.5 (Windows),59064,0,0,0,132,1656,57408,,False
033323.pdf,55ee79022f43a25a8187ffb9fd75af39213f4d6cddb890fb7f7143cbfebc7637,033,149032,4,1.4,Acrobat Distiller 6.0.1 (Windows),14586,0,0,0,0,0,14586,,True
033324.pdf,1c757725cb7af23d74cb38130d7d17989eba427dba672eef606b9d8c6f46cbd2,033,24408,2,1.3,AFPL Ghostscript 8.14,3304,0,0,0,0,0,3304,,True
033325.pdf,b6cf3ae102b96199126abaaf960590f78b35b17f5df86becf0c4e310f70ff9a0,033,56227,4,1.2,,14790,0,0,0,0,0,14790,,True
033326.pdf,c27b7fe19f07b6af46298313ad5464697cfec0587ddfe0bc5dfbdecb2156dde4,033,499532,2,1.4,Acrobat Distiller 6.0.1 for Macintosh,7947,0,0,0,0,7947,0,,False
033327.pdf,189023ffa99844deb6bdcdb16f9ecc68095bcff185562d9a95c48838647b0d0e,033,494812,7,1.2,Acrobat Distiller Command 3.01 for Solaris 2.3 and later (SPARC),31271,0,0,0,0,0,31271,,True
033328.pdf,72eb502ffd02fdb2a219a9937564ed5306b331bdc3cc37dd2c0c19fd248da3c7,033,788963,8,1.2,Acrobat Distiller Command 3.01 for Solaris 2.3 and later (SPARC),34297,0,0,0,0,0,34297,,True
033329.pdf,3f3e9de171a2c244d0e0b1c307dc26b87d6fff068d7d63c9b547ad992ea5fee3,033,70470,26,1.4,Acrobat Distiller 6.0 (Windows),57773,0,0,0,0,0,57773,,True
033330.pdf,4942bc6300368a24a90e713cc76e26aa8826a8689b9ba2563e102abb4d566965,033,21992,5,1.4,Acrobat Distiller 7.0.5 (Windows),1276,0,0,0,0,0,1276,,True
033331.pdf,26777640784124bf76ce3ae2d4b6f94e4f429e44462f7c6e42114686ca27ae7b,033,2106664,13,1.3,Adobe PDF Library 8.0,33961,0,0,164,0,4160,29637,,False
033332.pdf,43b08bb66813a404b5a1b1112286b7e36edf6b646867b0764ba5043443c43626,033,47899,1,1.6,Adobe Acrobat 7.08 Paper Capture Plug-in,1199,0,0,1199,0,0,0,,False
033333.pdf,7ad747465214459a71964bd0ed962352df5fcb8603d35ddd8b8a645d6b2aead4,033,223686,6,1.3,Acrobat Distiller 5.0 (Windows),12074,0,0,0,0,0,12074,,True
033334.pdf,e5598133aa027332cd47ab4d0a2c940c6c66bf07f20f5380b63fc3cda8c91764,033,221694,2,1.5,Adobe PDF Library 7.0,6387,0,0,0,0,6387,0,,False
033335.pdf,11a4e4a919239dcb2c40cd1eba8f318c08f76225d4bdd2c946826def7126a3b5,033,276450,29,1.2,Acrobat Distiller 5.0 (Windows),12189,0,0,0,0,0,12189,,True
033336.pdf,1bb719fe8e10ca54af770169cdd5f66103213ed5cee17404a77e11728e08362f,033,239849,22,1.3,Acrobat Distiller 5.0.5 (Windows),40240,0,0,0,0,0,40240,,True
033337.pdf,11eb6d39916c147c551c5be93047566ab0515fa1f5e0d03b31ed3dd26624697c,033,171962,12,1.2,Acrobat PDFWriter 5.0 for Windows,35423,0,0,0,0,0,35423,,True
033338.pdf,a317368947e7de8b5797596257f1852045b2c5a223e3b2581bc40df90b8d0b3b,033,287931,19,1.4,Acrobat Distiller 7.0 (Windows),37563,0,0,0,0,0,37563,,True
033339.pdf,7bbee1a778aed2af87ebddad699a72edf8413134749f7c335873dbe6682bfa9f,033,294792,32,1.5,Acrobat PDFWriter 4.0 for Windows NT,60816,0,0,0,0,0,60816,,True
033340.pdf,87e3d116d51bc2b9bfa145c66db53b3e6cc341f78770b8c2a34f79af5d65ec0f,033,173386,14,1.3,Acrobat Distiller 5.0.5 (Windows),33627,0,0,0,0,0,33627,,True
033341.pdf,271b55332c33e8c50b3eddd18f98babbea6221861b47830d4aea0e10011bcf70,033,375120,1,1.5,Acrobat Distiller 4.05 for Macintosh,3184,0,0,0,0,206,2978,,False
033342.pdf,7e3dec284fe08b40d946d3d4ca5e14bf7d97cceca12eb5e369c4a5bd9c226c12,033,815007,18,1.4,AFPL Ghostscript 8.54,29475,0,0,0,0,0,29475,,True
033343.pdf,df158b24fffb851474f0ba75379ada6700a18ffd3fba6aa04750f6daee9482a2,033,3399973,37,1.3,Acrobat Distiller 4.05 for Windows,59268,0,0,0,3,0,59265,,False
033344.pdf,40627b50971966f1a9e5d04ee98ffbbe60dc73e63d1809d830dc8cd0e27a4b1d,033,42599,2,1.3,AFPL Ghostscript 8.14,5219,0,0,0,0,0,5219,,True
033351.pdf,1769ac7b699645af9fdb47b4ea3a6af2fbb96f5c06164c415b786acd0125376c,033,267914,5,1.2,Acrobat Distiller 5.0.5 (Windows),31779,0,0,0,12,105,31662,,False
033360.pdf,40945e91c5ead5356408fcd31e791e8c5bea7a930f740f19f188c14c43c85782,033,24430,7,1.4,Acrobat Distiller 7.0 (Windows),10138,0,0,0,0,0,10138,,True
033420.pdf,8b54e2fc1a4eaddb50ba052b91bb88f390aca2060bf5f63aa6d504291f79cc77,033,77362,32,1.2,Acrobat PDFWriter 3.02 for Windows,28816,60,24,0,0,0,28732,,False
033526.pdf,cafc19e85dccbb17bfab80e025b993ab483458dda1ce674375fe4c7963c7b5b1,033,111235,47,1.2,Acrobat PDFWriter 2.0 for Macintosh,115786,0,0,0,0,0,115786,,True
033527.pdf,86afdda647007bd8ccd6c2faec67514faac168cc0e31ba528c14129d9fe5ce3c,033,1800860,28,1.4,Acrobat Distiller 6.0 (Windows),71233,0,0,0,0,0,71233,,True
033528.pdf,4b9842bd2d25c4a8610ab681cdd72a04f0d724a0e9a51d1ae8590026a3002cbd,033,50980,10,1.5,Acrobat Web Capture 6.0,21876,0,0,0,0,0,21876,,True
033529.pdf,dcab5c9f01de1326dac47696d15a550a1012a399ea1fefda903666fce4cd3a3d,033,1684345,28,1.3,Acrobat Distiller 5.0.5 (Windows),15266,0,0,0,0,159,15107,,False
033530.pdf,1f173df491fc2151d90a1ae5f9f72fdc258a68b8ef4c1de15e572244604c35ff,033,14338,1,1.3,Mac OS X 10.4.11 Quartz PDFContext,1155,0,0,0,0,0,1155,,True
033531.pdf,7596998882d524d97e0b17d5e200e1e2ffe6fd7a704dcb55053e38ba9c54aec9,033,1175797,31,1.4,Acrobat Distiller 6.0 (Windows),5167,0,0,0,1,4808,358,,False
033532.pdf,9411280906fc783863725248a3aa7d330adf49a15d1a95239013d1cbe42b86ac,033,81609,6,1.6,Acrobat Distiller 7.0.5 (Windows),7582,0,0,0,0,0,7582,,True
033533.pdf,39532cf60805614d70d362f03cde5161cbadbb87ad1fba58da6b4712e2b04906,033,1908606,17,1.3,GNU Ghostscript 7.05,40108,0,0,0,0,0,40108,,True
033534.pdf,9864b5757bdf882e1f9e9cc00720452b928e71fb6f66ec42c50651bd5f2cd90d,033,99678,2,1.3,Acrobat Distiller 5.0.5 (Windows),7487,0,0,0,0,0,7487,,True
033535.pdf,0633ee0411a332b348c62541b86c5a946d97fb0a33b3682798b6ad57313607ec,033,69035,7,1.4,Acrobat Distiller 4.0 for Macintosh,38491,0,0,0,0,268,38223,,False
033536.pdf,d2b64f310f8750dee321ed8f290e3aa4a550346653c282423cfcd8f80c270335,033,56255,2,1.3,Acrobat Distiller 4.0 for Windows,13371,0,0,0,0,214,13157,,False
033537.pdf,be2efb7426bbf5e53b9908135930708264c1aa79b5c0f94c0e9114f09cee40d9,033,723815,28,1.4,Acrobat Distiller 5.0.5 (Windows),13386,0,251,0,0,103,13032,,False
033539.pdf,c8751e7c6e116f4317568c582c4a9efb679e2a13d673df22a9824943812c655e,033,292380,19,1.3,Acrobat Distiller 4.0 for Macintosh,75677,0,0,0,0,143,75534,,False
033540.pdf,9e5e1b7439fdf4e3f00bc9a397b111b36a06d29485bbf24fa525e2ba6bd5dcfc,033,547978,15,1.2,Acrobat PDFWriter 4.05 for Windows NT,38308,0,0,0,0,0,38308,,True
033541.pdf,07c0f651deb59b1b6a9d57f86f5f10d6e96d26baea8ea433e2a1da48aba9fdc5,033,1055458,46,1.4,Acrobat Distiller 8.1.0 (Windows),20784,0,1,0,0,9842,10941,,False
033542.pdf,575bd618057942ee451415186aac3d84af9f7a644d9f3850712e08b3e6023fd1,033,41138,2,1.5,Acrobat Distiller 6.0.1 (Windows),10801,0,0,0,0,0,10801,,True
033543.pdf,ece9130827a4d5221b40cb3735777d5bcf40110a4147dac8fb110780ad1f19d7,033,15180,4,1.2,Acrobat PDFWriter 4.0 for Windows,8538,0,0,0,0,0,8538,,True
033545.pdf,9829455fe709a73383e6adac6a37f3050fe364fb8974babe6c54042b67dc442e,033,3688574,30,1.4,Adobe PDF Library 7.0,60736,0,8,0,0,482,60246,,False
033546.pdf,6aa3aa4b51f274a2ad5f477e2f8d85cd8cba877fb783d1e618c50fed3d9effbd,033,36706,6,1.2,Acrobat PDFWriter 4.0 for Windows,28476,0,0,0,0,2,28474,,False
033547.pdf,8587d930f6a3bf5da4ee3b7191f9e3e7ad345c50c3a061cd5a229c7b90f5bbe5,033,119357,22,1.3,Acrobat Distiller 4.05 for Windows,51078,0,0,0,0,0,51078,,True
033548.pdf,fd1bb1fc00f049db318f65ad3d4849e7df8f8e36985fe23db738e3c55ef3a190,033,212576,32,1.1,Acrobat Distiller 2.0 for Macintosh,81366,2640,0,0,229,32,78465,,False
033549.pdf,3bd16a99fd14111267a3087c2fdab37d6a894a11946bccfd92694d421665b2bd,033,140090,17,1.3,Acrobat Distiller 5.0.5 (Windows),28609,0,0,0,0,0,28609,,True
033550.pdf,ac17874a6ad76b64628c02435863063edb1baf1fa6411ad062d314300228f54b,033,86961,3,1.3,Acrobat Distiller 3.01 for Power Macintosh,11320,0,0,0,0,0,11320,,True
033551.pdf,7109ea834b43c551955dfdda26d1fde435d772d6622dd26a0970867580285f10,033,2527168,26,1.4,Acrobat Distiller 6.0 (Windows),65365,0,0,0,0,1,65364,,False
033552.pdf,0f1fb1a23fd02a35ac7aa0516649487fe44fffdd44ebe5f88b10dedd70352644,033,1611858,242,1.5,Acrobat Distiller 4.0 for Windows,509856,0,0,0,10,701,509145,,False
033553.pdf,39d85e69ffd3e7b66bd96f2e71b31039efd72221e45378d8a358dd12b5086003,033,339372,70,1.3,Acrobat Distiller 5.0 (Windows),146199,0,0,0,0,0,146199,,True
033554.pdf,c2d6aeeebd505b6664a6189acc6da8d03c6499c73b1bd0cae0a52faa82ad9f2b,033,192086,10,1.3,Acrobat PDFWriter 4.0 for Power Macintosh,53755,0,0,0,0,638,53117,,False
033555.pdf,7442d9b634deac559111bfbfa5c6801277028ba2d212ee77bb078b7de91ef38f,033,1853990,199,1.3,www.inputsolutions.com,319813,0,0,0,0,77,319736,,False
033556.pdf,219a566027f9d920a8f669aaa8bf578eb366c5d3e717077da2124761ddfe4718,033,1102851,54,1.5,Acrobat Distiller 5.0 (Windows),236962,0,0,0,0,0,236962,,True
033557.pdf,27e6509de5d110e79fdfd698af13897f28ce9222eb0e3fb6b78e586b2854f2af,033,152184,16,1.1,Acrobat Distiller 2.0 for Power Macintosh,45701,0,0,0,6,0,45695,,False
033558.pdf,2c7680f9a652efc81463c4443977e3a736e3c14de3ac98c8a62da4ef9ae2cda9,033,1058656,184,1.2,Acrobat Distiller 3.01 for Windows,0,0,0,0,0,0,0,IndexError: list index out of range,False
033559.pdf,f03153c47df8ff9d072669d8b27a4345a4077b44f205ffd7bd2c5884ffe023ea,033,551496,6,1.4,StampPDF Batch 2.7 for Solaris - SPDF 1045,31025,0,0,0,96,0,30929,,False
033560.pdf,d4570c9cdc0485e90f8967479e0e3759c84cc9890e723808454972ea44024f93,033,82223,4,1.4,Acrobat Distiller 6.0 (Windows),19448,0,0,0,5,9,19434,,False
033561.pdf,97d51af86b0caa912057b4b36d873a5e0caed5f8ed48a0688dbc82f70180a963,033,500965,11,1.4,Antenna House PDF Output Library 2.4.0 (Linux),27464,0,0,0,0,484,26980,,False
033563.pdf,de7041577138f5993ba2f7089fb8b4e5d535c6b2ca9dafd41f8247c37321caa2,033,197545,18,1.4,Acrobat Distiller 8.0.0 (Windows),34334,0,0,0,8,36,34290,,False
033564.pdf,6106ce708f4b459868f4693c1e8f870e6b5f71445fc8c6abd70b8b6ab4929116,033,30278,8,1.2,Acrobat PDFWriter 4.0 for Windows NT,27910,0,0,0,0,0,27910,,True
033565.pdf,34f9679c49459f5cffe6bc274474d28bfb96d111e8252949445252519f34f8f9,033,738194,27,1.5,Adobe PDF Library 7.0,79967,0,0,0,4,5787,74176,,False
033566.pdf,acbe12eab03a153234e7e3a40ce3222fcaa9c5dab10695891c41f28d099d88fe,033,291039,6,1.4,Acrobat Distiller 5.0.5 (Windows),26259,0,0,0,0,0,26259,,True
033567.pdf,be384b8cd1c691c383c0fc1d9da754a20b4adf6075eb2663f31e638a08a8e240,033,204381,16,1.3,Acrobat Distiller 5.0 (Windows),45173,0,0,0,0,0,45173,,True
033568.pdf,1c572323e3484b81ea7c721be98da3f6cb437268b99e1f115b3d0f4ea493f065,033,649012,16,1.4,Antenna House PDF Output Library 2.4.0 (Linux),37623,0,0,0,0,704,36919,,False
033569.pdf,d23f09900d9c09a7b06f8a06f766b9dc2ccb7aaea2b7730d01b9f4650622c9a4,033,881523,139,1.5,Acrobat Distiller 6.0.1 (Windows),313573,0,0,0,4,0,313569,,False
033570.pdf,545f783e14c534b86c04491138466d38d349affa14fbc896deb33b8561577441,033,4091137,110,1.6,Adobe Acrobat 8.1,191295,4,1,0,0,0,191290,,False
033571.pdf,eaa59ac5aced48107b4f570ef4d9a0d5bd8e8024202d4e8a4b4111615d9be577,033,95285,11,1.3,Acrobat Distiller 3.01 para Windows,47192,0,0,0,0,0,47192,,True
033572.pdf,3191362d3d60f5cb10917598c8ec4a58d783626f398e6f3a245c9c4e711e7f75,033,1746906,147,1.2,Acrobat PDFWriter 4.0 Windows NT,506918,0,0,0,0,0,506918,,True
033628.pdf,f4da5129d1ddd1241ecd2179b58730b7b09568840ce87e771ef792caddac57a0,033,320992,28,1.4,Acrobat Distiller 7.0.5 (Windows),50345,0,0,0,0,113,50232,,False
033629.pdf,6ab1d57eb8333113a98464183e7f5edf83b45e59ee834ee4a2852474a0b9f926,033,776269,13,1.4,Acrobat Distiller 7.0 (Windows),57064,0,0,0,0,0,57064,,True
033630.pdf,74288268c57bc598f27cc98f9ca7c91440105f868ca84aa789e10cecac996d7b,033,534786,123,1.4,Acrobat Distiller 5.0.5 (Windows),252435,0,0,0,0,0,252435,,True
033631.pdf,bc4c48ef88b9626ffddf82f8e18c4ba7e60851185dde830d6f1190609d554be7,033,272700,51,1.6,Acrobat Distiller 7.0.5 (Windows),130378,0,0,0,0,0,130378,,True
033655.pdf,a48f15c9399d4e56d397f3de4bb5386099ae80eebb19c37a9f7322681e50f28d,033,152307,6,1.4,Acrobat Distiller 6.0.1 (Windows),13986,0,0,0,0,0,13986,,True
033658.pdf,a5d57c578924015c33624fad58d61218942aaa6cae58972d1d14b11152b00050,033,1314012,83,1.5,Acrobat Distiller 5.0.5 (Windows),229688,0,0,0,0,0,229688,,True
033684.pdf,8c57621bc0ea8c5196ef3d63692637690dec85aa411b65d8ddb773c4e3a01332,033,252932,128,1.5,Acrobat Distiller 6.0 (Windows),203124,0,0,0,0,0,203124,,True
033685.pdf,2ae69a8056d98dabd58aa4727c017ea50be95e4c07d0f3c1358d7102e6b24066,033,457693,14,1.4,Acrobat Distiller 7.0.5 (Windows),23303,0,0,0,0,0,23303,,True
033686.pdf,582ed09e2c407358c633093177d578e820b1d633d6f1acfe3f57e15c0214a016,033,6518,1,1.4,Acrobat Distiller 6.0 (Windows),714,0,0,0,0,0,714,,True
033687.pdf,df346dde28b4143f3a629068a27ee411aa1ab8596906a8235aab96f5525bc5f8,033,546310,19,1.4,Antenna House PDF Output Library 2.4.0 (Linux),56346,0,0,0,0,836,55510,,False
033688.pdf,82b110ce3c3a470413a438573575145d1fb69c665c1f5ab19a2083802770a8f7,033,14630,1,1.4,Acrobat Distiller 8.1.0 (Windows),3021,0,0,0,0,0,3021,,True
033689.pdf,c4cdad752b3ee8e6bc65c384793d74f4db64ef27eb52bf9944e83d86e501306f,033,43028,3,1.6,Acrobat Distiller 7.0 (Windows),0,0,0,0,0,0,0,,True
033690.pdf,d451a9f216aa7fa6a438754de71f7b830b80793e00695670160290926eb972eb,033,239344,1,1.3,Acrobat Distiller 4.05 for Windows,2130,0,0,0,0,0,2130,,True
033691.pdf,6520f195620b75f5a3f921c0d5ceb9a80519154df2eadb32a87302815d0efcc8,033,351449,71,1.3,Acrobat Distiller 5.0.5 (Windows),523022,0,0,0,0,0,523022,,True
033692.pdf,a44eb721da03b1abc47bd1df5122ca53a7fb774292b3a36ec973f9b20aa4a7cc,033,22114,6,1.2,Acrobat PDFWriter 5.0 for Windows NT,12446,0,0,0,0,0,12446,,True
033693.pdf,c7cb97f9b4117373a7cdf57363fd58f2616b8bdf0b3d3127c28fba0ef7633437,033,18638,2,1.2,Acrobat Distiller 4.0 for Windows,3375,0,0,0,0,0,3375,,True
033694.pdf,7d2937f39d7cbbd519ffd8102a2180e1678d09b0964e553eb24116b7b06e49d1,033,61296,4,1.3,Acrobat Distiller 4.0 for Windows,28993,0,0,0,32,572,28421,,False
033695.pdf,d2ccdaa8387357e517c4c2693e4ead20be59fb700312db7a3611f6d65552ee07,033,3973555,173,1.4,Acrobat Distiller 5.0 (Windows),322277,0,0,0,0,0,322277,,True
033696.pdf,2e8f8eff5411e001f33332140dc3cfa060daf69ddc85a166c72e5b533015c156,033,238134,3,1.6,Acrobat Distiller 7.0.5 (Windows),13605,0,0,0,0,18,13587,,False
033697.pdf,6cf210801d97fe12cd3ae995b24c7a0c3574213931c4cb7cf6a3994503b6ece3,033,49329,2,1.2,Acrobat Distiller 4.0 for Windows,7304,0,0,0,0,236,7068,,False
033698.pdf,fe9ce1e65724b44dd82545baf3a1e83c408e0f879ddba45029b10018cf7b8050,033,1366475,4,1.5,Acrobat Distiller 7.0.5 (Windows),20077,0,0,0,0,379,19698,,False
033699.pdf,39831d05457c972d1093d14164f3abf2ade1d769b82c3a293c0b0a860915f812,033,41383,5,1.0,,33874,0,0,0,0,0,33874,,True
033700.pdf,1324aaa6c8354d27d3faacbfaaecf1548e4ba5199e8457599d4644c908150365,033,26984,4,1.2,Acrobat Net Distiller 1.0 for Windows,26821,0,0,0,0,0,26821,,True
033701.pdf,7f261924fa488f6ab5bc5f37728eb3a1c6e30781a0b937a1c627b7d0e9403826,033,394062,6,1.3,Acrobat Distiller 4.0 for Windows,23055,0,0,0,6,762,22293,,False
033702.pdf,cbdf5ae653af703c869760e769cdcfefeb9232b585db4a000350d4cb35fe4b27,033,112062,17,1.5,Acrobat Distiller 6.0 (Windows),51521,0,0,0,0,0,51521,,True
033703.pdf,b21f8bccdcb6fe75b0eca83d7083c07597dd63e0cad6d414788f8e222bd49bb4,033,373983,16,1.4,Acrobat Distiller 7.0.5 (Windows),28217,0,0,0,0,0,28217,,True
033704.pdf,c3133f3397be16d70232e823598126a56d6a6f42c1069e64dfbcdf9ceb3a1f89,033,2310543,62,1.4,Acrobat Distiller 7.0 (Windows),14845,1,31,0,0,8109,6732,,False
033705.pdf,384bd01451227d9b4a0f67d1023a4a607f7824726dd320b6ea964d10c358611c,033,297400,4,1.3,Adobe PDF Library 5.0,23444,48,0,0,0,0,23396,,False
033706.pdf,04de3c3a2ad62df22978ac5d71b259e6ab43e54cf2dbf588bcf016339748d909,033,50281,4,1.4,Acrobat Distiller 6.0.1 (Windows),6592,0,0,0,0,0,6592,,True
033707.pdf,241b447f89e7e694474c0e325e2ee693e6e017f2b5d11eb3d98212fb87422015,033,79782,29,1.5,Acrobat Distiller 6.0 (Windows),58165,0,0,0,0,0,58165,,True
033708.pdf,b8b79c2aa7f231d86ce0e141b35cebdcfe92fc7f4d4e4c308a5c6ab100edc08d,033,2509514,23,1.2,Acrobat PDFWriter 4.05 for Windows,9144,0,0,0,2,12,9130,,False
033710.pdf,59cbef43cc395d929d13639462f058f62734c30497fda1761deccf34cf1fb9db,033,134249,16,1.4,Acrobat Distiller 8.1.0 (Windows),6978,4,1,0,0,90,6883,,False
033711.pdf,2ecd896075b1f662ceacba94a8ffb1d87de1b0599a0ddf339948f5a09eea9537,033,11807,2,1.4,Acrobat Distiller 8.1.0 (Windows),5493,0,0,0,0,0,5493,,True
033712.pdf,8b7470dc9989b1532a4f2d718d465b4bf67c16755e152d2f6ea7de228ee8e7f3,033,105458,35,1.2,Corel PDF Engine Version 9.654,67195,0,0,0,0,0,67195,,True
033713.pdf,e10172ae43f2b8ddde262f3e7186a81def4a807c70b63e432815c6c2865f5640,033,750766,9,1.5,Acrobat Distiller 6.0.1 (Windows),25371,0,0,0,0,0,25371,,True
033714.pdf,012910d1f94bb6ad88cacafda7a6fd2cc0460a96bce50efeee74f45d1026d3fa,033,205870,24,1.1,Acrobat Distiller 2.1 for Windows,62659,0,0,0,58,224,62377,,False
033715.pdf,420ffcad67a8ba606853477b0b7cabf85b8fa8861f75038971124d004d656e2a,033,32072,11,1.2,Acrobat PDFWriter 3.02 for Windows,19904,0,0,0,0,0,19904,,True
033716.pdf,1f92842fbfcfbe61ac26353267afe7a44eede3085e6cb0c63e1bfd6a3d54258c,033,228365,20,1.2,Acrobat Distiller 2.1 for Windows,50268,0,0,0,18,302,49948,,False
033717.pdf,f0363ac1d3437cf4850c5c9b5e6e3665d115ce6d8ccd44c935fcbcf80e982ff7,033,51373,7,1.3,JAWS PDFLib,10051,0,0,0,0,0,10051,,True
033718.pdf,f87b50485cba589e9c5a2af177362f1f74b0f19600da5e07e7ce038ea8146c8d,033,395577,2,1.3,Acrobat Distiller 4.0 for Macintosh,6317,0,0,0,0,48,6269,,False
033719.pdf,182e4d5f11372f73c2affac7b1cea7246b93adc294c5e835272c97135bd3d662,033,127922,78,1.5,Oracle PDF driver,139915,0,0,0,0,0,139915,,True
033720.pdf,c4fada7f484551f7f43d64e472683c96d807337a002a1fddb9be78fde90476f9,033,429643,24,1.3,Acrobat Distiller 5.0 (Windows),42179,0,0,0,0,0,42179,,True
033721.pdf,033f9e4c801c0522e15a4ee27e03a99be269e76f057fc363dbeb462b59d820ec,033,148671,44,1.4,AFPL Ghostscript 8.54,164193,0,0,0,0,0,164193,,True
033722.pdf,e463122c1e4e6842c880e31f82a000306d32b1f5d8e701f9b7aac62356f7aa97,033,84985,18,1.1,Acrobat Distiller 2.1 for Windows,93258,0,0,0,0,0,93258,,True
033723.pdf,ebd87fc35003bb51eeccef36a4e80849354d07330ebcdb853fd7c70d00af7f06,033,62544,22,1.2,Acrobat PDFWriter 3.02 for Windows,39536,0,0,0,0,0,39536,,True
033724.pdf,5c04c654ef8351d4e71c114d315c4a22ee9fdb69216bbc653c501ea4b3613c0e,033,22991,9,1.2,Acrobat PDFWriter 4.0 for Windows,12407,0,0,0,0,0,12407,,True
033728.pdf,0fab46931893e2924594148ebc3cbb30ca6b26c27d43a5bbccd0cf9743a8a5c4,033,78826,46,1.2,Acrobat PDFWriter 5.0 for Windows NT,185974,0,0,0,0,0,185974,,True
033745.pdf,58520a9221be79abc56e8f1a1b05cd58261b37a987a5501f83d6da939099c678,033,138047,23,1.2,Corel PDF Engine Version 9.543,68622,0,0,0,0,0,68622,,True
033746.pdf,11f5284e0d28353084a9d462cfd7aba5c524380dab321ed509618a8559526fdc,033,56497,3,1.4,Acrobat Distiller 8.0.0 (Windows),8231,0,0,0,0,0,8231,,True
033749.pdf,643ba5948c2950ceb804c5f9648bc21f56706e01e6e577494b99c6ee01c9bf6a,033,44957,3,1.3,Acrobat Distiller 4.0 for Windows,20669,0,0,0,0,354,20315,,False
033750.pdf,537742cbcfe62cc07aba6b4dd3a9895a617f3657c734907710078c8001344d61,033,56313,8,1.4,Acrobat Distiller 5.0.5 (Windows),17966,0,0,0,0,0,17966,,True
033751.pdf,df8f1832fa1b72b33479026739e2d666a595d370db885e35db8f13058fc278b0,033,1023512,12,1.5,Acrobat Distiller 6.0.1 (Windows),27889,0,0,0,40,231,27618,,False
033758.pdf,e7daa2980fd0f5930350aa4ee7c360d9c40b07e336689d226345716087f2299d,033,89561,19,1.3,Corel PDF Engine Version 10.719,22712,0,0,0,0,0,22712,,True
033759.pdf,6661488ed71c36626128c8f41008daafadca2395de51af65baf120d8b42ce007,033,67543,5,1.6,Acrobat Distiller 8.1.0 (Windows),28502,0,0,0,0,0,28502,,True
033762.pdf,e4dc7c64d65ba453b9cc2f23ff54169aff30635eea807b36b6308adaf2593352,033,625637,528,1.2,Acrobat PDFWriter 4.05 for Windows NT,543701,0,0,0,0,0,543701,,True
033764.pdf,d57f88e4ee01ceff4ab2f85da8a6cdef170b7cf2f41c362a419c64e6aa695fd6,033,915395,16,1.4,Acrobat Distiller 5.0.5 (Windows),39939,0,0,0,130,0,39809,,False
033790.pdf,6ff81c93460a64b77232902fbef8ec46ff2511ac2d80295995f4a9b1593c56d3,033,13530,1,1.4,Acrobat Distiller 8.1.0 (Windows),1709,0,0,0,0,0,1709,,True
033791.pdf,fb417fe5c58f138ffc09cf86640504cc4be31aeb1e5c9aacc633735f6ce3e330,033,57026,2,1.5,Acrobat Distiller 6.0 (Windows),3071,0,0,0,0,0,3071,,True
033792.pdf,cfe312cecff3e53ed1443682de3d4cc7ff3a579143a88ed08ee5edacc8e2675f,033,482901,4,1.4,Acrobat Distiller 6.0.1 (Windows),6600,0,0,0,0,0,6600,,True
033793.pdf,fed07d8be76b25a6eb97de05f4f72954690eb6115298fc4cd7f6c00acf84ce00,033,892030,10,1.4,Acrobat Distiller 7.0.5 (Windows),26511,0,0,0,0,12,26499,,False
033794.pdf,5dffc13eaac3f89da4491392b27d627f1e578df1bd39adc2bbd624691c0da2a2,033,300759,7,1.2,Acrobat Distiller 3.01 for Power Macintosh,28508,0,0,0,0,0,28508,,True
033795.pdf,572238394fec9972212cdaddc827fe6e893bac6fbe8054807cc8b94e065c71e5,033,17126,3,1.2,Acrobat PDFWriter 3.02 for Windows,8522,0,0,0,0,0,8522,,True
033796.pdf,d1febb43c39a28661c87b89dc653ed3638d8cb61da21d98f803287c51cad0244,033,459655,20,1.1,Acrobat Distiller 2.1 for Windows,66751,0,0,0,0,0,66751,,True
033797.pdf,5c594b6212b68e0e223b03f68f52699db8088641a76d2d344ad1802283e0442b,033,250177,17,1.4,Acrobat Distiller 7.0.5 (Windows),52245,0,0,0,0,0,52245,,True
033798.pdf,546f14d860e558eba70034b0872d6553b335472785e47daa3bbfc9e36cff696e,033,174198,2,1.4,Acrobat Distiller 6.0 (Windows),6724,0,0,0,0,143,6581,,False
033799.pdf,e6460f73eca3b459446d6f32bae4c3418fab62fff93e6656b47cdecd12128d6d,033,127319,14,1.4,Acrobat Distiller 8.0.0 (Windows),34436,0,3,0,0,0,34433,,False
033800.pdf,89ea3eec24589ad7ca302594b49c1e371855e373ac8b2c927e511404330eb7e7,033,219128,2,1.3,Mac OS X 10.4.6 Quartz PDFContext,9788,0,0,0,0,0,9788,,True
033801.pdf,71492ebc28897cde041715c3f140539e26db0e5a8730958cc2a94d0f52d29dd9,033,4370270,83,1.4,Acrobat Distiller 7.0.5 for Macintosh,149337,0,0,0,125,0,149212,,False
033802.pdf,ff5fa5fe314ed75696f2283c9d2496ec1e96c86e6adc7689e1be20a005073060,033,67134,20,1.2,Acrobat PDFWriter 3.02 for Windows,0,0,0,0,0,0,0,AssertionError: Invalid octal b'610' (392),False
033803.pdf,6868e15d34b136f3616323732f5c8960dcfa750ac45238e746368748bc43751c,033,1524438,23,1.4,OpenOffice.org 2.0,7230,0,32,0,0,6838,384,,False
033804.pdf,050bc091786285ff4f024b534351e76535272d414b2cd708d1e448836bec923a,033,112360,20,1.4,Acrobat Distiller 7.0.5 (Windows),63948,0,0,0,0,0,63948,,True
033806.pdf,fd5f4018a4c762b54644254049e32e09c19ab6fdff38c81ed814c6c8df4b79cb,033,165955,11,1.3,PDFlib PLOP 2.0.0p6 (SunOS)/Acrobat Distiller 6.0 for Macintosh,25414,0,0,0,0,0,25414,,True
033807.pdf,480db71005f49c729790fff40b4e329d63977512451b613a1bf1b28577e238da,033,91762,36,1.2,Acrobat PDFWriter 5.0 for Windows NT,20062,0,0,0,0,1195,18867,,False
033808.pdf,84888b704386f3f729c0236a2d2d2af1d8246d4a10bfae447ba5af028f407853,033,681661,46,1.5,Acrobat Distiller 7.0.5 (Windows),96359,0,0,0,3,219,96137,,False
033810.pdf,1af71a5aaf78061a0e7a7eafbdbb26a091ed432b343d3bb0b0489d27b0afae24,033,450969,64,1.4,Acrobat Distiller 6.0.1 (Windows),195483,0,0,0,0,0,195483,,True
033811.pdf,d5440b51cfa0d7704a21f65b6d95af8dee6bce117360ef683d3e8a1b0818348a,033,152762,3,1.4,Acrobat Distiller 5.0.5 (Windows),24088,0,0,0,0,0,24088,,True
033812.pdf,2eccc77270c507b1a27d00ea5dd5e320e8c6bc316589cb66b248554c9469645d,033,147645,30,1.4,Acrobat Distiller 7.0.5 (Windows),49122,0,0,0,0,0,49122,,True
033813.pdf,244d2399ee02454cf69a9f440e6dcbe44aa7f695f4f9bc8e48287a448b27f398,033,439456,68,1.5,Acrobat Distiller 6.0.1 (Windows),208288,0,0,0,0,0,208288,,True
033814.pdf,2c9bafe8024514f6dca0513cab1591cc0d87dcad4e6b40bd9b1e3e2e259e3ce1,033,2697704,36,1.4,Acrobat Distiller 6.0 (Windows),59988,0,0,0,0,17,59971,,False
033815.pdf,6d9adeb3b6f5a79303f80ac7bd92fb91724c1cf1b23a927f99d2a84d727711d5,033,2917614,149,1.4,Acrobat Distiller 5.0.5 (Windows),449280,0,0,0,0,2283,446997,,False
033816.pdf,7944492f4bf29d745f8989f3744fafc2b5d5219506d4e205dade650dd11bee2f,033,375925,11,1.2,Acrobat Distiller 3.0 for Power Macintosh,35728,0,0,0,0,0,35728,,True
033817.pdf,0286beca6ec439de621a2ff43fb4fddeb6aa4dc7701b4bf4e2b3764dcf078066,033,839456,44,1.3,Acrobat Distiller 5.0.5 (Windows),103655,0,0,0,0,0,103655,,True
033818.pdf,692d0c1d5258a6bb9f74d36c664dd2bee3977ccdf33b19c8647bd525692179de,033,287634,17,1.4,Acrobat Distiller 5.0.5 (Windows),46269,0,0,0,61,0,46208,,False
033819.pdf,a14ffef0f3a692c35fc59120e3acafe8fee5f5b507df6e6535efebce9834a3f6,033,133461,28,1.4,GPL Ghostscript 8.54,64987,0,0,0,0,0,64987,,True
033820.pdf,c2ec50a4fad5147ab23f0423ea1bad2b02a6c50d32fc877362b4c133c3a873da,033,66894,10,1.3,AFPL Ghostscript 8.13,8772,0,0,0,0,0,8772,,True
033821.pdf,c819dc6358f8523dfd1ed3c37e60e67dc1c7a8941f62a3549918e10fc8c152d4,033,42869,14,1.2,Acrobat PDFWriter 5.0 for Windows NT,15296,0,0,0,0,0,15296,,True
033823.pdf,746d357dab764924116bc618a6ba414c52d7e592b08ed583636977fc096208e2,033,1611101,6,1.3,Acrobat Distiller 5.0 (Windows),14336,0,0,0,0,0,14336,,True
033946.pdf,57b17e37003b2ecf6fe6b55f4026e589a5832e8ab77bc1f12f1d17fb2f33d247,033,854719,78,1.3,GNU Ghostscript 7.06,247373,0,0,0,0,433,246940,,False
033962.pdf,6877d9aeb1952d28a3cae936d173d53f22fb6c455837c4c755ebdc58499fb0af,033,101242,17,1.5,Acrobat Distiller 6.0 (Windows),31704,0,0,0,0,0,31704,,True
033996.pdf,aae73ebc993e00bc8899172c7a8eb8ab1db8aca4ff8dae4b297d78f54ad909d9,033,2498497,138,1.3,Acrobat Web Capture 4.0,155998,0,0,0,0,417,155581,,False
085000.pdf,54664f29baaf9aab6c3db374271cc7f4007f1ff6a2d65f90daa33256f7a58d0c,085,205019,6,1.6,Acrobat Distiller 7.0 (Windows),3791,0,0,0,0,16,3775,,False
085001.pdf,9fc02fe5fd26400158f61634692f409550a8ff5cf6870886a5e1036ec883d7af,085,112570,53,1.4,Acrobat Distiller 7.0.5 (Windows),83087,0,0,0,0,0,83087,,True
085002.pdf,7df074ba59730442de131b64f7341e644404f1d2d4edfa554c211c00a4dbf999,085,167243,39,1.3,Acrobat Distiller 5.0.5 (Windows),75790,0,0,0,0,0,75790,,True
085003.pdf,b8f63c42104a146b6c963a2d1559ed3b603447a61d41d6f2c5c3cda04ae12a5c,085,145951,1,1.5,Microsoft® Office Word 2007,2633,0,0,0,0,0,2633,,True
085004.pdf,6dd235e62ec9da04e223d8f1f66e5cf2c2376932422187051ec5a16c921e15cc,085,652213,247,1.2,Corel PDF Engine Version 9.654,387906,0,0,0,0,0,387906,,True
085005.pdf,91c29078d4b878e638b118852480e44bfa2efe6cb0e1168ab57d216ecc7b34fa,085,2605502,24,1.4,Acrobat Distiller 6.0.1 (Windows),6688,0,1,0,0,0,6687,,False
085006.pdf,0e0f279e551665e9447d7af8e4b877bbc1e2616b79f7339bfe8c92c8f6532eca,085,242285,2,1.5,Microsoft® Office Word 2007,6442,0,0,0,0,0,6442,,True
085075.pdf,21e7fb35409ea9ea11578f4f6bf30775af4d980b807a51082c5d02f471b90026,085,2814688,22,1.4,Acrobat Distiller 7.0.5 (Windows),4797,0,53,0,0,27,4717,,False
085076.pdf,f21000c55c8c1e9b67865a106533d4cb23fa12ecb8e2b542918e96f1ebd73c32,085,317363,22,1.2,Acrobat Distiller 4.05 for Sparc Solaris,87607,0,0,0,0,0,87607,,True
085078.pdf,f712adfcc7cfc8ddb4184c3aeba79fe2c50d004a650286f6a407bfb37d3c0987,085,350492,11,1.4,Acrobat Distiller 5.0.5 (Windows),27965,0,0,0,0,0,27965,,True
085079.pdf,cb04a044d5a551c6baa72dcd29d6349b0283f77367ae07241d1ff27c39ac84ef,085,44210,11,1.5,Acrobat Distiller 6.0 (Windows),28505,0,0,0,0,0,28505,,True
085080.pdf,28a126b0c751ba061324da28fc4d3bf1881e2d128aec1c4362b60fe287ecac51,085,722460,28,1.3,Acrobat Distiller 7.0 (Windows),10156,0,0,0,0,0,10156,,True
085081.pdf,9b8140e703a5e584456cd0ebff47a95d033e84f6e7d4de9893031c9766f6ff8d,085,1819439,79,1.4,Acrobat Distiller 5.0 (Windows),169189,0,0,0,0,0,169189,,True
085082.pdf,1c3b9e7d0de3680f44e53ec59b13acbc74ec5408453c7c1c687cdb70ec59023b,085,1945521,16,1.5,Adobe PDF Library 5.0,65594,237,0,0,0,1706,63651,,False
085084.pdf,4d8d3104e131b32e9f40b0e7814dfa7295a38e066e7b3905d336355d1266aa07,085,22269,4,1.4,Acrobat Distiller 6.0 (Windows),11285,0,0,0,0,0,11285,,True
085085.pdf,34d0d7f1504a52830e8799143ad84dfc9a282a57d17c14a5547aca5e87c74fc3,085,1938574,46,1.4,Acrobat Distiller 7.0 (Windows),95331,0,0,0,0,96,95235,,False
085086.pdf,6968f41dc9a30a8d03021f8708a261c54b8dcc41602fe9a5ad84edb348d3dbd5,085,1528951,13,1.4,Acrobat Distiller 7.0 (Windows),27046,0,0,0,0,0,27046,,True
085089.pdf,bdb98e54e2c44dc89b56dba8a0fea22a233a47c927e432341062e82dca6dca38,085,1543362,28,1.3,Acrobat Distiller 5.0.5 (Windows),76276,0,0,0,253,0,76023,,False
085091.pdf,5fbe8215c27603aed72ecf17772712f321455ba86057fac2063b277ca18b7862,085,3846138,124,1.2,Acrobat Distiller 4.0 for Windows,157308,0,0,0,577,38,156693,,False
085094.pdf,a39c01ccb563470668556155ad515cad59b2b6cd6786235995eead6fa49bfd85,085,414118,45,1.2,Acrobat PDFWriter 3.03 for Windows,94111,0,0,655,0,0,93456,,False
085095.pdf,fc29746c16d45e8a2bc207dab1949007f27785208171a6cd96bcbb8a42fcb986,085,2818792,59,1.6,Acrobat Distiller 8.1.0 (Windows),163620,0,0,0,7,41,163572,,False
085097.pdf,62050a3229c76a09ba7de4d6586326345632f3a3f7589620197e46d2ef18fc6a,085,48522,2,1.2,Acrobat Distiller 4.0 for Windows,6555,0,0,0,0,236,6319,,False
085098.pdf,9b47b9df67a678a927ae00f46945ccfe1c19e39328f2c58154dc2385f720184a,085,34152,1,1.2,Acrobat Distiller 4.0 for Windows,3278,0,0,0,0,118,3160,,False
085099.pdf,9a393959324a2782880f7898ec07a326e657b8c5c96391286170548a0f30e2fe,085,112191,2,1.3,"Etymon PJ 1.10, Copyright (C) 1998-2000 Etymon Systems, Inc. <http://www.etymon.com/>. ",4024,0,0,4024,0,0,0,,False
085101.pdf,ca1202af27f4e5794cbb8a96ff3372f22f5fc06c38d640ec1ccb5038411ac2e0,085,228203,2,1.4,Adobe PDF Library 7.0,7955,0,0,0,11,277,7667,,False
085118.pdf,712d30fe001395748473e46d5c9645b08fc9c6efe74be5dd2893a60d3cb49c29,085,59863,14,1.2,ESP Ghostscript 7.05,6006,0,0,0,0,0,6006,,True
085146.pdf,bd41606ab605e3d91191e3551e0962a512954bff5eddbf76a73e15e0fc825629,085,131656,3,1.4,Acrobat Distiller 6.0 (Windows),11481,0,0,0,0,0,11481,,True
085147.pdf,cc2b20b10835f161a2b5a577ff4be3857fe872b108089100f2615534ec702c96,085,11271,2,1.5,Acrobat Distiller 6.0 (Windows),2762,0,0,0,0,0,2762,,True
085149.pdf,001fe211f8e2d2ee9b2c3101d196632b27715d322155e737c3fb7a2d8b540502,085,34657,2,1.4,Acrobat Distiller 7.0 (Windows),3187,0,0,0,0,0,3187,,True
085151.pdf,205bd9b105bff173d21033e04dc24dc83040840bbdf643916aa0724b8578b2a8,085,202875,20,1.4,Acrobat Distiller 7.0 (Windows),51239,13,2,0,111,0,51126,,False
085152.pdf,4520955807bbb8821fcf1e4a1535d4d2fa9b802b45c3bc4bf1d094e38c05081e,085,142392,24,1.4,Acrobat Distiller 8.0.0 (Windows),70194,0,0,0,88,0,70106,,False
085153.pdf,820949e795fb05b7cc26b96fd693ef8aceae730ce09c25b40275e28f67103708,085,48127,4,1.4,Acrobat Distiller 7.0 (Windows),6938,0,0,0,0,0,6938,,True
085154.pdf,4e20e874c0fe83293a14aa67c2f09774710bf8de297976e1e5211a2a2135f0d5,085,49574,4,1.4,Acrobat Distiller 7.0 (Windows),7302,0,0,0,0,242,7060,,False
085156.pdf,8f21c0b49f750932d7086e638d7a1627357311244908f8fa8f0535d0993e12c4,085,2017742,23,1.4,Acrobat Distiller 5.0.5 (Windows),38197,0,0,0,2,0,38195,,False
085157.pdf,d3fde189f2044715aa9628e74d12d50bf35b22360ee9c569b67a325d23bf4ed8,085,222272,24,1.3,JAWS PDFLib,33367,0,0,0,0,0,33367,,True
085158.pdf,83f930e0f11506fb42ceaa57e735ab247a20bd31eb52e5588a112ed8fd5bff7a,085,119580,12,1.4,Corel PDF Engine Version 11.4.0.100,24997,0,0,0,0,0,24997,,True
085159.pdf,09be4746112433871c03f4dd1eb5f28284d570dc8cd246f5e21479075e698c31,085,1367028,46,1.5,Acrobat Distiller 5.0 (Windows),87576,0,0,0,0,0,87576,,True
085160.pdf,b80995d2164eeea1602b8052d216a4c4decc23afa2f0c656581beb6145a9547c,085,69123,18,1.2,Corel PDF Engine Version 9.654,25944,0,0,0,0,0,25944,,True
085161.pdf,cd8261932dab3b53ae62d5c37f692d49979584d419931311c76ea38f4dc52024,085,134594,23,1.7,Acrobat Distiller 8.1.0 (Windows),40627,0,0,0,0,0,40627,,True
085162.pdf,11b9adbf5523cd29865934124690fc981136b229bc3506c662342a3a939aad2f,085,102620,23,1.4,Acrobat Distiller 8.1.0 (Windows),92217,0,0,0,0,0,92217,,True
085163.pdf,67691fbe3fd88695d13dabddefa098c4969cf98b59dd91c8962ee12385d084d3,085,40994,20,1.2,Acrobat PDFWriter 3.02 for Windows NT,26412,0,0,0,0,0,26412,,True
085164.pdf,a80bcc8c40891108e7cd4b71fdbb48f4687fedb7558780b0fe5a67925af62da7,085,78321,14,1.6,ECMP5,28688,0,0,0,0,0,28688,,True
085165.pdf,d60751421f57df4f0c1e8b38f3ea1a1a8ea24c940c159d1de2d68102c9337d23,085,306769,267,1.4,Acrobat Distiller 7.0.5 (Windows),322806,0,0,0,0,0,322806,,True
085166.pdf,db9611fba8d09cbe2b975a761d4919fe9530a22e43138936e04ef963c1d7433d,085,109290,17,1.5,Acrobat Distiller 6.0 (Windows),45252,0,0,0,0,306,44946,,False
085167.pdf,f0b5ae2fc4455e9b4ac91b6a0baa42385e873e905f092a225dea311ea08ffe03,085,2361344,35,1.2,Acrobat Distiller 4.0 for Macintosh,116838,12,0,0,0,12,116826,,False
085220.pdf,635c5a05d46c4352cb67f4c34dd898972a9237272115474cabdfbf0d68f5c9a5,085,497209,58,1.4,Acrobat Distiller 6.0.1 (Windows),95192,0,0,0,0,0,95192,,True
085226.pdf,093aadda13000d61ca4d0d21d8566fced67439df9ba78ed3970036766624adb9,085,45459,8,1.4,Acrobat Distiller 8.1.0 (Windows),9132,0,0,0,6,0,9126,,False
085229.pdf,4927314523f00a0eda592a84278a1b539921b29bc8baf42b5cffc11fbf1530c5,085,2070137,124,1.5,Acrobat Distiller 6.0 (Windows),297557,0,1,0,0,0,297556,,False
085233.pdf,7772e83529d1c11367dc4693991dd29316142985c880fdae95da8ff98036d22c,085,1401418,40,1.6,Adobe PDF Library 8.0,114843,0,0,0,417,145,114281,,False
085234.pdf,119afaca8945b4a58eb6c3ed87579fe9f40abe03bb9f7dbbd544a5951ead8313,085,1506372,105,1.4,Acrobat Distiller 7.0.5 (Windows),179749,0,0,0,1,0,179748,,False
085239.pdf,1d4844126abdb9ee7f16e1d429e56fe5bf2eb03271acbd95bee8f7ccabc2a78b,085,65091,22,1.2,Acrobat PDFWriter 5.0 for Windows NT,63752,0,0,0,0,0,63752,,True
085240.pdf,ccd07cc6fe5d44944ddd9b1bf4d06e77bb2df0351ed4bed9c182f4d097b41879,085,168784,26,1.4,Acrobat Distiller 7.0 (Windows),76756,0,0,0,2,0,76754,,False
085242.pdf,5648ba2be9320408014853f55e2d67441757e3fc543a888933bf701b44760219,085,22228,5,1.3,Acrobat PDFWriter 4.0 for Windows,16828,0,0,0,0,0,16828,,True
085246.pdf,2d8c3a1abe7837652ee6087a42fd76f0db8054eefb45b238114ae3b77ee3827f,085,1330696,211,1.3,Acrobat PDFWriter 4.05 for Windows,439894,0,0,0,249,354,439291,,False
085248.pdf,9e0d5eb3359c1bce6c5ff5b335ff51ddc188a84943e42572db75a0b41fafe784,085,3661833,66,1.4,Acrobat Distiller 7.0 (Windows),128102,0,0,0,0,0,128102,,True
085250.pdf,f7dee8dc745327cc4606e8c1129d6a710af06a8123b7d24e0513fc5020b7e28b,085,1657177,52,1.4,Acrobat Distiller 5.0 (Windows),80329,0,0,355,0,0,79974,,False
085252.pdf,fd6f45a37b8065fed7a3b8a8b51f63e3264454958f6e432b30c42f73b88144e9,085,475857,41,1.3,Normalizer 5.0.5 fmnorm,152477,0,0,0,9,0,152468,,False
085253.pdf,cfeb8e4b45b07c25bfd26117b9e72598381ccd9ce2cfe38e04f55575d65c75eb,085,566657,45,1.2,Acrobat Distiller 3.01 for Windows,159253,0,0,0,2,0,159251,,False
085254.pdf,92da6adb28bbf39c57a2f1775b51ff723c378529d98f25f407919e523d3543cd,085,1898488,66,1.4,,140978,0,0,0,0,32,140946,,False
085259.pdf,f53788f82ef17d5406e2d5e7defe6e597a8967ce86aee049218adb8d0bf522b8,085,2051097,45,1.4,Acrobat Distiller 6.0 (Windows),90523,0,0,0,120,0,90403,,False
085260.pdf,b1f9bb19667c7414b196612f584bb246cfdca520984c055f65b7b7f6449a2397,085,719857,92,1.4,Acrobat Distiller 6.0 (Windows),192633,0,0,0,0,0,192633,,True
085261.pdf,babda32f9a2c80f52f0db58ca6d00ec3b9c767a95ca0b4d054cc77e545a897cb,085,57994,12,1.4,Acrobat Distiller 7.0.5 (Windows),23685,0,0,0,0,0,23685,,True
085269.pdf,0315db5bf4da05362a8dbb49a5dc8beecc179191e1840c021b784c5eac9e8651,085,96574,7,1.5,Microsoft® Office Word 2007,18025,0,0,0,0,0,18025,,True
085271.pdf,1e66fe1fde2e68359f071c50033e1c5de78e22d9f9669cc3ad0637449b08b7a0,085,4355245,45,1.3,Acrobat Distiller 5.0.5 (Windows),82577,0,0,0,7,0,82570,,False
085272.pdf,762dab6f4ddc8340a26d6b172709e65dbf96d2868e7557f021909d2af4e39b61,085,158224,18,1.4,Acrobat Distiller 7.0 (Windows),42085,0,0,0,0,0,42085,,True
085273.pdf,3d3bb93590ffe7d00de6808f1203ebd6fd22e864752e2e97606181c1bf4e2b30,085,408156,15,1.6,Acrobat Distiller 5.0.5 (Windows),33042,0,0,0,0,0,33042,,True
085274.pdf,4537018fd92edd2e63eda79856a4e5c1bf8568766b7b055917649176bd3fb6fa,085,129844,4,1.5,Adobe Acrobat 6.0 Paper Capture,0,0,0,0,0,0,0,,True
085275.pdf,b1faf52e46d6f13a5a537ac075d2fd0f75105e58d471a18c777f1fedd419234e,085,111813,2,1.3,Acrobat Distiller 5.0 (Windows),1873,0,0,0,0,0,1873,,True
085276.pdf,38e21a695ed3c82d6b7deaa3bbfe82d0b30d72811237997570dfba2f960382af,085,672594,7,1.2,Acrobat PDFWriter 3.02 for Windows,16687,0,0,0,0,18,16669,,False
085277.pdf,588e1f4201d9c9c210e990b51da43abb0d708b15fba7763279416283fba8baf5,085,48873,1,1.4,iText 1.3 by lowagie.com (based on itext-paulo-153),3350,0,0,0,0,0,3350,,True
085279.pdf,92beece9f696b5f4da908d1f23a66a0028f8d8a763d7f80ae407d407ecbb9aa9,085,226713,86,1.2,Acrobat Distiller 4.05 for Windows,194437,0,0,0,0,0,194437,,True
085280.pdf,4c178e2cb731d1fc985966783ebf67250818591a8174d7fc6d0f2f2ae388e02d,085,806943,76,1.6,Acrobat Distiller 4.05 for Windows,144074,0,0,11066,1,0,133008,,False
085281.pdf,8092f4459ad85c5900df1cee6cc854f43c5982cfc5a91268fd06096b98f0a250,085,175666,25,1.4,Acrobat Distiller 8.1.0 (Windows),62007,0,0,0,0,0,62007,,True
085283.pdf,90238de4715d87261442bf340b82c291811da31fd3b5cde380cb7df67598c4d8,085,2198,1,1.3,,1251,0,0,0,0,0,1251,,True
085284.pdf,926a29e00a9c96fa1c714b3294c8714dcee3670696391fb599e059d142cd021e,085,242320,2,1.4,Acrobat Distiller 6.0.1 (Windows),2229,0,0,0,0,0,2229,,True
085285.pdf,7065fd3ea8aa13bd4d778e0eb368ba20fd11baaf407a66ee52b7aba7e743d1fa,085,277641,5,1.4,Acrobat Distiller 7.0 (Windows),12497,0,0,0,0,99,12398,,False
085287.pdf,acb4c97e8e651831985612c17c02978b4d259c870f734f0fd527150911220952,085,46027,1,1.4,Acrobat Distiller 6.0 (Windows),1564,0,0,0,0,0,1564,,True
085288.pdf,1d2d141dfe07d6908d7d7c3b21a2b4414dcbc3fb0bd8d6bac1f519a047292cb7,085,273368,2,1.3,Acrobat Distiller 3.01 for Power Macintosh,10433,0,0,0,0,0,10433,,True
085289.pdf,383295ec1ce15dc89ad1a057c8c8c1d20236d9ffe00c1696ca90746ad58c6c0c,085,83046,9,1.4,Acrobat Distiller 4.0 for Macintosh,10261,0,0,0,225,0,10036,,False
085290.pdf,edf94e48e266d5046f3048e46ffa5eb801af2fc953b49c0941b655d5358659d8,085,554000,4,1.3,Adobe PDF Library 6.0,8878,0,0,0,0,0,8878,,True
085291.pdf,21d0753b936b44e0e36469abfb3d18cdb4fbf4a9e3f65f10e77c5a5abebe783f,085,179921,8,1.1,Acrobat Distiller 3.02,16796,0,0,0,0,0,16796,,True
085292.pdf,d2524e22b5218b46559c3967f85976436ac9e726450f66f8b356e6203c82e07e,085,93340,15,1.1,Acrobat PDFWriter 2.01 for Windows,43478,0,0,0,0,0,43478,,True
085293.pdf,68ffb6b08563ff7a06404db78178e40ee6828709185e287a2012d017f1d06eb1,085,1978950,57,1.6,GNU Ghostscript 7.06,58110,0,0,0,0,1,58109,,False
085294.pdf,b6ca9ccfcc9b98ce88693131a5883a5048e885c0c10749af8eacfcd5f784da4e,085,974895,82,1.6,Acrobat Distiller 7.0 (Windows),165442,0,0,0,64,0,165378,,False
085295.pdf,c6f0f4c9c440ebfcc95796bf42d3f89d804ff9d7bc5ac510affe0f6df3cc5377,085,8579,2,1.1,Acrobat Distiller 3.01 for Windows,3272,0,0,0,0,0,3272,,True
085296.pdf,a1a495f6405dca170b74e5a6b6332d31889d6fd3d6179e25a7f3f9f35d89d65d,085,299281,6,1.4,Microsoft® Office Word 2007,7826,0,0,0,0,0,7826,,True
085297.pdf,9a336356a06da195c3c9810376bf8c3a86f15ba7259fca2803a936df09504bc3,085,346022,1,1.4,Acrobat Distiller 7.0 (Windows),3530,0,0,0,0,16,3514,,False
085298.pdf,a4cc074a850b4bb088ceca767bb8da0de987826c1f0c58accb69a02e75dff176,085,694531,91,1.5,Acrobat Distiller 5.0.5 for Macintosh,142662,0,0,0,0,343,142319,,False
085299.pdf,dc6126aa11c8e6a5dd56e365c65f006ec0f4e19cc309237cfc6df620af83c373,085,48863,12,1.4,Acrobat Distiller 7.0 (Windows),15309,0,0,0,0,0,15309,,True
085300.pdf,4b4a92769afbe16179d968c9da8599cc48ae1bf250e385e20ab3f3e19eff5c1b,085,3828563,33,1.4,Acrobat Distiller 5.0 (Windows),97268,0,0,0,0,0,97268,,True
085301.pdf,bbac3c2b1e70cd15090c87cf889a040bec9ccf0ca691f7f84ce9c78bbcc21cfd,085,134406,4,1.3,Acrobat Distiller 5.0.5 for Macintosh,22489,0,0,0,0,72,22417,,False
085302.pdf,6baa6a25c0e00c0e363d8d5a21165e638929ed22c3fa192dd2d02c58f8dfc7bb,085,135519,1,1.4,Acrobat Distiller 6.0.1 (Windows),2700,0,0,0,0,0,2700,,True
085303.pdf,04b03f99d48bf8cf793dc6c616431d89c429eb3dfe8b28d0d0944300f8d4be3b,085,172850,3,1.4,Acrobat Distiller 8.1.0 (Windows),6692,0,0,0,0,57,6635,,False
085323.pdf,c9a8230e94df31f7526c54c39dd8bd58b2790ebb886b67e5f8389021568b8dbd,085,1552304,55,1.2,Acrobat PDFWriter 4.0 for Windows NT,82362,0,0,0,135,258,82047,,False
085329.pdf,8bb55dfe2a755c9536f7505808a72ed7c097f1a117ea50f8e8c1bcaed87b417d,085,941062,12,1.3,"Etymon PJ 1.10, Copyright (C) 1998-2000 Etymon Systems, Inc. <http://www.etymon.com/>. ",24993,0,0,24993,0,0,0,,False
085432.pdf,5ecd1a8fde6f2d7aede4e33fd648064bbd9a2d095c940d7aa9bd828687a694d4,085,1908941,56,1.3,Acrobat 5.0 Scan Plug-in for Windows,0,0,0,0,0,0,0,,True
085435.pdf,7d672f83fea01c0803c77116cc507be7b52c6a5dd64b9862781fd92a0eca11d2,085,1818247,19,1.4,Acrobat 5.0 Scan Plug-in for Windows,0,0,0,0,0,0,0,,True
085438.pdf,fda6e5f2552bf477af0a420e13681ed3699d96ee295bc89a1fc6002411993dca,085,1868014,75,1.4,Adobe PDF Library 8.0,283312,336,0,337,0,189,282786,,False
085443.pdf,f898d38a356e8860384bb1c6c955791e432ebc3afb9cef131256409dbd32d74b,085,697627,121,1.4,Acrobat Distiller 8.1.0 (Windows),302428,0,0,0,0,0,302428,,True
085444.pdf,a0e560525d11ff386f2cc13b61632a0931fd9f8d53758bc1b7b8324baad34968,085,359307,103,1.4,Acrobat Distiller 6.0 (Windows),303825,0,0,0,317,0,303508,,False
085447.pdf,776569d5edc2376140b0958482dcacacad84a11e9af48686c0c65a7d82c7440c,085,41297,2,1.6,Acrobat Distiller 7.0.5 (Windows),8514,0,0,0,22,276,8238,,False
085451.pdf,077b9c6b975d8583674427a4c3d48a05ddf88aeeddee65a0943917c137cabd08,085,36061,1,1.2,Acrobat Distiller 4.0 for Windows,3804,0,0,0,0,118,3686,,False
085452.pdf,edaedc6eccbdf24094c12ddb33b6bf4b3bb0ddeabf6b6856dcb44e278a44ad9c,085,661374,25,1.4,Acrobat Distiller 6.0 (Windows),7949,0,30,0,0,0,7919,,False
085453.pdf,7024020b35c331925472f3fa56dfb77ab7ab342ef5e73f9a2d6a632922b3a1d1,085,423008,22,1.5,Acrobat Distiller 6.0 (Windows),16618,0,0,0,0,1,16617,,False
085454.pdf,7ad90bd2a5de8b3981a9859bd67d60b807df9b06284b99f6bd681c4087de71b8,085,2088934,107,1.4,Acrobat Distiller 6.0 (Windows),316886,0,0,0,0,0,316886,,True
085455.pdf,f7498ee3bd7b9e2838aa745803461af4fd24085a6da2e5f6030d281db727f784,085,3642279,178,1.5,Acrobat Distiller 5.0 (Windows),434772,0,0,0,2,0,434770,,False
085456.pdf,c460201e2750a466c7728e03e9f00ce94b1593a0ba16aff27e1e162f7b06706d,085,641766,41,1.3,Acrobat Distiller 2.0 for Macintosh,105095,2998,0,0,80,0,102017,,False
085457.pdf,5076e94427569d5f3e533a8e0a519d9fe81bef4cf94a753d2ca12e65483110d9,085,1092377,11,1.4,Adobe LiveCycle PDFG 7.2,42086,0,0,0,6,154,41926,,False
085458.pdf,5eaaa101a31712e6de7fe91a165b0d561bc6c3ffacf14f803550db331faa0914,085,817056,44,1.4,Acrobat Distiller 3.01 for Power Macintosh,87126,0,0,0,12,1496,85618,,False
085459.pdf,fd634e394ae47a86166db3d8a9ddbd9798be6cf563801f16496820f7445a044c,085,565220,34,1.4,Acrobat Distiller 6.0.1 (Windows),115900,0,0,0,0,0,115900,,True
085460.pdf,b4480b105693f0e1270d9676439104704e6e8e6cf7791a75d1ef1b261621c3f7,085,198265,31,1.2,Acrobat Distiller 3.01 for Windows,104072,0,0,0,0,0,104072,,True
085461.pdf,d0d9457cd882c5026534284baf088670bd754962905fa521b56541efce7de722,085,1125545,68,1.6,Adobe PDF Library 7.0,246791,0,0,0,0,4019,242772,,False
085462.pdf,69ff9371d2911608431307a0c7ee5406e01572f83c91f842197035a90b1fe18c,085,399288,371,1.6,Acrobat Distiller 7.0 (Windows),455684,0,0,0,0,0,455684,,True
085463.pdf,922cfdaf396d865d532fd1ffb076b6f28b2602b9a3e8db1876f45609c73af199,085,2355603,67,1.1,Acrobat PDFWriter 2.01 for Windows,83789,0,0,12250,18,0,71537,,False
085464.pdf,57df416608ec2f2646b4901a0cb0c0070d49bb6dec8fc7cde88595a459837e96,085,91001,17,1.3,Acrobat Distiller 5.0.5 (Windows),86647,0,0,0,0,1836,84811,,False
085504.pdf,7fcba85574e6ae36e4981ffa782c718d8d42058d82d15fe2b7b5d83b344a1edf,085,315003,77,1.4,Acrobat Distiller 5.0 (Windows),177543,0,0,0,0,0,177543,,True
085548.pdf,28029cc5498846253ad81b5fe7ab43a12bb52c009afd2f36ba8e937f58b1108e,085,12105,3,1.3,Acrobat Distiller 5.0 (Windows),3831,0,0,0,0,0,3831,,True
085550.pdf,55d2c719a156dd2447fc46606b7ca9caa13583e0b5c6fb6ac7a6f71ebc647296,085,15810,5,1.4,Acrobat Distiller 7.0.5 (Windows),7340,0,0,0,0,0,7340,,True
085551.pdf,588738444493684d1566604cf64afa627d0a4ac4d09308b3ad6222e6d3564874,085,667647,36,1.4,ApogeeX 2.5 Normalizer,83119,0,0,0,0,1471,81648,,False
085552.pdf,b99e0d7daa791eb1755ebff2098b45db9260761b4e6663b0f2e3d59b5deb1801,085,39646,4,1.4,,22499,0,0,0,0,0,22499,,True
085553.pdf,26bbe7a46ee4895f10f854eaab7a6a35805cb7a89e75abd19e653d2e3b05be0f,085,113035,19,1.4,Corel PDF Engine Version 11.4.0.100,24305,0,0,0,0,0,24305,,True
085554.pdf,36718750b5a7eb87267772dbc953fddf189a922d8a19ff7c69470c8c9f2f75dd,085,65131,4,1.4,,8904,0,0,0,0,0,8904,,True
085555.pdf,9b888c42b266ec6155e94cb1ebc73db037b9c586b6fc46ca68fcd028b701ed91,085,393485,67,1.4,Hyf PDF Output Library 2.3.0 (Windows),102081,0,0,0,0,0,102081,,True
085556.pdf,7503fb925bb90e9641dd3a4624c38cb45b4e55ff1634e349a3ef43a0339a2329,085,155297,41,1.2,Acrobat Distiller 4.05 for Windows,88903,0,0,0,0,0,88903,,True
085557.pdf,e4569427ded9e6229d38460f40eb68e23b0d27b7e6a3e542e98573b12eaa069d,085,931475,29,1.5,ApogeeX 2.5 Normalizer,60079,0,0,0,0,4900,55179,,False
085558.pdf,5ac8b67f6a2734eab35dc77985637cbe7d12c9251ed8fe03184a7c27e043eb0f,085,117059,16,1.4,Acrobat PDFWriter 4.05 for Windows NT,27518,0,0,0,0,0,27518,,True
085559.pdf,87d52ed1f644c272a351e0476a29b4094073025fb9a557ba6b6e11d9d8f5a9fb,085,64365,38,1.4,Acrobat Distiller 8.0.0 (Windows),38619,0,0,0,0,0,38619,,True
085560.pdf,9fd83374a910055e822a99aefd54d471bc8714b79756ffac2d92b5d3c02603e2,085,1231058,40,1.3,Acrobat Distiller 5.0 (Windows),12595,0,0,0,0,0,12595,,True
085561.pdf,36e25077e3539824170e556714eaefd899384a8f91694e802a69828599e2e998,085,55497,1,1.2,GNU Ghostscript 7.07,0,0,0,0,0,0,0,,True
085562.pdf,0b7459d98224c00c413c1378abe9946a4feb0c5cb345abfd0caedc096d36ba6e,085,25651,10,1.2,Acrobat PDFWriter 3.0 for Windows,22881,0,0,0,0,0,22881,,True
085563.pdf,aab0c7f3f226565860ffa105e800b93ff59f4d2b1f8953e42a6760e8d2632b0a,085,84660,3,1.3,Acrobat Distiller 5.0 (Windows),4244,0,0,0,0,0,4244,,True
085564.pdf,b68979b02887ac30db4f44f4a26812645643200b07b3c055e782dfef4f6a38c4,085,30219,10,1.3,Acrobat Distiller 8.1.0 (Windows),10510,0,0,0,0,0,10510,,True
085565.pdf,29ef380bad2856018db115cb7896adada49625b56b730d75bc2ecfe28178a00b,085,71621,3,1.4,Acrobat Distiller 7.0 (Windows),5599,0,0,0,0,0,5599,,True
085566.pdf,f161dda094b2e95d6867de8b1adcc824c60ff340178873912c533c2c769a6ae8,085,46341,10,1.4,Acrobat Distiller 7.0 (Windows),12448,0,0,0,0,1080,11368,,False
085567.pdf,92610a0f1ba721b3aaf12c0da3fef6bbc4727c98fd56446ef9da68bc3b52cd2d,085,70884,46,1.4,Acrobat PDFWriter 3.02 for Windows,68925,0,0,0,0,0,68925,,True
085568.pdf,f4351d64d92f9fa16891b72a4efd105b906c27586c51237804222a4f040c3e64,085,26303,8,1.3,www.adlibsoftware.com:EXS3167-Windows XP,9913,0,0,0,0,0,9913,,True
085569.pdf,f8e45f30daf12c64784d2b6c8814db674ccf306f858741e91ad4f131b5bc1ce7,085,370455,48,1.1,US General Accounting Office (GAO),78712,0,0,0,0,1573,77139,,False
085570.pdf,fd856194d7caeff67791f6e92ca6eba667754361d0658349c8df95cc75c9eced,085,165515,1,1.3,Acrobat Distiller 5.0 (Windows),11658,0,0,0,236,0,11422,,False
085571.pdf,651d9c0e6cf2e7a79716025cb51030a3d82cbd0ada34fa180055cf637473caef,085,28565,19,1.2,Acrobat Distiller 4.05 for Windows,26639,0,0,0,0,0,26639,,True
085572.pdf,559bc4317d57bf73841f769de41593ef8099909de4d1c40800ca108ed2c6861d,085,392022,21,1.3,Acrobat Distiller 5.0 (Windows),39780,0,0,0,0,0,39780,,True
085573.pdf,ca3b2baeb62288e8f2a46104401565bd3869845e32ee0a4434410f35957f2935,085,132306,25,1.4,Acrobat Distiller 7.0.5 (Windows),50449,0,0,0,0,0,50449,,True
085574.pdf,195fe2674b8fc64067e1cb9f7c1996ab51ad265d0254bda1ca07a1fcd573de02,085,157749,47,1.2,Acrobat PDFWriter 3.0 for Windows,92226,0,0,0,0,0,92226,,True
085576.pdf,22f05efb568e1c5375fa13a7d27273bfa9de7be26a0c8e386ae4a6e5876c6efd,085,180080,37,1.4,Acrobat Distiller 7.0.5 (Windows),136036,0,0,0,0,0,136036,,True
085577.pdf,719031d07d1afa2e3685596723ff649c2906a6186dc847a923d1d9ce94721b20,085,11675,8,1.2,Acrobat PDFWriter 4.05 for Windows NT,24984,0,0,0,0,0,24984,,True
085578.pdf,bba07fff506b4765f9b9ae2661aab6d6e5427c019ed951a17fa0b168924869dc,085,77881,8,1.5,Acrobat Distiller 5.0.5 (Windows),10395,0,0,0,0,0,10395,,True
085579.pdf,e1e60b5cbeeb51b2168aef7c360ec910da3e67d8f8e694bf635a7fb586043a44,085,140648,14,1.3,Acrobat Distiller 5.0.5 (Windows),36024,0,0,0,0,0,36024,,True
085580.pdf,e1ac6510a8870a55fb2ba8aa4a3df1f322db3aad83e732ac248d4ca317f22441,085,406374,38,1.4,Acrobat Distiller 7.0.5 (Windows),141212,0,0,0,0,0,141212,,True
085581.pdf,cea2f13950f869be98c9febf3416bba72b7f36dd47f1c51107d0fd4439cb0471,085,97427,6,1.4,Acrobat Distiller 5.0 (Windows),14248,0,0,0,0,1148,13100,,False
085582.pdf,e7f8941aff922cd7e555a9e925924eaeeff911959d89c79e5570a6d87f46dc2f,085,1340045,178,1.4,Acrobat Distiller 5.0.5 (Windows),355238,0,0,0,0,0,355238,,True
085583.pdf,d6063563c30b29f231b8c0cf5ac297766fc8cbf150b7cd2ce60c2e4d69d2c6e2,085,135614,12,1.3,Corel PDF Engine Version 10.719,44499,0,0,0,0,0,44499,,True
085584.pdf,bb6e0989341ab1373f57be4b6273797be9d7f02bc9013c5d2302444a6cb44cef,085,898411,255,1.4,Acrobat Distiller 5.0.5 (Windows),385218,0,0,0,0,0,385218,,True
085586.pdf,08cef464dfbb1843ce3fc797f7ef5939b06e6af7ffce6151ebf68de689086c30,085,116692,12,1.4,Acrobat Distiller 5.0 (Windows),28470,0,0,0,0,2183,26287,,False
085587.pdf,d53662a6fc2f6078d3c631bcdeb9e98c5d2106c57a3487959447708e523f31f3,085,116179,4,1.3,Acrobat Distiller 5.0 (Windows),9214,0,0,0,0,0,9214,,True
085588.pdf,1a2af795a6abeb14e0e2231987dc25dd89afb1b8ad6117e03f65bb84d96b8567,085,942629,26,1.4,Acrobat Distiller 3.01 for Power Macintosh,23392,0,0,0,0,0,23392,,True
085589.pdf,ffd4bf7bc9d3f5ce0568ce9e30b4261fe7c7641f19cce29cee171dba5c74bf66,085,822859,37,1.5,Acrobat Distiller 6.0 (Windows),73285,0,0,0,0,0,73285,,True
085590.pdf,aecb9b69d3d573a65a953f38dcc9bf524d1410dd541a46afc82f6e6840330fd1,085,61959,12,1.2,Acrobat PDFWriter 4.05 for Windows,33358,0,0,0,0,0,33358,,True
085593.pdf,14c31e7c4171c950e842eff252344024ab1f5f0425e8c11ea69c953ed66d9abc,085,14120,1,1.4,Acrobat Distiller 7.0.5 (Windows),2059,0,0,0,0,0,2059,,True
085598.pdf,2b40437d8c2eb663d29c8804c5ab0dd1930f40d1443d968df03d979104985980,085,728294,8,1.3,Acrobat Distiller 5.00 for Macintosh,17389,0,0,0,0,0,17389,,True
085601.pdf,f5fc46f527720667e04472d77a72e3a302e97a81c14139082694b1756003ce67,085,18965,4,1.4,Acrobat Distiller 4.0 for Windows,16376,0,0,0,0,0,16376,,True
085606.pdf,e3d44f70da5233dc7f5a8dade202ae24bf382602173cafa1a8eb6a14a617145e,085,213133,14,1.4,Acrobat Distiller 5.0 (Windows),28384,0,0,0,0,0,28384,,True
085607.pdf,dccb8cdf27ff1044bf9b9bac8b03d5ec23d32b762f00a39a4ae6dabb38f37c8a,085,38427,2,1.4,Acrobat Distiller 7.0 (Windows),10326,0,0,0,0,0,10326,,True
085608.pdf,5ea4eb05a92ea50df675565bbed6d7900e948f4f63978b08827278da4d3e0911,085,25026,8,1.2,Corel PDF Engine Version 10.719,10412,0,0,0,0,0,10412,,True
085609.pdf,9e3fc0d23600ba95db9aa4e7577bc390a936dd803a9e9e43f291f65328560801,085,209342,2,1.4,OmniPage Pro 14 http://www.scansoft.com,4796,0,0,0,0,0,4796,,True
085612.pdf,5a660b4e267d465a32227e7c23b930e7ef56e88691bb2c17bd50fb8d148c7823,085,22355,2,1.2,Acrobat Distiller Command 3.01 for Solaris 2.3 and later (SPARC),8140,0,0,0,8,0,8132,,False
085614.pdf,951673ed3d0d54a4bc5709be015e28a3f4c5ca1b4c9172ada3cbda027cc23976,085,59907,14,1.4,Corel PDF Engine Version 11.4.0.100,10399,0,0,0,0,0,10399,,True
085651.pdf,b83e4fd68c4576d089aad647acaaf7e2436c5a4069d0439ac6665b980dbfbda5,085,591508,4,1.2,Acrobat Distiller 4.0 for Windows,4684,0,0,0,0,0,4684,,True
085687.pdf,7f7a2213bb361eedc26b1c0d0e4c9e49a86a49aa5f1a2e3dda2ffedcd217d1cb,085,417792,11,1.2,Acrobat PDFWriter 3.02 for Windows NT,40700,0,0,0,0,0,40700,,True
085692.pdf,acba1e35fd644c78ff73e0df0957bbd129a3eb0fd63ccdec18bb0019a95740e3,085,162095,4,1.5,Acrobat Distiller 5.0.5 (Windows),4568,0,0,0,48,564,4004,,False
085694.pdf,6f6943c29b71e159004e5a78f5673aba65773e913596a9d77519f325b91cabdb,085,18507,2,1.4,Acrobat Distiller 6.0 (Windows),3855,0,0,0,0,0,3855,,True
085696.pdf,3a8c9b09810660ce92d51e1ca3f4d22f18cfa8954934bc9fc85588be938f3833,085,35746,5,1.4,Acrobat Distiller 7.0 (Windows),17358,0,0,0,0,0,17358,,True
085841.pdf,949d714633977d78169d92a63b060d2320b27fa2823b1b11016fccf9dccfbef7,085,426845,14,1.4,Acrobat Distiller 5.0 (Windows),56349,0,0,0,0,0,56349,,True
085843.pdf,b5c6f03640ed1a16d6d411af8c25bf2bb351b07cc2ad3f8d472a8ebf54eda72d,085,4513038,591,1.6,Acrobat Distiller 7.0.5 (Windows),1405132,0,0,0,0,0,1405132,,True
085844.pdf,f295a473848ee772b452f9df9ec438f19a77217606a689008429358323f16d8b,085,31291,12,1.2,Acrobat PDFWriter 4.05 for Windows,24461,0,0,0,0,0,24461,,True
085845.pdf,28525bb4cc8cb684de103cd1a0707b971146921f11aafc32fc2096264b69255f,085,4873902,605,1.6,Acrobat Distiller 7.0.5 (Windows),1424559,0,0,0,0,6,1424553,,False
085846.pdf,67f8bcada7e4c71bd65fee848f52c684e5826ac582559cb533f4cc1151942e76,085,1269386,136,1.6,Acrobat Distiller 5.0 (Windows),718721,0,0,16,3783,0,714922,,False
085847.pdf,674fbb73f65104b123f50956f3bfc3abf6411f6114fbe6dd9cab627834b2ad29,085,39847,4,1.4,,22766,0,0,0,0,0,22766,,True
085848.pdf,3d3945576c4e2a9e2c1c8bdc1a352dd2bcd1719166139c8b7f2eae2991f02bde,085,60986,4,1.4,Acrobat Distiller 6.0 (Windows),8788,0,0,0,0,0,8788,,True
085849.pdf,058eedd52b8d8915b89d4fd102738a4fd745d5e155750dd100245b44038f22cd,085,55377,15,1.2,Acrobat Distiller 3.01 for Windows,35627,0,0,0,0,0,35627,,True
085850.pdf,3dd4c5b1a22db71685e74a28a165a0e63a511a12ea3e3b25f2c6be315aad5357,085,55274,15,1.4,Acrobat Distiller 6.0 (Windows),35783,0,0,0,0,0,35783,,True
085851.pdf,080f45f9267c32fc1a0dc77c1fb0a2d2489bf6c7b3ab9f776644dfb7949cc139,085,33089,9,1.2,Acrobat Distiller 3.01 for Windows,22008,0,0,0,0,0,22008,,True
085852.pdf,44a383087b9faa9901e6268ee737de8818433cb80d314a32e8910d6b90138d53,085,251784,18,1.3,Acrobat Distiller 5.0.5 (Windows),15732,0,0,0,0,0,15732,,True
085853.pdf,393c26193a160722ccd28523dec646589d2cc9cd36780d5ef5d09d2f40a32054,085,31290,7,1.2,Acrobat PDFWriter 3.02 for Windows,19969,0,0,0,0,0,19969,,True
085854.pdf,4074f3a6943b3987c130722e7671bce170e444ccc49d27a2e2481acfccf8fd4d,085,68701,13,1.3,Corel PDF Engine Version 10.990,18944,0,0,0,0,0,18944,,True
085855.pdf,6882ef45f24133b8413b12dfcbce2ea01b50b6fbeea31ec64b98a9da116a5e1a,085,137289,4,1.4,Acrobat Distiller 8.1.0 (Windows),8135,0,0,0,0,14,8121,,False
085856.pdf,262a77a6d30eb3efafd18e0e824e1e54b2f2cab827d65c3177f3a29b8858f214,085,3242778,1,1.6,Adobe PDF library 8.00,5308,0,0,0,5,0,5303,,False
085857.pdf,f822de76a868b95b97ac26d4801700add37cd0ca8f4c26e7379864c4f92a2b44,085,8669,2,1.4,ScanSoft PDF Create! 3,4017,0,0,0,0,0,4017,,True
085858.pdf,6349fd045ae22f8b1bfe8ee5023df1918bfc315b4f0c2c2dee6f9c13e4f38a2b,085,49724,4,1.3,Acrobat Distiller 5.0 (Windows),3973,0,0,0,0,0,3973,,True
085859.pdf,92823ff326512956171ece9856c4dee4e2300d1d4803753c1d8ec75d8d92eb8b,085,17771,8,1.2,Acrobat PDFWriter 5.0 for Windows NT,12934,0,0,0,0,0,12934,,True
085860.pdf,eb2f513392bbfb97bb3f33cb9c80b91bf664b5b0f2d8673b63805af5eaa2eb62,085,335283,9,1.4,Acrobat Distiller 5.0.5 (Windows),13602,0,0,0,0,0,13602,,True
085861.pdf,2f466cca9e96672054d8b71716e54fe122f5c18b74d6234d5c1925cb1946d883,085,19826,2,1.4,Corel PDF Engine Version 11.4.0.100,1919,0,0,0,0,0,1919,,True
085862.pdf,1cbed098d8725c696a645b042e12b32d650314628395189788a774f32f1d259c,085,145668,19,1.3,JAWS PDFLib,26171,0,0,0,0,0,26171,,True
085863.pdf,1b2fa1708127c526d9841bea2f5657dddb5d1def7382dac30cb5f09b100cd5bd,085,320318,1,1.6,GNU Ghostscript 7.05,1814,49,1,0,0,0,1764,,False
085866.pdf,43b58f4f2fba0f31f90de8e038980382ca7134397d4833b3f34e1b4516a73827,085,576716,53,1.3,Acrobat Distiller 5.0 (Windows),119444,0,0,0,0,5883,113561,,False
085867.pdf,98f10ec2f23935d28f9886d63c06a7cf4db647f234a70540c3b6a8684f7be133,085,18825,4,1.4,Acrobat Distiller 7.0 (Windows),7201,0,0,0,0,44,7157,,False
085868.pdf,b8c3d2c8f359ba4be095e27dc557900bd8143528b9953e1476ca6ab69f9c33c6,085,49604,10,1.4,Acrobat Distiller 8.1.0 (Windows),35620,0,0,0,0,0,35620,,True
085869.pdf,33f0571bfce74c8749ca1fbbffdd175e3d58ff85aa15cb8b6c38e4a79bdb6d34,085,43541,16,1.2,Acrobat Distiller 4.05 for Windows,31150,0,0,0,0,0,31150,,True
085870.pdf,06b22ff8b0152c0bd4b5ad14f0670803fa77fe508182fbd83bd963db12210a28,085,140648,2,1.4,Acrobat Distiller 5.00 for Macintosh,2774,120,0,0,0,376,2398,,False
085871.pdf,8104059bf6552a478943ee81f62cefc6a00fbf2f7691f16303ae3583890b9e9a,085,274502,21,1.6,Adobe Acrobat 7.05 Paper Capture Plug-in,47252,0,0,0,0,0,47252,,True
085873.pdf,252b5460a9da1f267c0dc81f716520f0b76a788acf21a69be8b96e9167d9e101,085,174789,28,1.2,Acrobat Distiller 4.05 for Windows,56408,0,0,0,0,0,56408,,True
085874.pdf,3673855cc20cf4826b39c6f28a83e7f44a040c6577bd6acb49dd8f055f0d24db,085,961526,15,1.4,XÝz,0,0,0,0,0,0,0,,True
085877.pdf,d9d3bd2953fe6c6d9828eea472a236642f811e876523911778c0d924d5ac3433,085,193236,10,1.5,Acrobat Distiller 6.0.1 (Windows),12804,0,0,0,0,0,12804,,True
085879.pdf,518790ff5100f2504ac1161db2f4e501c51b6b2d27aed3d6cd6229a4971722ca,085,116193,21,1.4,Acrobat Distiller 7.0 (Windows),52609,0,0,0,0,0,52609,,True
085881.pdf,64f9826fbb909f7889dc762a25273821ad163a85ce5367440020422276629cc4,085,82412,11,1.4,Corel PDF Engine Version 11.4.0.100,19741,0,0,0,0,0,19741,,True
085882.pdf,808c2540fb5252e43c555610b2c1f1c92678d733ddc9c51e1a03be0dd0f8e45c,085,73902,4,1.4,Acrobat Distiller 7.0.5 (Windows),13349,0,0,12,0,0,13337,,False
085884.pdf,4ef38ac058941b7c0cf64f85da564bfc40ac2b594936108961905295eed7b43a,085,27218,1,1.4,Acrobat Distiller 8.1.0 (Windows),2649,0,0,0,0,0,2649,,True
085885.pdf,e829c332dc21a36513aff9c3c114ba023d28c48aa6b393f6c931bfc180e1cc57,085,456770,57,1.3,Corel PDF Engine Version 11.245,145225,0,0,0,0,0,145225,,True
085886.pdf,f446b71a1cc883813c8ced958c6026a0180e32b9e3a79bf77b7af704a399f7c6,085,30721,1,1.4,Acrobat Distiller 7.0 (Windows),1165,0,0,0,0,0,1165,,True
085961.pdf,0cf3204abfbbb4bd1d9dc75e57728d44943e76cba0cd672e3ccfe713a81d9654,085,114502,21,1.4,Corel PDF Engine Version 11.4.0.100,28471,0,0,0,0,0,28471,,True
085962.pdf,bda48ef15eb659030a4d43214a17e3b9d983f4acffb31ba1da0a0fcf5a474e26,085,25406,2,1.4,FDFMerge Lite 5.0.4 Windows SPDF_1096+ May  3 2004,2661,0,0,0,0,0,2661,,True
085991.pdf,efb7185cf9bd4f43215eedc484c3754850a32f81fafecd4c4a863f42c2013988,085,559266,77,1.5,Acrobat Distiller 6.0.1 for Macintosh,570386,0,0,0,0,0,570386,,True
085992.pdf,d924bd1d3887c77102e4f7a22b70d737de8a80d34ccc809a78947c8449f72137,085,19363,3,1.4,Acrobat Distiller 8.1.0 (Windows),3673,0,0,0,0,0,3673,,True
354000.pdf,a7b6ebe67b27bf8ec90ec6c637d3e75e856947878cdb221dcddcddb9abeae452,354,35332,4,1.5,Acrobat Distiller 3.01 for Power Macintosh,6736,0,0,0,0,0,6736,,True
354001.pdf,39ceeade91b28bf620d33b0f90e2eb5c990561e33ab9ab3a4b4a869cdd6e35cd,354,304867,33,1.3,www.adlibsoftware.com:EXS3183-Windows 2003:TNG,98493,0,0,0,0,0,98493,,True
354002.pdf,f54f8de4f20ffba688353547494637066601f1ac9ee00c3f0280b608c544d56c,354,1489356,16,1.4,Acrobat Distiller 5.0 (Windows),109312,0,0,0,508,108726,586,,False
354003.pdf,eb8a5a7bc985df50e7c4f8ce3d3534c513b879f7e0fc5a5a04849979677bc88c,354,367511,54,1.4,Acrobat Distiller 7.0.5 (Windows),122387,0,0,0,0,0,122387,,True
354004.pdf,c54c4075a83ebc474f6e900ca6a40b94bf4a7afb4c06eda472080ba9577f8140,354,340830,6,1.4,Acrobat Distiller 3.01 for Windows,21353,0,0,0,0,0,21353,,True
354006.pdf,af64bf46b5f60a3fcdd50e09489ecd6c298b0b91300deae74995b19af7b9f39d,354,228637,29,1.3,Acrobat Distiller 4.0 for Windows,172675,0,0,0,290,4176,168499,,False
354007.pdf,e27a81d85ee9449214094062c45d0c6eadecab522e5f4da0a10e0cff816904ef,354,3840390,22,1.3,Adobe PDF Library 6.0,24925,0,0,725,0,24200,0,,False
354008.pdf,0e620a3850c07d9502cf5b5de87f86079fefeac6c9b6a7da939fc8ca367cae49,354,185500,2,1.2,Acrobat Distiller 3.02 for Power Macintosh,8396,0,0,0,0,0,8396,,True
354009.pdf,9717f60089424cefde4686d834dee53bd855e0f189c3e183017c73bbfd380850,354,292715,17,1.4,GPL Ghostscript 8.15,19226,0,0,0,0,0,19226,,True
354010.pdf,e74a8f9bb79232f9618298efc869d82c9fdee3745d907db521b9f4f8a01fcef5,354,1099315,11,1.3,Adobe PDF Library 6.0,48432,0,0,0,0,8,48424,,False
354011.pdf,246e4ab88e32731265f10af363a45b909319d7c7d1a1900f7898f0e3afa0b6a2,354,23625,4,1.6,Acrobat Distiller 7.0.5 (Windows),10222,0,0,0,0,0,10222,,True
354012.pdf,dcad6aa53b9a3880f2c858dddcbc1fac5abbeb001cfa30ca71adc5ddf28c4207,354,63640,8,1.4,Acrobat Distiller 4.0 for Windows,51564,0,0,0,0,856,50708,,False
354013.pdf,042b59ac98455ca6f804bf526b1116c1ff90837b961912a0c52af33c488ffe10,354,30106,13,1.2,Acrobat PDFWriter 3.03 for Windows NT,21954,0,0,0,0,0,21954,,True
354015.pdf,5a9e04246132b52d04cc90b03c7ddda3ee3cd61ebb494f88edde8327a8510c5a,354,73602,5,1.3,Acrobat Distiller 5.0.5 (Windows),14560,0,0,0,0,0,14560,,True
354019.pdf,521618a031064fb023a71acef9548f1a5e063a993c900de258f220565d006e0c,354,1511970,68,1.1,Acrobat Distiller Command 2.1 for SunOS/Solaris (SPARC),166106,0,0,0,4,17,166085,,False
354021.pdf,859ce421e5dbe8b0ef5d01ad058cb4d81a209ed371807690d50bfe7529e47cf4,354,3827648,37,1.4,OpenOffice.org 2.0,12945,0,25,0,0,0,12920,,False
354128.pdf,40d1b47749341c21c9e5a29b67102e921e135a76f3e5d4094d3e5fa2279a97e2,354,373407,60,1.4,ScanSoft PDF Create! 3,78902,0,0,0,25,45,78832,,False
354132.pdf,889cbae32db5c6acd5632733ba4b07e9aebc02d52454d5040621cff14c42b302,354,1011052,75,1.2,Acrobat PDFWriter 3.03 for Windows NT,157794,0,0,0,0,0,157794,,True
354141.pdf,52853c8bc600f65141e9c09c9b7ecd36853d15998f1636fd39a8d4daecbb86ab,354,125857,4,1.2,Acrobat Distiller 4.0 for Macintosh,11425,0,0,0,0,920,10505,,False
354150.pdf,5e5968616985cd14c3112974f59b2350428975a96cfe50245f22ddb72aa71401,354,659294,24,1.6,Acrobat Distiller 7.0.5 (Windows),55758,0,0,0,0,0,55758,,True
354158.pdf,6ffca41779bdc2b2f58c888f0a53eb805ded442ddd8fdf6d9054c31c3c833587,354,481378,21,1.6,Acrobat Distiller 7.0.5 (Windows),46363,0,0,0,0,0,46363,,True
354167.pdf,794caca669abda89dcc2f6235f9eaef849ad12b81333550207e1c9741e706e4c,354,12898,3,1.2,Acrobat PDFWriter 3.0 for Windows,3581,0,0,0,0,0,3581,,True
354175.pdf,b69afaa02724781da53422992ecddee36e22469b11743bfde6e6d3f54bc3e6cd,354,79349,14,1.4,GPL Ghostscript 8.15,32765,0,0,0,0,0,32765,,True
354176.pdf,c17a8ff8c71679a8e002603b37deb05ead42b346e0813b694ba49aab386652f6,354,39450,4,1.4,,22072,0,0,0,0,0,22072,,True
354177.pdf,f0db9167d213193b176ddcbdaf319302ada5540a6a1bd5fa183cf150ccd070eb,354,259271,21,1.5,Acrobat Distiller 6.0.1 (Windows),39984,0,0,0,0,0,39984,,True
354178.pdf,13af1ebee52e329db368bbbebae392816be96aa49cbdb16f692a77cd5c000194,354,39676,4,1.4,,22264,0,0,0,0,0,22264,,True
354179.pdf,dae9b2c6d8f1bafa2c28353d79b41476a3212bf0d870d63a8457a9d9ed4f8812,354,41295,10,1.4,Acrobat Distiller 6.0 (Windows),16345,0,0,0,0,0,16345,,True
354180.pdf,09ac4e6c34cff2b6b1309a094d959edf54f8194b19ec0ca5b562e39f4c24faa7,354,60609,21,1.2,Acrobat PDFWriter 3.02 for Windows,42886,0,0,0,0,0,42886,,True
354181.pdf,c3b6dba87582ad9496e885da58a68ab9699a25c796944137d8c913bfcff89812,354,30091,13,1.6,Acrobat Distiller 8.1.0 (Windows),20205,0,0,0,0,0,20205,,True
354182.pdf,75f7a98e941243cb5613d2f5348424db7b2c7b229cdddfc8fa28be85096fa91b,354,15926,3,1.2,Acrobat PDFWriter 3.0 for Windows,1882,0,0,0,0,0,1882,,True
354183.pdf,d16adb461cbab9bf891b3e45b024e2a511bd5e12c32a259b7b4cc8ead333624f,354,77055,4,1.2,Acrobat Distiller 4.0 for Windows,15561,0,0,0,0,0,15561,,True
354184.pdf,eeecf0e54d7e28c7c3d5b916a6da57f74380a6a8688959abe0f39706fab4e5e1,354,150414,8,1.4,Acrobat Distiller 5.0.5 (Windows),19425,0,0,0,0,0,19425,,True
354185.pdf,e01fac5f8f7a563f68dfb0362c144be61579adf8c84313c8258c7bbd63949ce3,354,70420,13,1.4,Corel PDF Engine Version 11.4.0.100,16524,0,0,0,0,0,16524,,True
354186.pdf,f9f89c76c53567e6f69cb4895fb93b2cc22efe0db63ea474704c427b4e08ccf6,354,57947,13,1.4,Acrobat Distiller 8.1.0 (Windows),40735,0,0,0,0,0,40735,,True
354187.pdf,e7dc99f2b1558971c3184043e4d5d0fbf33b8111c363285ed082af348d08e939,354,36349,18,1.2,Acrobat Distiller 3.01 for Windows,31408,0,0,0,0,0,31408,,True
354188.pdf,bfe21910d49c539dd01bf87e4853feb0368bc7a791256e09ffc443849b582bf5,354,136266,52,1.4,Corel PDF Engine Version 11.2.0.499,44638,0,0,0,0,0,44638,,True
354189.pdf,7e4bf5a5b840c942c223bf41db1b43e1983247315580f4964db8246fe1f62a5d,354,2424032,40,1.3,Mac OS X 10.3.9 Quartz PDFContext,10269,0,0,0,0,6068,4201,,False
354190.pdf,ebd2341b44b0646b2eeed91d2f858ad28e88ae08661dd8526ccd6ef1b45afc3e,354,55955,7,1.4,Corel PDF Engine Version 11.2.0.239,10170,0,0,0,0,0,10170,,True
354191.pdf,d231f35537c1ef6b5759faafa25e1c984ff3f22c46d044374b686eb6d1a23a68,354,4913,2,1.2,Acrobat PDFWriter 4.0 for Windows NT,2190,0,0,0,0,0,2190,,True
354192.pdf,da17165a7011cfa819db76c9b5ddcaa227c81e1cb0ae388ded70b559a67aadc2,354,3185924,49,1.4,pdfeTeX-1.21a,19400,0,0,0,50,4763,14587,,False
354193.pdf,54554d4d069559711b0e10520d7b846d32c516966f601144fe018c786715e21f,354,46874,25,1.2,,38256,0,0,0,0,0,38256,,True
354194.pdf,a473ff75d4287fdf43e2ac2cc99ebbdc9bce0b8fdc519dcd8165322a8b8bfa29,354,17692,3,1.2,Acrobat PDFWriter 3.0 for Windows,6136,0,0,0,0,0,6136,,True
354195.pdf,984529a2a511e7f1ea45c4b6fe8f76e5674a377487a4e649328ed330ee57760d,354,71521,1,1.4,Acrobat Distiller 5.0.5 (Windows),1389,0,0,0,0,0,1389,,True
354196.pdf,ea3848e5adfbf88c7b6f4f4513bb9dc97e55fe513f936bca3163535eb179e172,354,9905,1,1.4,Acrobat Distiller 7.0.5 (Windows),1016,0,0,0,0,0,1016,,True
354199.pdf,0d817a7e568628ad93bdd0936d8c35952e41f0fd2d69bd55fde4f82dfb160928,354,25606,1,1.4,Acrobat Distiller 7.0 (Windows),830,0,0,0,0,0,830,,True
354200.pdf,19a6aa80b0766d9ceea8db6917856e66cd8bebaf4efe23d7fdcb61ffcb85d256,354,19084,7,1.2,Acrobat Distiller 4.05 for Windows,7748,0,0,0,0,0,7748,,True
354202.pdf,7e084eeabfa9f61b90ee1172f68f0ab4448c9987dd06c2a3ba4bbf71c4d76da8,354,24574,9,1.1,Acrobat PDFWriter 2.0 for Windows,11285,0,0,0,0,0,11285,,True
354203.pdf,82f1d511725993fd2108a93d0c08a79ace36642cf7a175de3394d3a6534678be,354,20110,10,1.2,Acrobat Distiller 3.0 for Windows,11973,0,0,0,0,0,11973,,True
354204.pdf,1431c754be31bd0d31910efd70dd84fe12f46a4c01164d6e8b6f9d2e643dfb94,354,597423,46,1.5,Acrobat Distiller 6.0 (Windows),46700,0,0,0,0,0,46700,,True
354205.pdf,eaa537fc6164a4e1855a027d642187c1884174e0495f8d526b2a94b97a042655,354,43498,19,1.6,Acrobat Distiller 8.1.0 (Windows),32807,0,0,0,0,0,32807,,True
354206.pdf,9fa3bc540063eb60f65608fe5b67a56f91819a2d78d1f72e28f326097a6374cc,354,118768,39,1.3,Corel PDF Engine Version 11.321,59720,0,0,0,0,0,59720,,True
354207.pdf,b2c0af93aef69b1f28ea72b641a1ee8a262894be48568bb5e4a90c20209881ef,354,594639,26,1.4,Acrobat Distiller 5.0 (Windows),10166,0,0,0,0,5265,4901,,False
354208.pdf,60f450ed7c6bd61a89a3b9dfac1a4e0a8820319f471bc2b2e12c56105afbfddd,354,184079,24,1.1,Acrobat Distiller 3.0 for Power Macintosh,70085,0,0,0,1,0,70084,,False
354209.pdf,40ca4062e595065e39d72510524507d995ae103e4e3d29284c18d30005d1e4c6,354,10220,2,1.3,www.adlibsoftware.com:EXS3167-Windows XP,2249,0,0,0,0,0,2249,,True
354210.pdf,02bc5c094c7272ecdd4120891f6c58250b4bf77db5547e832e49be2099867f72,354,103448,5,1.3,Acrobat Distiller 5.0.5 (Windows),5080,0,0,0,0,2540,2540,,False
354211.pdf,475984a509ffbb480bb77449c8ffcc27b9143720abeeef4b4c6dd2fcc8351bb7,354,57151,8,1.3,Corel PDF Engine Version 11.321,9212,0,0,0,0,0,9212,,True
354212.pdf,1854cf725634f23540e807c3fb1c00d11f92dd440b95efb6a6e6b8bee321cb80,354,3764,1,1.4,www.adlibsys.com:EXD3145-W98,796,0,0,0,0,0,796,,True
354213.pdf,a483cfafa4d222ad6ffb6b1d0435cd804394d5ec8ea8bee2964280e0b7e90b05,354,304369,59,1.2,Acrobat Distiller 4.0 for Macintosh,115847,0,0,0,0,241,115606,,False
354214.pdf,5acc771f50d8a37e10b89de9f16d42e65e34ab0e1246d5969b050a272046900b,354,80345,27,1.4,Acrobat Distiller 6.0 (Windows),43082,0,0,0,0,0,43082,,True
354215.pdf,4ec75c73ee186c3cea67c495529937e6acb221c0c2e22dede02938da16fabafb,354,79392,10,1.4,Acrobat Distiller 7.0.5 (Windows),19019,0,0,0,0,0,19019,,True
354216.pdf,a43135fde36bf9e99aeb8506bf4169c861eed7178021088b7ee9cda744fa2340,354,78784,11,1.3,Acrobat Distiller 4.0 for Macintosh,19149,0,0,0,0,1810,17339,,False
354217.pdf,61b8030cdb3387fee11687dd3cc18176f62fb281bbc29822c0db15ccf0721fe1,354,118867,12,1.4,Acrobat Distiller 6.0.1 (Windows),19935,0,0,0,0,0,19935,,True
354218.pdf,9891c90f1d51c4932b005254f14f18375433f5365571859dc166e572560e7ffd,354,574534,25,1.4,Acrobat Distiller 7.0.5 (Windows),52336,1,0,0,0,0,52335,,False
354219.pdf,447639954d7dabdb96756be779c5e8d7d5fff7d232b63e030db67cf7d8fd5bbe,354,63861,9,1.3,Acrobat Distiller 4.0 for Windows,11386,0,0,0,0,0,11386,,True
354225.pdf,55de0d183a977b21d871b23e33765df4a8cc1397dba08a165cefe2ce94375dd5,354,670961,20,1.4,Pdf.Capture version 5.2,25711,0,0,25711,0,0,0,,False
354264.pdf,371f61538054943ebcadd903fefeb172376401a34406b089f87e038c981945e8,354,6830,2,1.2,Acrobat PDFWriter 4.0 for Windows,13386,0,0,0,0,0,13386,,True
354267.pdf,353e6692a3739f5927f9b399c8470b3111a089f945a7f0698a9dff1146b10693,354,1570857,34,1.5,,133323,0,0,133323,0,0,0,,False
354268.pdf,dd241e334ae4f120cbd2bf83b6354ab517963cbc8c8e0789eb1afe7dd3c1046f,354,266994,201,1.2,Acrobat PDFWriter 4.0 for Windows,283667,0,0,0,0,0,283667,,True
354271.pdf,7a6e04fcaf7b2f86946a75e04c0eaf05d0c13441182b9b27b71bf34ca45bfd70,354,1395239,154,1.3,www.inputsolutions.com,298113,0,0,0,0,60,298053,,False
354274.pdf,54c8a8990de1994725650b92094d43f783e80e24903c5de39c177acc1c5a429d,354,1513507,129,1.6,Acrobat Distiller 7.0.5 (Windows),217715,0,0,619,0,48,217048,,False
354275.pdf,ca0761b2740ec4698575821e64c0321fd5814283f0693331efb79e79280f1232,354,807709,18,1.5,Acrobat Distiller 5.0.5 for Macintosh,63425,0,0,0,0,20,63405,,False
354277.pdf,b44d1444f608f2b57756ef7532bd4fabc176bc6c147c6f2f9f64af1f0a0360a7,354,889566,55,1.4,QuarkXPress(tm) 6.0,170281,27,0,0,28,654,169622,,False
354300.pdf,8ae94997e2f68423b0f0a3f9e08dc98cd96d75be1b31e1efb86a641efa2c9ccf,354,298220,4,1.5,QuarkXPress(tm) 6.0,20370,1,0,0,1,30,20340,,False
354301.pdf,cb53feaca421f2ac8114ec2d4a577b0059e51ffbcedf1d1729aff03d52ded2a7,354,2068382,125,1.4,Acrobat Distiller 5.0.5 (Windows),337479,0,0,0,0,0,337479,,True
354306.pdf,743a1278155f86bfc945ac365c83cda4f7e78e5e4a2110eaf77b5a787205f936,354,2489097,38,1.1,Acrobat Distiller 2.1 for Windows,0,0,0,0,0,0,0,,True
354315.pdf,a341efc4b0e569f99da08e3976693926ad88da08db1111f2d2495fb9fc9ae077,354,573192,20,1.3,Acrobat Distiller 3.01 for Power Macintosh,47504,0,0,0,0,0,47504,,True
354318.pdf,9a197e59ffe09858f1bc89ff7127458e7a76c40c3c0f475b93274aa43d8f9772,354,3076262,248,1.3,Acrobat Distiller 3.01 for Power Macintosh,0,0,0,0,0,0,0,IndexError: list index out of range,False
354322.pdf,364a62f5d02d8a03db0157c941216946662b088698e4907477e5dd4bd51a947f,354,2947205,72,1.3,Acrobat Distiller 4.0 for Windows,287508,0,0,0,0,29,287479,,False
354333.pdf,5f54aae73f458bb52781b06b23f63791f20ea9a40adc4ff3b7b4121edc72a993,354,1926749,12,1.5,Adobe PDF Library 6.0,49976,0,0,0,0,7542,42434,,False
354337.pdf,4fe3e69d22b2dcd15b313c6b2dcede232e2dee397a25104ca72e7a8d9de6f8ca,354,308217,4,1.3,Acrobat Distiller 5.0.5 (Windows),13119,0,0,0,0,0,13119,,True
354339.pdf,dc259d00882992197800a43789af546f81a88d687836727f9a1dc76fa7463a66,354,532189,53,1.3,Acrobat PDFWriter 3.02 for Windows,155073,0,0,0,0,0,155073,,True
354369.pdf,7a827425f4aa30e26e9c178f45cae0a6b523414e54d3b366ae4e893ff73e3452,354,38092,2,1.4,Acrobat Distiller 6.0.1 (Windows),3642,0,0,0,0,0,3642,,True
354370.pdf,65b3376b3c2a15c3aa2adb5e723bbcfb365b95a9b7598e13ac4258a4a44dd27a,354,86904,1,1.5,Acrobat Distiller 6.0 (Windows),1482,0,0,0,0,0,1482,,True
354372.pdf,1dcda0bed1df6d59c50dbd73bd33fdcb887d16497a7ad3bdf477bcad1eeb068c,354,458866,69,1.2,Acrobat PDFWriter 5.0 for Windows NT,119295,0,0,0,496,0,118799,,False
354373.pdf,62a9e042cf3dc9673a3c93843cd982a6fbb92bc4210708fd6ccc7d900cc22986,354,22170,3,1.4,Acrobat Distiller 6.0.1 (Windows),5008,0,0,0,0,0,5008,,True
354375.pdf,246ae8851b48cd14971dd96886b9e52ab6dc04bc226704388a5257d563e2af7b,354,66326,4,1.4,Acrobat Distiller 8.1.0 (Windows),6485,0,0,0,0,0,6485,,True
354376.pdf,aa4d76094842ac8cfe9ba8518ee7a918fc9aaae2daaec4884eb28986c8a8edff,354,405083,38,1.4,Acrobat PDFWriter 5.0 for Windows NT,96119,0,0,0,0,0,96119,,True
354378.pdf,6c5f05bc5bc1c5bca4e38f66662c169892d426c71f279d2c83da50540660372a,354,3810450,25,1.3,GNU Ghostscript 7.06,9938,0,0,0,0,20,9918,,False
354380.pdf,679314a0d87dda9349fea15cffdefd43cd2d2745ff09aa7a6f1ae2e7abd241af,354,453024,7,1.4,Acrobat Distiller 7.0.5 (Windows),24710,0,0,0,0,0,24710,,True
354381.pdf,fe5c470c2cf8449e6124c55d63f8e4239091adf6a9bca6e28d4a2cfaac166b44,354,4227446,43,1.4,Acrobat Distiller 7.0.5 (Windows),6614,0,0,0,0,316,6298,,False
354382.pdf,0dc57c3d4516156fb568c55d7811bc823e2d0ad356182144d46238ec12205c86,354,223367,24,1.3,Acrobat Distiller 4.0.5  for Macintosh,77001,0,0,0,0,0,77001,,True
354385.pdf,1841d5dcd55b7dc556ac65529af783ed43c0f639985deccb3768a3e59c0d7dd7,354,59098,2,1.5,Corel PDF Engine Version 9.654,8122,0,0,0,0,0,8122,,True
354386.pdf,3837528baeacf6ba0c113f9ba95b5ae3d60a51dc98f79fcedac511a8076373b2,354,1597230,57,1.3,Acrobat Distiller 5.0 (Windows),77561,0,0,0,0,0,77561,,True
354387.pdf,23f86084f928ea98ec60a9645f5c5bbfb756d585b630f0fda8fb8b1abb8cf373,354,2489149,48,1.5,Acrobat Distiller 5.0.5 for Macintosh,102471,0,7,0,0,7311,95160,,False
354390.pdf,b60488a0e057b9ec7d21d9514f31e657e04169cf74c57ea757709d446f511eda,354,382502,70,1.4,Acrobat Distiller 6.0 (Windows),101116,0,0,157,0,0,100959,,False
354392.pdf,ae2982319d7b81e4d9634471b84f97e620b25921bafc958dbed9be55cd032d57,354,179690,13,1.3,Acrobat Distiller 4.0 for Macintosh,31674,411,75,0,53,240,30896,,False
354394.pdf,b9bcbec86a6f69e1a7f806edc97a5b4bf7fb15c9c97ff7479cbdea61fa0d7922,354,68456,10,1.5,Acrobat 4.05 Scan Plug-in for Windows,31175,0,0,0,0,0,31175,,True
354395.pdf,33c929dd1b0c28aa62e92d1de1565291da234b558b6aa1b4635bfa51ab30326b,354,52807,3,1.2,Acrobat Distiller 4.0 for Windows,12477,0,0,0,0,357,12120,,False
354396.pdf,77431a2c1749bd25cdc04cce0b783a8ddf735a21ebbdb13586e5a27d3462a12e,354,481481,38,1.5,Acrobat Distiller 6.0 (Windows),94592,0,0,0,0,1529,93063,,False
354397.pdf,f8a02ef887f7dbb8dbec7ebf09e14b95f52ed6cef091576bb641c1db97e405c0,354,95853,12,1.3,JAWS PDFLib,19946,0,0,0,0,0,19946,,True
354398.pdf,28ccd5a0c7db537b1b16a77148c89aef149e3704c0f737120399c3f1d99fe039,354,332839,16,1.5,Acrobat Distiller 5.0 (Windows),43419,0,0,0,0,0,43419,,True
354399.pdf,079d170ee27c0529a00b55dea529bca4703e212b6514034e38adab2f9b922d7d,354,448978,28,1.4,Acrobat Distiller 6.0.1 (Windows),57691,0,0,0,0,126,57565,,False
354402.pdf,9ff0b3b8e6960722999c7cc2e3b4b6ea2b81b544df910dd8ce2d82eca72f645f,354,127264,15,1.4,Acrobat Distiller 7.0 (Windows),19474,0,0,0,126,0,19348,,False
354421.pdf,3c4920b66b3e841a46dc39b68ca26b66fdace7715e6f749736f686db25e33c34,354,81367,8,1.4,Acrobat Distiller 5.0.2 for Macintosh,26473,0,0,0,35,191,26247,,False
354455.pdf,cdd9c0446930bc18a3a5b303a0f928b4c3e9d73735d6f22c0d99a08a863701f8,354,101736,4,1.2,Acrobat Distiller 3.01 for Power Macintosh,19609,0,0,0,0,7,19602,,False
354456.pdf,c620548ba3aa06a3e8b82d3df3fd43815665a9b8a92fa75481e5dc14467bc439,354,832244,24,1.6,Acrobat Distiller 8.1.0 (Macintosh),6092,0,0,0,40,4581,1511,,False
354457.pdf,1efe010f358d20b3a896da6127e7d4cd39a2f4b6cab6355af2922f0342079e14,354,183449,8,1.4,Acrobat Distiller 7.0 (Windows),40601,0,0,0,0,112,40489,,False
354460.pdf,768e0d7aa3b3ce2b5a37ea92d9846125901f3adfd28824a239f23fc52f1aba31,354,242295,6,1.4,Acrobat Distiller 6.0.1 (Windows),14968,0,0,0,0,0,14968,,True
354462.pdf,23ccdcf5508ceb163ae1c60269a8af7da946d926285a3458ce111bdae17dfb4c,354,209626,14,1.2,Acrobat Distiller 4.05 for Windows,30867,0,0,0,3,0,30864,,False
354465.pdf,09cbbec5be180e1098ee94ae60f9f9fab095865df2916792348302b9e4ba38e3,354,311124,40,1.4,Acrobat Distiller 8.0.0 (Windows),130828,0,0,0,0,0,130828,,True
354481.pdf,6974d0b7836364e5f5fb0a7761c828d3063c5889cdf8cfdc1b1fc36b36206875,354,2432195,31,1.6,Acrobat Distiller 7.0.5 (Windows),31334,0,0,0,0,0,31334,,True
354482.pdf,1e43034f7ecb73466668f3f5ab2678ea359ebf2412c2ef2e75030d9f37912cb2,354,3734626,30,1.4,Acrobat Distiller 7.0.5 (Windows),60684,0,0,0,0,0,60684,,True
354484.pdf,03ee143ec96d6941c75e2cb421f7a29e78b4e042bd0bfbbd0a397212c83143cb,354,2003081,49,1.6,Adobe PDF Library 7.0,43799,0,0,0,0,0,43799,,True
354488.pdf,9ff4efe7affddb052b506da3f85b641ade706df7907886b700751d36273c0955,354,1566931,38,1.4,Acrobat Distiller 6.0 (Windows),58225,0,0,0,4,23,58198,,False
354489.pdf,f97b011f079fa8797fe048047fdaebe6e73eb78db3f2e3bad32214c3edb5c646,354,122974,15,1.3,Acrobat Distiller 5.0.5 (Windows),21339,0,0,0,0,0,21339,,True
354491.pdf,2cc207d0fd15002bd028f8f6af3858ce43be882c06b9416e6c77b9c72d8da052,354,1545015,46,1.6,Adobe PDF Library 8.0,71667,467,9,0,0,0,71191,,False
354492.pdf,09889bd9c65fea80b0b6a063ccc37f9a5ad84352fa2ec4c57ad5fa1dda516811,354,3277670,138,1.5,Acrobat Distiller 6.0 (Windows),187657,0,0,0,45,0,187612,,False
354500.pdf,fc3c982721e6ba724718c11c13ee3ad7bef6ead84378d60252a9ea52abc011d1,354,53817,2,1.3,Acrobat Distiller 4.0 for Windows,12612,0,0,0,0,214,12398,,False
354511.pdf,1dbd55219a4c7e3a3ae3cdff0c923b97ae0b8f62b5bcb84c64df0500bcdbd838,354,59419,3,1.3,Acrobat Distiller 4.0 for Windows,21547,0,0,0,27,420,21127,,False
354514.pdf,440040354b2c3bd44682b521861ef4dea13afc3cbb0e1eb184943e187c455626,354,1804654,34,1.4,Acrobat Distiller 5.0.5 for Macintosh,60926,0,0,0,0,35,60891,,False
354515.pdf,e6acfe94d1846c34597dd42788d3ab3edd8a3d9db7b628c9d3ddf44898f32654,354,60026,10,1.3,Acrobat Distiller 4.05 for Windows,15738,0,0,0,7,0,15731,,False
354518.pdf,7f631bc04c28aefc2d0413a55279c39a711050a9e3692c2e768708191181ac74,354,812218,6,1.2,Acrobat Distiller Command 3.01 for Solaris 2.3 and later (SPARC),25713,0,0,0,0,0,25713,,True
354519.pdf,9d3db4ce278d461cdc5ba81ac5c2c1bcd1f452c2e998150a2bbe475d8937559f,354,100957,15,1.5,Acrobat Distiller 6.0 (Windows),36891,0,0,0,0,0,36891,,True
354521.pdf,7368c76c97ac43042f2a27c523df7d6a7e137b769ed371e2a70c6c4c5a3166c9,354,21929,2,1.2,Acrobat Distiller 3.0 for Windows,8154,0,0,0,0,6,8148,,False
354523.pdf,7a272dfe80b17b04d2007d32133b71d5b4d71d7114ed3ec1c65f3646c754f4e4,354,29366,8,1.2,Acrobat PDFWriter 4.0 for Windows,29970,0,0,0,0,0,29970,,True
354525.pdf,f60d3b9c3cd40f8885174e4860c6ab95e7202ec49b1309a835c2ebb68fc4efbe,354,55732,3,1.3,Acrobat Distiller 4.0 for Windows,21153,0,0,0,36,423,20730,,False
354526.pdf,7dcffd683b2fbfa42af28956b1a21989342e6ce6cb17b9444dd1e6629759c1ca,354,73256,15,1.5,Acrobat Distiller 6.0 (Windows),25345,0,0,0,0,0,25345,,True
354528.pdf,4b0f01b5a4dfdb95b95686132e2de09cd602838f0820eb107f31653e34179ee6,354,69132,6,1.3,Acrobat Distiller 4.0 for Windows,44023,0,0,0,60,834,43189,,False
354538.pdf,911add3896d6c52efd77963a265e97d28cdb2ae3eaa425aaa3a1aea3a11b0d2f,354,1574019,56,1.4,Acrobat Distiller 8.1.0 (Macintosh),77866,0,0,0,0,621,77245,,False
354539.pdf,20bd53f0fd886cfe0b4cee754c2c2da7314630247a597ac1c5a8db467bd845b7,354,2616732,92,1.6,Adobe PDF Library 7.0,175801,0,0,0,0,175696,105,,False
354540.pdf,d57dccb4487b74d87cf8beae7d7552f142988022887e9182312c9ce0d759093e,354,948630,44,1.6,Adobe PDF Library 8.0,57230,54,0,159,0,3903,53168,,False
354541.pdf,0cedd2a7aadb79e7702d59a2d03100cb0e20ebdef433d43e35111386ed052bcc,354,1007070,56,1.4,Acrobat Distiller 5.0.5 (Windows),77058,0,0,0,0,0,77058,,True
354542.pdf,457b32082d3a6d58ae2862547369beeedaae39c26fab0c06c120faf0b9ce7c12,354,162957,48,1.3,Acrobat Distiller 5.0.5 for Macintosh,55333,0,0,0,0,2347,52986,,False
354544.pdf,db1ad18ddc09d62690535254265c8e5ab319184f3984ce0b138b8471774b0eee,354,806757,28,1.2,Acrobat Distiller 3.01 for Power Macintosh,73706,0,0,0,32,4188,69486,,False
354545.pdf,00b4e73dee06e9ab3b8f52f1f844a1688bf7daae84173e5fc934b72cc2cdbc37,354,1962173,28,1.4,Acrobat Distiller 3.0 for Windows,95390,0,0,0,47,20,95323,,False
354547.pdf,4635fb27b5ea2ed33912b64acc7a4a45a954f863ca3e4f92e007ed0f78385e59,354,2646046,48,1.6,Adobe PDF Library 7.0,114385,0,0,5884,21,2085,106395,,False
354549.pdf,78b6face6c94630f9d722258a09a6b5bb96d6a0ac3aa6003ed7d44ef3cfd2ff0,354,1566171,102,1.4,Acrobat Distiller 4.05 for Macintosh,310155,0,0,0,0,601,309554,,False
354551.pdf,f0577a669df0eb4ff078c3a23bf039086baddef0e3acf0a4cb1db496f75b5248,354,3489028,246,1.4,,567501,0,0,0,153,913,566586,,False
354552.pdf,c7643d39755bb332626660a74dbeb02e1d84bce0f236c09b6b25c46886075bc3,354,302239,8,1.4,Acrobat Distiller 6.0 (Windows),27922,0,0,0,0,0,27922,,True
354554.pdf,a0697b79e4fa3639b180fe0402d947c14038dc18e80c5257662180564444942a,354,2840782,78,1.5,Acrobat Distiller 6.0.1 (Windows),202480,0,0,0,3,10594,191883,,False
354555.pdf,0dabc8a33af2df4e375d34fc34b17d3815c848e83dd0b4e3093b8f7f10641be2,354,3891961,134,1.3,JAWS PDFLib,353054,0,0,0,26,443,352585,,False
354556.pdf,4262097207a0f3df5f2ac9f659859a3d609e4870160b4fa490e1a9809cbd210e,354,94298,5,1.3,Acrobat Distiller 6.0.1 (Windows),12713,0,0,0,0,21,12692,,False
354559.pdf,6aed170f105e056f77aeabc8842575da7dc9d79956036dd1debf9a514628f161,354,51397,2,1.3,Acrobat Distiller 4.0 for Windows,5749,0,0,0,0,138,5611,,False
354562.pdf,4ca599a391727d5772567cce6b861054d07aa2e4fc4f6e27e5f67093b960467b,354,238865,13,1.4,Acrobat Distiller 7.0.5 (Windows),30360,0,0,0,0,0,30360,,True
354563.pdf,291daae98ae4d19f0d8117ed78e96618866fd69653016a588cd88a239a149d2e,354,130327,6,1.6,Acrobat Distiller 8.0.0 (Macintosh),12173,0,0,0,0,6,12167,,False
354565.pdf,4a67592ff9ba86d7498e42559126989a42cd19a319296adb066beee60995e5a4,354,82868,1,1.4,Acrobat Distiller 7.0 (Windows),626,0,0,0,0,0,626,,True
354568.pdf,f1cc8f455df867acd4a7afbf11184dc94fd0950e1e2ffbf4fc02085ce4dbc529,354,176875,6,1.6,Adobe PDF Library 8.0,13474,0,0,0,0,2,13472,,False
354571.pdf,1101550217537853721ba9888560b052cac2c2b270b06a243067bba4b67c1bb2,354,747184,77,1.6,Acrobat Distiller 6.0.1 for Macintosh,157786,0,0,0,0,452,157334,,False
354573.pdf,b6517f91a528240999488fb70469b50c7cd3b76bcd3162d3028c49efca6e3cb3,354,1355182,7,1.4,Acrobat Distiller 5.0.5 (Windows),16790,0,0,0,0,416,16374,,False
354574.pdf,7c2b7765f962deebffd7b8b2a0cb0053088cff18e5c295f4a7a5bc8e78263f77,354,3754217,40,1.5,Adobe PDF Library 6.0,74753,0,0,0,0,228,74525,,False
354575.pdf,07c73f6c6dd2a466dafd0c11bcdb78aa3e13e489892a43274bd604bf5f43cd62,354,3764998,23,1.4,Acrobat Distiller 6.0 for Macintosh,43909,977,0,0,0,15461,28448,,False
354576.pdf,d51b769f1a9655d60ad28081e108188b89a504a07e076e1b08896b7efbfd85d3,354,144918,9,1.4,Acrobat PDFWriter 3.0.1 for Power Macintosh,23365,0,0,0,0,0,23365,,True
354577.pdf,4910fdb101aca43e64c2a3626cb87365768daa5570241b60a422bd5bf7004eff,354,212604,37,1.3,Acrobat Distiller 5.0 (Windows),96864,0,0,0,0,0,96864,,True
354579.pdf,5915f9b61835e0a20a6bd99355c23a625cd89d06860f0880781a8819b64580cf,354,55417,8,1.4,Acrobat Distiller 6.0 (Windows),7361,0,0,0,0,0,7361,,True
354580.pdf,2eae6b76fc1612ec780bc1d079ca01e8833b4fae955acd591413ffa87a724dcb,354,1537145,51,1.2,Acrobat Distiller 5.0 (Windows),87813,0,0,0,0,63,87750,,False
354581.pdf,092098e613eff62389c1b375016d8cefc7b089805bbb3a854e9447a683cde292,354,450540,31,1.3,Acrobat Distiller 5.0.5 (Windows),65478,0,0,0,3,0,65475,,False
354585.pdf,55ff501a8cac1b0fd0c50c513ec9db983977b748b495ed9312b3cb14ff8144b7,354,96492,1,1.5,Acrobat Distiller 6.0 (Windows),3552,0,0,0,0,25,3527,,False
354586.pdf,83a4bbb6bf6f5fb070b29ba6df24b34b46bec7bc3b72fddac58949bc2ac86a5e,354,15797,2,1.4,Acrobat Distiller 6.0 (Windows),5478,0,0,0,0,0,5478,,True
354587.pdf,b63920d0582a0a54e832eaf66e5b5881753bfb3a96c5080751620e9b49dd2ec8,354,32417,4,1.5,Acrobat Distiller 6.0 (Windows),6909,0,0,0,0,0,6909,,True
354588.pdf,211eebc8312eea404deb4f109ef179bf4ebe087d9bed9cd5eb1ca53fe034d19f,354,273360,2,1.5,Adobe PDF Library 7.0,5399,0,0,0,0,5399,0,,False
354590.pdf,2522ef418b433b4b798b9232a913509afa4f32b7432e7c12bd83860602b4f81c,354,478391,10,1.4,,44025,0,0,0,0,240,43785,,False
354595.pdf,36620530eecc847d0be8d4a3c94f0bd746dac385fb1f2721680a9e0a605bb542,354,197016,2,1.3,Acrobat Distiller 5.0 for Macintosh,7120,0,0,0,0,205,6915,,False
354613.pdf,5479a044611dde1ec0509c8bbc5b38d922fae3b04986a805460217df00312f77,354,252799,10,1.2,Acrobat Distiller Command 3.01 for Solaris 2.3 and later (SPARC),51370,0,0,0,0,0,51370,,True
354619.pdf,a420dcc6f8d0acb9dac78763d0d2497ae2311a575efe09a17d2c34761ec12501,354,1118651,443,1.4,Acrobat Distiller 3.01 for Windows,517080,0,0,0,0,0,517080,,True
354622.pdf,9f29d311272f868ff9bc977426a1e7e64260ed27859c9ce533ff374cbd814825,354,912384,228,1.4,Acrobat Distiller 5.0 (Windows),478440,0,0,0,0,4243,474197,,False
354626.pdf,57ee22db2bf8c74b7a2ecaaa0a9574cfe079c8fcb932cd2b7c261de7f65c5b73,354,161208,5,1.2,Acrobat Distiller 3.02 for Power Macintosh,0,0,0,0,0,0,0,,True
354627.pdf,db89ec8990cccc231f09769284f95f777096bb59de301ff0831fb216dce2f62c,354,107293,6,1.5,Acrobat Distiller 6.0.1 (Windows),27873,18582,0,0,0,0,9291,,False
354630.pdf,14c92900d35a6be4b963711e635fa22271ddefd5ea4b1a3e97c18ad2d94a8fe0,354,2155255,29,1.4,Acrobat Distiller 7.0.5 (Windows),43327,0,0,0,0,0,43327,,True
354631.pdf,f31c284db55e72a61897bd3b59e0135efbab09abc8bb13ad86686e89f56c17f7,354,776851,40,1.5,QuarkXPress(tm) 6.5,162617,0,0,0,0,7206,155411,,False
354665.pdf,cf95e7cbf8e59af6b161fb01abaec8e286ceff04beca0556bc68286d4de60739,354,26242,2,1.2,Acrobat Distiller 3.01 for Power Macintosh,2320,0,0,0,0,99,2221,,False
354667.pdf,50026be531de6a87997da9b48158e030dd332a53c6f4c9e11adc79a3d76682f9,354,26441,2,1.2,Acrobat Distiller 3.01 for Power Macintosh,2201,0,0,0,0,99,2102,,False
354668.pdf,efb14f92e8824408a6b34dc82aa0fb982db71f526920b9361bbe45dd70de1d84,354,30665,3,1.2,Acrobat PDFWriter 4.05 for Windows NT,4455,0,0,0,0,7,4448,,False
354674.pdf,50055ae12c863a865f43c3ac01a2348d6a1ddd4303b8e279b111fd885aaa9b26,354,30632,3,1.2,Acrobat PDFWriter 4.05 for Windows NT,4588,0,0,0,0,7,4581,,False
483016.pdf,7c5e4072af73c3a164dc40dedd50981e8ead3d40e42dd46e7e28eebd9f9db1e2,483,248259,5,1.5,,13949,0,0,13949,0,0,0,,False
483024.pdf,089a9b828bda093aa479995307b15161449a3b65ecdf31507c149245094b6980,483,11224,1,1.4,Acrobat Distiller 6.0.1 (Windows),1890,0,0,0,0,0,1890,,True
483025.pdf,e12bb3d485f390adba85dd9d7e19745101ab7322994ccf87651ebd87a420351e,483,19946,9,1.2,Acrobat Distiller 3.01 for Windows,18870,0,0,0,0,0,18870,,True
483031.pdf,0d20816aeee06366aeb5bed6ec0177dc95e754d4e1b10042f529fbb6ee41e676,483,18012,1,1.4,Acrobat Distiller 6.0.1 (Windows),1762,0,0,0,0,0,1762,,True
483034.pdf,b316921ef0076d44c7addfbd760a12f08c36ab84fd656ab7e49ea7ca54c40ee8,483,445343,2,1.6,Acrobat Distiller 8.0.0 (Windows),3462,0,0,32,0,0,3430,,False
483045.pdf,d8b94c7b258876034bfd27d608e7b67dc3e0688b4ea74ecde3ce91e39fa2dfa8,483,504516,13,1.3,Acrobat 4.05 Import Plug-in for Windows ,0,0,0,0,0,0,0,,True
483046.pdf,86f32795199b6ce4110a1736b6818bf77998d086ec7ddde8d7c47c20cb70a5d9,483,359731,20,1.4,Acrobat Distiller 5.0 (Windows),40128,0,0,0,3,0,40125,,False
483055.pdf,7917177494515d420d61c9866cdaeba465e186ffe855483e2c3135c02e417dea,483,75495,5,1.3,Acrobat Distiller 5.0 (Windows),12672,0,0,0,0,0,12672,,True
483090.pdf,87d4ca023e5f6b207d5766d518fb9d314417a908fd1e255ce68a61dca8c6f0d4,483,8433,4,1.3,Acrobat PDFWriter 3.02 for Windows,5439,0,0,0,0,0,5439,,True
483092.pdf,00a54d4a85acb14c26ce0f7452a7cee67476b860a017fa060e373221d3345910,483,39507,1,1.3,Mac OS X 10.3.9 Quartz PDFContext,1643,0,0,0,0,0,1643,,True
483094.pdf,3406f9398abc55fd6c2b032e9959974cd9af2a7ca478c1e4c0e97144a38ca6f9,483,73147,2,1.6,Acrobat Distiller 7.0.5 (Windows),3227,0,0,0,0,0,3227,,True
483098.pdf,57d1407abf394b3f5703c3e0cf55f4b2c008f5462fb346ef0eb3331bc0006e53,483,303868,12,1.4, ,16011,0,0,16011,0,0,0,,False
483100.pdf,a2ef73f16fdb577ca726260867083ee228f3b25f9bef1575e44cd1feec89bdd5,483,279888,1,1.3,Acrobat Distiller 4.05 for Windows,3206,0,0,0,0,0,3206,,True
483101.pdf,19993de07c1c012dda120c62a3498902170a1649091803912e2024dc8f75aceb,483,34497,2,1.4,Acrobat Distiller 7.0.5 (Windows),4052,0,0,0,0,0,4052,,True
483104.pdf,46aea869a43f0fde5bb8378e5294c72d39db0e0fd054094373eeac19dc3312be,483,36860,2,1.6,Acrobat Distiller 7.0.5 (Windows),4419,0,0,0,0,0,4419,,True
483107.pdf,f0bebf1ee5e18f6ebf03bf3fab9b7314ffa49371b5824954fbf66617f04028d0,483,521577,12,1.4,Acrobat Distiller 6.0.1 (Windows),37282,0,0,0,0,1350,35932,,False
483130.pdf,cfe3d6bf01d257fa179a5be3bb49359e5e850beba207e2ddc4f457f9ab29659b,483,18596,1,1.4,Acrobat Distiller 7.0 (Windows),4189,0,0,0,0,0,4189,,True
483138.pdf,c5131e172745616d7b479ba1afe6d0ee537b3fedb10536debedf3aae035b06d4,483,2721293,20,1.5,Adobe PDF Library 4.0,9616,1,2,9616,5,0,0,,False
483144.pdf,04b7d96a82ba8c931fee56a6b12cdfb41e85d9ba28f9f052f304c744955868aa,483,441151,6,1.2,HyperGEAR PDF Make Library,0,0,0,0,0,0,0,,True
483146.pdf,dd50c4cf7c6add1f2c0842b261a2a5306c84b6e74cba3451cafdfb7e7ac82628,483,116000,6,1.3,Acrobat Distiller 4.05 for Windows,14011,0,0,0,7,0,14004,,False
483148.pdf,4dfa6fa6be731547d4dbe5824e10cb1a8bc381010757cc2675754fb5fa50fc2f,483,612571,6,1.4,Acrobat PDFWriter 3.03 for Windows,20753,0,0,20753,0,0,0,,False
483164.pdf,b6e77306bfcaae93ea8f58de59055f9600a5ad84a88f5eb28aa37d2326c71a93,483,171876,3,1.6,Acrobat Web Capture 7.0,9416,0,0,0,0,284,9132,,False
483166.pdf,903894eea5661eac271e39bb3aa550d1d3ff424ac632756a8c7176ee677c9972,483,659853,11,1.3,Adobe PDF Library 6.0,23350,0,0,0,0,519,22831,,False
483169.pdf,171616a9796d1388648190ec4b69baac8f8ae1234583c3c364d9faa37ad23606,483,2960222,4,1.2,Pdf-It version 4.020,39218,0,0,39218,0,0,0,,False
483210.pdf,878db5911effd8fd2bcd31770a93e5c8dc449b33fd8d8f2c7aa9d473934fc15c,483,44259,3,1.2,Acrobat PDFWriter 4.05 for Windows,0,0,0,0,0,0,0,,True
483215.pdf,1cedb5be3caf24e050f5b993a18dc4f856978fd0ea1b01f6954a0691f8330c12,483,111366,2,1.4,Acrobat Distiller 6.0.1 (Windows),3553,0,0,0,0,0,3553,,True
483216.pdf,ee821404a9faef8cbd769230675525305482d3309681c7b2c9ecee6806fe79d9,483,279432,8,1.2,Acrobat Distiller 4.05 for Windows,16602,0,0,0,3,0,16599,,False
483217.pdf,f1d9b63ea58eaa6ae08313560bddc8147815a87b0a751cf2609019c541c40a11,483,2025354,87,1.5,CVISION Technologies,0,0,0,0,0,0,0,,True
483239.pdf,da49842a4f553ab438a8cf7ec30560e2657317030e2256661402751b888d0a23,483,784026,8,1.4,Acrobat Distiller 6.0.1 (Windows),27264,0,0,0,0,0,27264,,True
483261.pdf,ea232cd536d2768b1e293c4dd95974e59dfb1f1260a521dfc27a1a13c8ea969e,483,454214,2,1.4,Adobe PDF Library 7.0,7599,60,0,0,0,0,7539,,False
483266.pdf,aba0c398c1ddaec0d08408047434aa8119347f3303e0ab57caf5958a6cd83780,483,2065204,52,1.6,Adobe PDF Scan Library 2.3,0,0,0,0,0,0,0,,True
483275.pdf,35ae1e39f352921e42bb9524a0176d182d66752e9b4e762c52ab6c88d70cbc0d,483,429318,30,1.4,Acrobat Distiller 6.0.1 (Windows),81709,0,0,0,0,0,81709,,True
483282.pdf,3ba75754adb2e6033d2e0e6b474fbf7ced5dfb58a2e185bad11afc38394a3ba4,483,38630,13,1.2,Acrobat PDFWriter 4.05 for Windows,22812,0,0,0,0,0,22812,,True
483283.pdf,46c3c11d06dd0a05effc48cdd2e96feb490ab2bf2edf4ee2e03671c4e7687ad5,483,198112,69,1.5,,108717,0,0,0,0,0,108717,,True
483285.pdf,0a843880c862f6a7d771a4c51befebefb63b2dd5174a795e6d9234dc290fd8fe,483,59201,21,1.2,Acrobat PDFWriter 4.05 for Windows,38404,0,0,0,0,0,38404,,True
483295.pdf,9beaa73f6036b4cb175089ba0e723e20d089b7577e3fd7d4cf7ed291955919b8,483,115869,9,1.4,GPL Ghostscript 8.15,25627,0,0,0,0,0,25627,,True
483314.pdf,3af0b49015fdc7d4028d58422c6b2a02bb7b18bd1bc4ae53212e21f0a18b89ad,483,60024,3,1.3,Acrobat Distiller 5.0.5 (Windows),5564,0,0,0,0,178,5386,,False
483319.pdf,7322319d592e001ae34140410dcb7d9a9a7428bc8c1711993e55fb1cdd7f819b,483,51968,2,1.6,Acrobat Distiller 7.0.5 (Windows),7840,0,0,0,22,280,7560,,False
483321.pdf,8839a8fcb54cdefd24c375b44a0b6c88238e3c1e879171eabc261c48c68c3c54,483,48925,1,1.6,Acrobat Distiller 7.0.5 (Windows),3916,0,0,0,11,140,3776,,False
483323.pdf,cb290989c1fb1be96c2393f13845d2558ec12865a8df2f93ea1d2053c1d7326a,483,355694,3,1.3,Acrobat Distiller 4.05 for Macintosh,7668,0,0,0,0,0,7668,,True
483326.pdf,8355e6119881a090d919bfd7ea50c3d3e43094bbd1074f90d8b1f466197751a0,483,241931,5,1.3,"eCopy, Inc",0,0,0,0,0,0,0,,True
483351.pdf,4865f610596ebaca20f014d7b553e79b93f9b530fb97e44c2e471a4ba4b29404,483,61594,11,1.3,EXP Systems LLC (www.exp-systems.com),27216,0,0,0,0,0,27216,,True
483352.pdf,d0436d6bdec151f39e0147b67b7812d3a75a89acdb22442d1c474a233bd9cebf,483,658494,3,1.4,"Hewlett-Packard Intelligent Scanning Technology
3",5472,0,0,5472,0,0,0,,False
483353.pdf,b06c12024c7074d8aca52050868ff16e8f2385406a98e530cf4fec680d739abd,483,688151,88,1.2,Acrobat Distiller 4.05 for Windows,311389,0,0,0,0,9944,301445,,False
483355.pdf,46e36cf2da353b5f27d101fc043bbf3e2929a8d45b508746ac76809786260907,483,297390,4,1.3,"Etymon PJ 1.10, Copyright (C) 1998-2000 Etymon Systems, Inc. <http://www.etymon.com/>. ",5956,0,0,5956,0,0,0,,False
483356.pdf,7e5d6b4f392184b6099fb6e31696c501929336478ce4ad62ae8914c537f63dfa,483,188895,16,1.2,Acrobat Distiller 3.01 for Power Macintosh,17685,739,0,0,0,10,16936,,False
483357.pdf,2b068cd20876decb6c8adb37c5f166974dcd8e12329b487a4a3d0db022a57eb8,483,1003994,9,1.5,Acrobat Web Capture 6.0,4724,0,0,0,0,0,4724,,True
483362.pdf,13d4d287378841c64170dbc0b9710ae65f09c4662a355e73376cb066d1a13ef1,483,694968,19,1.4,,30440,0,22,30440,175,0,0,,False
483372.pdf,399de7a5c4517e92fe5c851a8503d29aec0f55af5391a8fc023e2e6e4974fc8c,483,466006,5,1.3,Acrobat 4.0 Import Plug-in for Windows ,0,0,0,0,0,0,0,,True
483373.pdf,1540d6a12d9b93f45922ab0e47fb5f4f6828298f984c862cf895ae19454e0be1,483,579862,19,1.2,Acrobat Distiller 4.05 for Windows,67312,0,0,0,29,0,67283,,False
483408.pdf,45b8dd31f3c80abd67af2f007ade83682bd1444a23dee2f2fdcbdb541e7001d1,483,276581,28,1.2,Acrobat Distiller 3.0 for Power Macintosh,75022,0,0,0,0,0,75022,,True
483410.pdf,af9e0f44c95b4e8acfb7174948ffae2dafcc2406db69f4f1d6d7d9730280e79a,483,129523,22,1.4,Acrobat Distiller 5.0 (Windows),41879,0,0,0,0,0,41879,,True
483428.pdf,14c1d1e7f6fd54cb2e65ffa513385d74c7e20506d3fb708ea8758b7f9eaf689b,483,186966,2,1.0,g42pdf 1.0,0,0,0,0,0,0,0,,True
483429.pdf,10898052ab5d9ef0ef5f10c1ad679faa305652fd22a05aee2defb25e295b8500,483,343544,4,1.3,Corel PDF Engine Version 10.719,8836,0,0,0,0,0,8836,,True
483432.pdf,c0cd0eee9d05cfef7e33d52bee9fafe7610ba5e4b759fa5d8e0604167d78370e,483,211051,1,1.4,Adobe PDF Library 8.0,3214,0,0,0,0,47,3167,,False
483434.pdf,dfe30104ba611eac8ad3023a17bb3837c3b0337eea6f822985815cbfffdf4f9f,483,239589,18,1.2,Corel PDF Engine Version 11.245,19076,0,0,0,0,0,19076,,True
483467.pdf,e3729bca009a3c56ac889e4ebc9c159a2c94ba156065863c9bb61119792f4a8e,483,39671,4,1.4,,23555,0,0,0,0,0,23555,,True
483468.pdf,36601a6a27824e63fd50eaa536c5ba9db5e951bb1b3df768414026ef17f6617a,483,26453,1,1.5,PDFlib 6.0.2 (.NET/Win32),1942,0,0,0,0,0,1942,,True
483469.pdf,6048b67a0ba6ba0926dff4e409b7dfc5d5846b233a895e9feb3b8812ec0c31f8,483,8050,1,1.2,Acrobat PDFWriter 3.0 for Windows,2731,0,0,0,0,26,2705,,False
483504.pdf,a03523359565a026969558f59cc14593452b44ea8e2142db4ac646545c004bb4,483,926722,15,1.3,Acrobat Distiller 4.05 for Windows,53558,0,0,0,0,0,53558,,True
483530.pdf,ccd5d5fbcde9d571194a810dea7ee5b35295c85c0c5093662262371ecb9ced71,483,60936,8,1.2,Acrobat PDFWriter 4.0 for Power Macintosh,5693,0,0,0,0,0,5693,,True
483532.pdf,949acb8e750528962b7ce57d061044a594fb5c10868a8f2775f41f6506d88ae1,483,199786,10,1.5,Acrobat Distiller 6.0 (Windows),19648,0,0,0,0,0,19648,,True
483536.pdf,2b2e248f9656022cb9f7e3c6a52dcd4fa6acf12488f20bc1ef39b1ae718a38b9,483,26824,1,1.5,PDFlib 6.0.2 (.NET/Win32),2042,0,0,0,0,0,2042,,True
483537.pdf,594ebe39662fb9aa90aeeed006e0cd365537733ccac217efa381b9ef40ad7c5c,483,108976,4,1.3,Acrobat Distiller 5.0.5 (Windows),8894,0,0,0,0,0,8894,,True
483538.pdf,ea555fbabd49402e8c4b1631f9f57185b090be61b18688073009960f8d726b9a,483,32664,3,1.4,Acrobat Distiller 7.0.5 (Windows),6242,0,0,0,2,0,6240,,False
483547.pdf,0b81167f701039c1326cc61e83507574abb147458903b7323bb15b213bad0ac4,483,49112,2,1.2,Acrobat Distiller 4.0 for Windows,8588,0,0,0,0,236,8352,,False
483548.pdf,2b6ea29f7aca04c7957bf917a1cd262963865ec459a64a50894217e900e844f2,483,53618,2,1.6,Acrobat Distiller 7.0.5 (Windows),8792,0,0,0,18,274,8518,,False
483549.pdf,9b7b86371f7adf8e978a3559dfa1234656cd4c03784bcab8c5bd2b67a191dce2,483,64008,3,1.4,Acrobat Distiller 8.1.0 (Windows),9085,0,0,0,0,0,9085,,True
483551.pdf,808650a4a72ee230707caf497b707cd1fb8181e3c2f44da8a03e0b8296aba3c0,483,3468016,49,1.4,Acrobat Distiller 7.0.5 (Windows),12566,0,0,0,7,203,12356,,False
483552.pdf,feb2a32dbc6d11263063414394f9394e469410855f38237bee815408f3503c54,483,21669,2,1.6,GNU Ghostscript 7.06,4939,0,0,0,0,0,4939,,True
483554.pdf,252cf23951825a69e6877392f6afe22af6b12deefc3752326ed49244033cea46,483,35927,11,1.2,Acrobat PDFWriter 3.0 for Windows,17843,0,0,0,0,0,17843,,True
483558.pdf,f64626aa2e04bf8e62f173bd6ee0d5988f799a75735d2e61c2409cd97efdd94c,483,1830405,62,1.6,iText1.1 by lowagie.com (based on itext-paulo-142),90834,0,0,1326,83,0,89426,,False
483559.pdf,026fadd657cf350219ecd935e57122dae47f830efa867d9b7b0e3b557d296ae5,483,1313078,19,1.4, ,2422,43,3,2422,0,0,0,,False
483569.pdf,7c34db81a2292873a430b6c8f315b9bbc003683ca3a3d86e165df13c6ce174ff,483,16168,3,1.4,Acrobat Distiller 8.0.0 (Windows),4247,0,0,0,0,0,4247,,True
483577.pdf,c402e2f5ff2a6bc37ca1018c70c7daafb5cfd9c8dc8cf7147b1d6e9e1038f049,483,423721,26,1.7,Adobe PDF Library 8.0,47491,73,0,1351,0,1796,44344,,False
483583.pdf,bdd11efb136ea06bb7d65769304b9feae4a3d2efe186a12840ccabc50faf92fe,483,1536211,24,1.2,GNU Ghostscript 5.50,64161,0,0,0,62664,0,1497,,False
483587.pdf,27f8012ee523fbf5f20ae5dfb3f1b1b42777c21e61c15da839dba1241e491682,483,1002142,42,1.6,Acrobat Distiller 7.0 (Windows),64811,0,0,19,0,320,64472,,False
483596.pdf,f2f786330014311a4ac4b65ed73ee79d92d45bfc4ae805f0f32fea3bffc0f5e9,483,131586,11,1.4,Acrobat Distiller 6.0 (Windows),28664,0,0,0,0,0,28664,,True
483598.pdf,f065afa4c46e392d7de52ba4850311a3d332a40ce6b17dd0270d163b9b456ec8,483,2248126,42,1.4,Acrobat Distiller 5.0.5 (Windows),111307,628,0,0,0,25,110654,,False
483600.pdf,1f46f141a99a6b5a93c92db5a848402c37ae40a1bb12f85c35e3e2105504aee7,483,15058,1,1.4,AFPL Ghostscript 8.54,3879,0,0,0,0,0,3879,,True
483601.pdf,1bc6aaac8ca1380b259e50f05721f5b5c24f5123805854f93af8e2e0617476b8,483,445062,6,1.2,Acrobat PDFWriter 4.0 for Windows NT,0,0,0,0,0,0,0,,True
483602.pdf,cc0b3ea64b07557f38fa98c054512ee51ee21a683285653becabfdff32c8ea50,483,2008339,19,1.4,Adobe PDF Library 4.0,18574,0,0,18574,336,0,0,,False
483603.pdf,4b7964740f3da636d631f79d41789cae75938f62e7e3ffb82ba341462a7fd0f1,483,51929,2,1.4,Acrobat Distiller 7.0.5 (Windows),2948,0,0,0,0,0,2948,,True
483604.pdf,d8c9d37431411c542c9f9e67de6eee2aed6c718d1bf97210486bde37c0ee9232,483,74992,9,1.4,Acrobat Distiller 6.0 (Windows),18177,0,0,0,0,0,18177,,True
483606.pdf,ee24b89dbbad323424d403ee0ad48dfb6b06dc6409a1ce21f161110a09e1493f,483,539506,154,1.5,Acrobat PDFWriter 5.0 for Windows NT,363979,0,0,0,0,0,363979,,True
483608.pdf,2f1b19065113a36607aafb7678b13925eed68ee4acb416dbf8f6d340c92dde47,483,101902,3,1.6,Adobe PDF Library 7.0,5271,0,0,0,3,539,4732,,False
483609.pdf,169606aaba698d6de4599d7e70bde709aa76e8956a2146d8c6181a930b3e06bc,483,103692,1,1.6,Adobe Acrobat 7.08 Paper Capture Plug-in,2917,0,0,2917,0,0,0,,False
483610.pdf,fd833d5d5333b98dcb0628008edba1a1d1b0b37183c2764827605a8002d71a1d,483,22188,5,1.4,PDF-XChange 3.40.0076 (Windows 2k),15516,0,0,0,0,0,15516,,True
483613.pdf,d826fbdf8d3370c8c503f220df55d55e3a56ee6bc64ba8ccfea850a2228d9160,483,206192,101,1.5,Acrobat Distiller 6.0.1 (Windows),241687,0,0,0,0,0,241687,,True
483614.pdf,3d679745d7636762a41cafa13e0f93efa559680a871b36f70c8fba698a0c737b,483,1986606,42,1.4,Acrobat Distiller 5.0.5 (Windows),111985,359,0,0,0,99,111527,,False
483617.pdf,8eb21c9cf4b19bc382d6a3da8d4a99c586f35e0d85c7f84c2dd4a7cbd1c578ac,483,122732,16,1.5,GPL Ghostscript 8.15,42018,0,0,0,0,210,41808,,False
483618.pdf,d51dce06cd34509f16b2e48e4c77cbcaef986131465c1cd3ac5130f25e3301db,483,291687,14,1.4,Acrobat Distiller 6.0 (Windows),34526,0,0,0,0,0,34526,,True
483619.pdf,ff2397996e2f456778a6065bcb8ea33aeaf3f911af0b8b92d2c57460f251e7b8,483,170121,38,1.3,Corel PDF Engine Version 11.410,59221,0,0,0,0,0,59221,,True
483620.pdf,51f90c0cb8d31c9c86dc05b3fa096832b0ac3de935b1b43333ba3276bccf5384,483,52032,11,1.4,Acrobat Distiller 6.0 (Windows),41365,0,0,0,0,0,41365,,True
483623.pdf,ed1207b98c3548bc79405c6e7ceeabb63c4883003b7a1765af0acf907a92389c,483,287119,5,1.6,Adobe Acrobat 7.0 Image Conversion Plug-in,0,0,0,0,0,0,0,,True
483627.pdf,2b0324c3d1c581afeaf7b170b9774a3e799f5eeb88a0cae7bb8679ac7048a748,483,80052,22,1.3,www.adlibsoftware.com:EXS3185-Windows 2003:TNG,38659,0,0,0,0,0,38659,,True
483628.pdf,9d2ce3036ceeddf86138953408b43860af22b8e25072f8fb8905b5abf4d2f24b,483,78734,28,1.2,Acrobat PDFWriter 3.02 for Windows,52348,0,0,0,0,0,52348,,True
483629.pdf,dabe3bc2c9e477bc7bbde3d5a06fa43689fd6786e95a0e07e00e2e709f578b41,483,374365,11,1.6,Acrobat Distiller 7.0 (Windows),25017,0,0,0,1,0,25016,,False
483630.pdf,16cb34f4b43e790030080c921b937667561680b8214f07172cea5f3c03559799,483,122009,22,1.4,Corel PDF Engine Version 11.4.0.100,38969,0,0,0,0,0,38969,,True
483631.pdf,1d2f535a32b829f376c08264d845daedfd9512b0b9e0ee03031fd1c7716d49fd,483,403719,5,1.3,Adobe PDF Library 4.0,23994,1,1,23994,18,0,0,,False
483632.pdf,a11335631baa5f1d8e498087b6d071c2c0f1911928609a30371c1e19ecc32e93,483,1733747,42,1.6,Adobe Acrobat 8.12 Paper Capture Plug-in,79931,0,0,79931,0,0,0,,False
483633.pdf,f764ebb30e3513368519372c07a9f565ffbe4d5084373331451e36a9569cadd2,483,1660382,33,1.3,Adobe PDF Library 4.0,64567,1,1,64567,0,0,0,,False
483643.pdf,58dd9ce135c0b01e11f199095c66ed0e4eb5f137a03f438a8f383f786ac499dd,483,3375548,90,1.6,Acrobat Distiller 5.0.5 (Windows),229677,0,0,82,4,0,229591,,False
483645.pdf,db11c512817cef80c4b137a7455ca0396d4631440b107762db8825ebcf3961b3,483,1055019,61,1.6,Paperless,0,0,0,0,0,0,0,,True
483646.pdf,722df0830400cf0dc5bc0611f11bcaec3bf55e4fdc2aeba354a7c86a1d9b31fe,483,719808,9,1.4,,21436,0,0,0,0,0,21436,,True
483656.pdf,8ca1c037d5514b176c4cbf291c7b4c95f09d5d1914bb4d142c22c136afce9ca8,483,2329764,54,1.2,Acrobat Distiller 3.01 for Power Macintosh,67698,0,0,0,0,233,67465,,False
483674.pdf,0289107e4aaad0f129d174c6ead3774abc3ec9ee36712897e4e6b1e9330a830a,483,539313,14,1.3,Mac OS X 10.3.4 Quartz PDFContext,40755,2,0,0,0,0,40753,,False
483686.pdf,b9832494ab3a54de04d5db9a518a28811686e4324e85596b4dae101c6ac98250,483,57115,4,1.4,Acrobat Distiller 8.0.0 (Windows),5985,0,0,0,0,0,5985,,True
483695.pdf,46025dbfecd526d41453b9d6195b38bdb17dec2a581a3d5f3fc00874e04ae933,483,118866,1,1.5,Acrobat Distiller 6.0.1 (Windows),0,0,0,0,0,0,0,,True
483696.pdf,f1456bcac949d5e99e0d1ea440b64206e2d0b41f406a05ab503b2f50c3de87ff,483,4574941,99,1.3,Adobe PDF Library 4.0,151219,13,63,151219,30,0,0,,False
483701.pdf,7e8b77367935f395de59214aaaa4396a707c411e4a6831a1dcdd08f74b9c48e1,483,18000,2,1.5,Acrobat PDFWriter 4.05 for Windows NT,4690,0,0,0,0,0,4690,,True
483702.pdf,1bcc6eb47f14aff6c5c061c6eb25b27eeb28e15f1ddc7dcf636b740e5048cd0e,483,22084,1,1.4,Acrobat Distiller 7.0.5 (Windows),1086,0,0,0,0,0,1086,,True
483707.pdf,573cb407b9bfb1eb3875ef1215ab4501fe91d0caf827d05ae50157da9f0375e0,483,279298,7,1.3,,24746,0,0,0,0,490,24256,,False
483722.pdf,9b5600ce8425e439bd329f425525ea09b739e8fbbef489ae29e03f0b3961eae6,483,3636884,192,1.3,Acrobat Distiller 4.05 for Windows,245913,0,0,0,0,0,245913,,True
483733.pdf,d17ae037ef729cf83e7ca1b3715d84a141c6179b9a4224459a195fe2fa5b5678,483,22242,1,1.4,,0,0,0,0,0,0,0,pdfminer.pdfparser.PDFSyntaxError: No /Root object! - Is this really a PDF?,False
483739.pdf,b9614b0772ec2f92649f5d35a8145230d4fc051b20c3976a5496d3d20b5a24e7,483,23314,8,1.3,Acrobat PDFWriter 4.0 for Windows,15137,0,0,0,0,0,15137,,True
483746.pdf,009e2bb9b94f5db410a79e1994dcbe74ad04cd9f662355d0219bfa484018cd3b,483,83544,8,1.3,Acrobat Distiller 4.0 for Macintosh,7828,328,0,0,25,705,7098,,False
483753.pdf,c364ebac29100f288e7d2e4bb4002318a389840cc486f773beb4b2efa8257a39,483,230948,2,1.4,Acrobat Distiller 8.0.0 (Macintosh),7810,0,0,0,0,7037,773,,False
483756.pdf,d3fbae61ba2fb8ec5804a448cfcd7f16607f77123d0aa16dbc57395837849d6d,483,496193,6,1.4,Adobe PDF Library 8.0,13535,0,0,0,0,13535,0,,False
483757.pdf,8240acd3c55c7f4aae8689cbdf5651dd59a87991b6abd2ff55fb54fb588265cc,483,256819,25,1.4,Acrobat Distiller 5.0 (Windows),51634,0,0,0,0,2961,48673,,False
483758.pdf,7fd4d3e3c1ca089f8f021a7a27eedc1dc0fe78384c2aff56341e2c07126939d6,483,3085346,32,1.5,Acrobat Distiller 5.0.5 for Macintosh,38344,0,0,0,0,1547,36797,,False
483760.pdf,96bcc5a5d3c298ee02f16623b3177f584b2f9391be9274fc3529878bfdb9296c,483,272305,2,1.4,Adobe PDF Library 7.0,5031,0,0,23,0,2023,2985,,False
483774.pdf,8ca7dc7e61ab1eb2ced8c68d8cf388c64c19398a8a89d968c07457bbd6968318,483,17922,5,1.4,Acrobat Distiller 7.0 (Windows),7768,0,0,0,0,0,7768,,True
483782.pdf,13583d9b1204cd0128e25c2e62470d819b8b876a591041f021f97b448ede4534,483,2071176,28,1.2,Acrobat PDFWriter 3.02 for Windows NT,0,0,0,0,0,0,0,,True
483784.pdf,80809d6e40d2215875750ac5547fd6b6b6c708b0071c1807e7c1f50324534b89,483,358839,75,1.4,iText 2.1.4 (by lowagie.com),303758,0,0,0,0,0,303758,,True
483789.pdf,b61c30a94f68d45765b9cd435682defdc02029e587aba746fff49e03e02cc2a8,483,228710,46,1.4,iText 2.1.4 (by lowagie.com),193041,0,0,0,0,0,193041,,True
483830.pdf,5db81e99f77b41fb3f6bf1994c091d463131eadf9eb3c03c3e659574b92e8b01,483,13355,9,1.2,Acrobat Distiller 3.01 for Windows,9632,0,0,0,0,0,9632,,True
483833.pdf,3ee9159d355596f8a0e04d8702118e4cf8ba3f3f7d3302dd24ad9957811446a3,483,395633,34,1.4,Acrobat Distiller 6.0.1 (Windows),48000,0,0,0,0,0,48000,,True
483834.pdf,443fb99e640aaf14463befdb6df82da2548d334fa520164512c19558e0d9971d,483,8060,5,1.2,Acrobat Distiller 3.01 for Windows,4643,0,0,0,0,0,4643,,True
483835.pdf,01756bac05ee3cb330575fe8cda0ea21e9d1cad294d1b78f212576fa3c226799,483,864964,18,1.5,Acrobat Distiller 4.05 for Windows,43432,0,0,0,0,0,43432,,True
483837.pdf,3337eaa83f1ac13015012bffe943d80c896c2076404f08727c6b8d04b0e67a3a,483,101928,10,1.4,Acrobat Distiller 4.0 for Windows,9736,0,0,0,0,0,9736,,True
483838.pdf,f1488b921b660527d7584312b9f844860d6ac04f9933576bd26dc6d351dda934,483,3475943,67,1.1,Acrobat PDFWriter 2.01 for Windows,68844,2,5,68844,46,0,0,,False
483839.pdf,a637bc1c8b9e4699ef1b4a53dfd3483992b6673ca3816bbba8b6ac8497761079,483,1480906,3,1.6,QuarkXPress(R) 7.1,6708,0,0,0,0,182,6526,,False
483840.pdf,206e5f052996f6997fe94ee2d554dd3a2f85e8b1a6cb14ec8cd486c4cc8f6fc1,483,3400692,118,1.6,Acrobat Distiller 7.0.5 (Windows),257475,0,0,5,141,0,257329,,False
483841.pdf,e17a70e0f65a69991aca2dd5e1d2c31b85193a1bf027312ac9a410b8d4d58be3,483,241099,2,1.3,QuarkXPress(tm) 6.5,6495,0,0,0,13,6285,197,,False
483842.pdf,7124fca88a25ec3b70a4a5a9ea029b4f824e472e95cae5a5bbf3cfd643df9cb8,483,1489985,26,1.4,Acrobat Distiller 5.0 (Windows),5722,0,80,0,0,287,5355,,False
483843.pdf,3f5b13cddb50407a82b9ddefbe2b295cabe23aff519e3411adfd2d81bed39f94,483,119071,7,1.2,Acrobat Distiller Command 3.02b for Solaris 2.3 and later (SPARC),17034,0,0,0,1254,0,15780,,False
483844.pdf,08398b4a83dd12ddb6713c840a8fa1eb74cd7cad4c9789789a8c90c70e93054f,483,618398,8,1.3,Adobe PDF Library 4.0,23277,7,2,23277,11,0,0,,False
483851.pdf,a20c0789d8020ccf37f10009c8c3bbbe75e2b804c4075b14f1d2f267f4810875,483,17854,1,1.4,Acrobat Distiller 6.0.1 for Macintosh,2134,0,0,0,0,0,2134,,True
483853.pdf,1aca3f8eb669775c71b32fab4439600b19e76b05e1088a83b9d17bafd8840b5e,483,533540,4,1.3,Acrobat Distiller 5.0.5 (Windows),12582,0,0,0,0,0,12582,,True
483854.pdf,bfe364c515b40da55c598866b0fc33363935991cc4cdbce1930a65f13c3918d8,483,940500,34,1.2,Acrobat Distiller Daemon 3.0 for Solaris 2.3 and later (SPARC),123983,0,0,0,4,0,123979,,False
483857.pdf,8dab4b299b71232eff0999d50679eed3f54279a3294c59fbf7a7ae162cd89ce1,483,781247,87,1.3,Acrobat Distiller 4.0 for Windows,165914,0,0,0,14,160,165740,,False
483858.pdf,3c5249d141a17b59de10d6e72633fbd0b563e70a6d8e64a33a325a10f05a6d27,483,837352,19,1.4,Acrobat Distiller 5.0 (Windows),39995,0,0,0,12,77,39906,,False
483862.pdf,1e9d3fcd4a648a7823bccaf78e0bfc0052a1543277d53c23e5d5714132f46f11,483,186211,2,1.4,Acrobat Distiller 5.0.5 for Macintosh,7068,0,0,0,0,6817,251,,False
483865.pdf,8ef971367986a116a90a7aa863503be7b6c909334fbd082a124098a985a57b9d,483,1439557,25,1.3,Acrobat Distiller 5.0 (Windows),5043,0,0,0,0,212,4831,,False
483870.pdf,e9878e1e7856525eb0caf936b1c84bce2c43d5dd69fe0dfe851a511abd17e61c,483,365614,4,1.4,Acrobat Distiller 8.1.0 (Windows),12146,0,0,0,6,0,12140,,False
483871.pdf,ffb403f722540617fec42f1f36f595b21343d3c077d6a9dfff46010c8b8442c2,483,462246,45,1.5,Acrobat Distiller 6.0.1 (Windows),137819,0,0,0,8,0,137811,,False
483876.pdf,6d4c1cf06447770ba5aec4eac5905ec81eb149200fe4d3533f4ebee7fbc82ae0,483,684221,63,1.6,Acrobat Distiller 7.0 (Windows),114295,0,2,0,17,0,114276,,False
483886.pdf,cd1a66e065dc0e04a97991f6e7eec635cf2c17c018a157e656a279640938938a,483,1124451,24,1.3,Acrobat Distiller 4.05 for Macintosh,47929,0,0,0,0,9754,38175,,False
483887.pdf,fc7515a7404ec99daea49fe10e8918f7e6bb36bef50b6b2c36c25559f35ca9f0,483,293699,49,1.6,Acrobat Distiller 8.0.0 (Windows),104439,0,1,0,0,0,104438,,False
483889.pdf,545a03b20b568446821ea8cef6fc58521635e27345a7b35309a84db580051b7d,483,4041201,13,1.3,Acrobat PDFWriter 4.0 for Windows NT,0,0,0,0,0,0,0,,True
483891.pdf,5a65c8df85595cb6cdbadbd42b7022ee4baafc6fceade9d1c94e6337ac1e0458,483,908577,5,1.2,Acrobat PDFWriter 3.03 for Windows NT,30145,0,0,30145,0,0,0,,False
483892.pdf,201708d29c4cee1586779533a4196c1a1f3760798c0db80db0d000d430c28403,483,561033,10,1.4,Pdf.Capture version 5.2,18133,0,0,18133,0,0,0,,False
483895.pdf,da65590d6e127ab176af2436bde8ab0f15197e650b30b6a639635b18bec5849d,483,1334303,73,1.4,Acrobat Distiller 5.0 (Windows),112914,0,0,0,0,0,112914,,True
483900.pdf,238ca1e5bf67486f90e96cd697bcd10b9f5f9c8ab1a6d0a6da213f78f07b189d,483,2620690,34,1.4,Mac OS X 10.3.4 Quartz PDFContext,9945,0,0,0,0,35,9910,,False
483901.pdf,c5791c62da02e46b8867f3f5f093ac2ff888bef29f08c6f349a39593fa2fc992,483,113891,6,1.3,Acrobat PDFWriter 4.0 for Windows,16061,0,0,0,0,0,16061,,True
483902.pdf,8429ffdb88640411c0dc1cbea9d2aea2ac09d8bdd1fc49e1ad0da160c11ab6dd,483,183814,6,1.4,Acrobat PDFWriter 4.05  for Power Macintosh,5191,0,0,0,0,0,5191,,True
483903.pdf,818bd1abcf3eccddaaeff44b4816356bc69db097964bbd8583cf7ff91355bfdb,483,153653,12,1.3,Acrobat Distiller 5.0.5 (Windows),23217,0,0,0,0,0,23217,,True
483905.pdf,803ca46a6519ae6b7c1a49001f44a27f5817cc95b8100439a2d4a814e1b267bf,483,162117,1,1.5,Acrobat Distiller 6.0 (Windows),2930,0,0,0,0,23,2907,,False
483906.pdf,e88d359f67dbfd430b21af8b1cbdde5660215d6ca5b8a8abd0fdb6d4011eee06,483,19601,1,1.5,Microsoft® Office Access 2007,1925,0,0,0,0,0,1925,,True
483910.pdf,5821e4ffb2893c76429493f3216a489d9281bc20f377338e6c8baf44246feaae,483,528007,17,1.2,Acrobat PDFWriter 2.0 for Macintosh,36318,0,0,0,0,0,36318,,True
483915.pdf,52a617f3853ec90e5d05e1ab33eed72a195f40ee8381b2d6492af36c8ebda074,483,535063,7,1.1,Acrobat Distiller 1.0.2 for Macintosh,18659,7,0,0,7,117,18537,,False
483916.pdf,b2e7c183801c993da5bf989dc7621670b5d2f57044e9f011cc924702f85d02bf,483,180074,30,1.2,Acrobat Distiller 4.05 for Macintosh,80977,0,0,0,0,124,80853,,False
483921.pdf,f3ac4fea41270f3dfa22d25da3913a2da89f8b2c7f654df867e2c2aee9d26671,483,76417,16,1.3,ECMP5,27054,0,0,0,0,0,27054,,True
483923.pdf,2252b67579455abd819233036dc475251d30b6b3d84e2bfbcd0d98b3c61f7964,483,3867728,266,1.3,Acrobat Distiller 3.01 for Power Macintosh,368936,0,0,0,0,313,368623,,False
483956.pdf,3730853cb0496cb8401ce785e22bf422f068d29616d584580c0dd671a3ad1a30,483,18477,4,1.2,Acrobat PDFWriter 3.02 for Windows NT,4681,0,0,0,0,0,4681,,True
483957.pdf,9cc945775dd062f6517163ef3812d4f856b3fef2be33d37355ae8b7de69e8e7c,483,177751,32,1.4,Acrobat Distiller 8.1.0 (Windows),55505,0,0,0,0,0,55505,,True
483958.pdf,f0664d5c289750c638843ce5060afd53f9897e5a288f9f2f02454e81348703fe,483,55698,4,1.4,Acrobat Distiller 7.0.5 (Windows),9282,0,0,0,18,18,9264,,False
483960.pdf,8c56c39265f04fdb518ef5bf04a9d999279f6c8597b3961307b07c123123161e,483,273771,1,1.4,Acrobat Distiller 5.0 (Windows),3575,0,0,0,249,249,3326,,False
483980.pdf,525efe12728276098c0ccd083549d37f552615eee7114cad4eb22a1efba6ef33,483,266700,16,1.4,Acrobat Distiller 7.0.5 (Windows),2902,0,0,0,0,0,2902,,True
483981.pdf,aeb84b540f18de933cb1b7bd141484091c7e610ca5964ec671786a4cc6558207,483,137646,3,1.3,Adobe PDF Library 4.0,4402,0,0,4402,2,0,0,,False
483983.pdf,5d31be842716140ce62ed9d3d7ac70d5c9112171070e57ed7b0b520b71148084,483,28270,2,1.4,Corel PDF Engine Version 11.4.0.100,2500,0,0,0,0,0,2500,,True
483984.pdf,890b31cb84a6b4a326db9a6508fca64b0da305cb50209f670a7fffc63e9e18b4,483,21188,4,1.4,Acrobat Distiller 7.0.5 (Windows),8800,0,0,0,0,0,8800,,True
483998.pdf,12342bf289f17b355a64e3c2f3a66b02022d1e8c6ddfe42bb720fd4f447aa0ad,483,403993,8,1.6,Acrobat Distiller 3.01 for Power Macintosh,9682,0,0,6,0,4,9672,,False
483999.pdf,4eef36809fe0b146c424df82d7c44ae0aa2263baca585d29189c7e3c2a004122,483,1676418,12,1.6,Acrobat Distiller 3.01 for Power Macintosh,12387,0,0,39,0,1,12347,,False
507000.pdf,d2c0bb818e83af3c15fa16afa755f7f8ccc97ec7a6b3ccb77a546d48f49614b1,507,15131,4,1.5,Acrobat Distiller 6.0 (Windows),23569,0,0,0,0,0,23569,,True
507005.pdf,ca4680a56bf8a5ac546fdb3e19d8e857c224fcc61f52b04f87eda73299f6baf5,507,91616,4,1.4,Corel PDF Engine Version 11.4.0.100,6544,0,0,0,0,0,6544,,True
507006.pdf,b7833d21810a204642f33165c005d598e4476471a897ce352bceb5f34b6bc32e,507,387226,50,1.5,Acrobat Distiller 7.0.5 (Windows),237025,0,0,0,0,0,237025,,True
507008.pdf,2f3f2d24c62ab2d29cd1a3b152706d3c180c8a9b4190f4eee5e270a7f00e464f,507,49914,2,1.4,Acrobat Distiller 7.0 (Windows),13507,0,0,0,14,280,13227,,False
507016.pdf,de33e54d5bc36461d4f0c0c1dc1c787f70e4908cef6d744e0dea31b01921ffca,507,39244,7,1.4,Acrobat Distiller 6.0 (Windows),16469,0,0,0,0,0,16469,,True
507027.pdf,9d6588f8490db6e585699c484a4e8dd270d0d1bbe56f0b95fd5ce59c0ef13c97,507,394357,115,1.1,Acrobat PDFWriter 2.0 for Windows,200116,0,0,0,0,0,200116,,True
507028.pdf,2d6bf2b86c61740e10cee876b9a0c459b79a02357058c6ba9a82298c5686f1c1,507,229337,98,1.2,Acrobat PDFWriter 4.0 for Windows,283353,0,0,0,0,0,283353,,True
507029.pdf,2b44bc0d4d61a46803662071abea079595ea1b4eb27efdad6bf38cf08feec2e1,507,28488,13,1.3,Acrobat Distiller 6.0 (Windows),16231,0,0,0,0,0,16231,,True
507045.pdf,e418cf3b207413d82dc142ab92c8961f9483d93a2246bd47df60a9a3ba4d93eb,507,347205,140,1.2,Acrobat PDFWriter 3.03 for Windows NT,265360,34,2,0,0,0,265324,,False
507057.pdf,8199783c974e6c9290c88a0238992d97c958e59630e6e087eb2e89602bf472b7,507,578707,35,1.5,Acrobat Distiller 6.0.1 (Windows),73614,0,0,0,0,0,73614,,True
507058.pdf,5ff4ee53d040491655a5f021510025d6539d8e8882973c9cdd6c5f7fee51bacb,507,563466,35,1.5,Acrobat Distiller 6.0.1 (Windows),71642,0,0,0,0,0,71642,,True
507062.pdf,00fcf4a4049aeef891204a1345fc942a2b4ab956ba3c23f550b62c814213a700,507,344592,42,1.2,Acrobat Distiller 3.0 for Windows,164840,0,0,0,0,0,164840,,True
507063.pdf,69b471785bda7c7447996d9a2b8c828c6726f3826e8a135329f93a40adedd290,507,274139,43,1.2,Acrobat Distiller 3.02,173819,0,0,0,0,0,173819,,True
507064.pdf,1fcc6361cbb0c334cfb257f1b053a7d94ce62599b3f8bb6778ef3cc941b725f6,507,169571,57,1.4,Acrobat Distiller 7.0.5 (Windows),207043,0,0,0,0,0,207043,,True
507066.pdf,c1911f36793e60aa46de8dce4ddd023382b8624cef76b03f7fd1ddd84548cf66,507,103382,7,1.5,Acrobat Distiller 6.0 (Windows),23195,0,0,0,0,1400,21795,,False
507067.pdf,2490899ed0d2575e21482032adc93e203dfb42142e525efe4485e012db6e2fe7,507,782251,23,1.5,Acrobat Distiller 7.0.5 (Windows),9586,0,0,0,0,7,9579,,False
507068.pdf,b64f30b8df9774e230897b0f3c200a6ce2b0ab8cf654b8fcacc02aab496e2a5d,507,87300,11,1.5,Acrobat PDFWriter 2.0 for Macintosh,37311,0,0,0,0,0,37311,,True
507070.pdf,b2abb088b4594569396136c12332131ddd7b1d4806fc73c4a9c20c1bd6c6eb2e,507,135357,10,1.4,Acrobat Distiller 4.0 for Macintosh,34849,0,0,1,15,0,34833,,False
507071.pdf,f947af7c574a28d360514529c88b4e91bcd97100196defe9ba988a2e4894093a,507,232580,33,1.6,iText1.1 by lowagie.com (based on itext-paulo-142),65450,0,0,0,0,0,65450,,True
507072.pdf,ba27441eccd31d1979442f67598f0c89c282aab351c5fe6d1ebf80e659436d65,507,317971,33,1.5,iText1.1 by lowagie.com (based on itext-paulo-142),67289,0,0,0,0,0,67289,,True
507074.pdf,1ee536c5e2ce8eb659814cd8aa360e84bca4efb94f4f1eade091318d9ba584af,507,56936,29,1.2,Acrobat PDFWriter 4.0 for Windows,51486,0,0,0,0,0,51486,,True
507076.pdf,068ebf6a2c093789e6807934a1737a2d5a01b36f67e2aaf825b171adf4ca5c36,507,180386,28,1.2,Acrobat Distiller 3.01 for Power Macintosh,76915,0,0,0,0,0,76915,,True
507078.pdf,01691d12947d07c8b1c8eca0f0fdb379b0d36afdb3a02d56cac59e63a46e5f00,507,749428,65,1.6,Adobe PDF Library 7.0,172111,203,0,269,6,15,171827,,False
507079.pdf,e7bb8fa5947325b45eafe40359157cce70de45aaba8eae842abed5675e32b8f3,507,169984,20,1.4,Acrobat Distiller 2.0 for Windows,85415,0,0,0,0,371,85044,,False
507080.pdf,fcfb73e68be3114b9764b8ddc3422934efda3377336b96d2fb40b85eb8b0d297,507,749798,24,1.5,Acrobat Distiller 5.0.5 for Macintosh,63310,0,0,0,0,0,63310,,True
507081.pdf,72b7e648186cf7b97a00b0dc331a340b7b1cf891ec937b06253026f9e328c190,507,381063,16,1.1,Acrobat Distiller 2.1 PE for Windows,66513,0,0,0,0,4,66509,,False
507082.pdf,b80345fb214c96afce6a2be02a1bdec8b87751a5a16195fa1001c208e955524b,507,239696,24,1.3,Acrobat Distiller 5.0 (Windows),64704,0,0,0,0,0,64704,,True
507083.pdf,25a399350fbdfe1c817a2693be7db32ad6be3b62aee1ac3d63237544aaa25d76,507,177307,69,1.4,Acrobat Distiller 7.0.5 (Windows),193923,0,3036,0,0,0,190887,,False
507084.pdf,eedf1a2ac0d415dc053c0b9d79957bc45ba6e299b30b9e8e65a2d16c2c04c4d5,507,303115,8,1.5,,11301,0,0,0,0,0,11301,,True
507085.pdf,42a7a7c670b6dbb60249a45e986672a3b29b259911e43a0e7d9f28804a85bc7f,507,80622,3,1.3,Acrobat Distiller 5.0.5 (Windows),14631,0,0,0,0,18,14613,,False
507086.pdf,00a584c444bb18e3a4a07c1eb8b1de3b539d31506c3f9fb9782945414c22da2f,507,72447,1,1.3,pdcat (www.glance.ch),3105,0,0,0,0,0,3105,,True
507094.pdf,130834ad842bc87e5b7284c8d2c734ad49abe7f643b794563037e8cea70784b6,507,27509,6,1.4,Acrobat Distiller 4.0 for Windows,12714,0,0,0,0,0,12714,,True
507095.pdf,0b263c5c5dae856a393d3e009627b3722eea0ed8a185c7c56357a4f911acf6f3,507,27382,6,1.4,Acrobat Distiller 4.0 for Windows,13187,0,0,0,0,0,13187,,True
507096.pdf,6dd757fde1a9a01549e967307670928069148b56db3b74cabaac6e1dbd586cee,507,227588,1,1.4,dgn2pdf,1243,0,0,1179,51,0,46,,False
507097.pdf,aa5ab66fb2af5262096fc07b1e9106303490c461ec4651b976ca5b959e515c76,507,30816,1,1.4,Acrobat Distiller 6.0.1 (Windows),1379,0,0,0,0,0,1379,,True
507100.pdf,80409caf76c048e80256f10b71a31718f55999a62e7348427e0f3301a9adf99d,507,173521,33,1.4,pdfTeX-1.10b,29252,57,0,0,0,0,29195,,False
507101.pdf,3b2a05359f86cfdcb0ed79f15c66c7d6b76c0252cf2d1aad13ead97ec41f2614,507,173027,28,1.4,pdfTeX-1.10b,40660,47,0,0,0,0,40613,,False
507115.pdf,efe96bbbf1aa4bf1a5eb8f57afe3170704ce533078745ab820e21a65257d89b3,507,204590,1,1.4,dgn2pdf,1188,0,0,1124,47,0,46,,False
507136.pdf,564486015389ffd4f96b02d031b276a2f7d506ba171b826ebf42291b0f34922b,507,12495,3,1.2,Acrobat Distiller 3.01 for Windows,4020,0,0,0,0,0,4020,,True
507137.pdf,723313eae30a1f12d759989ea52a2bca4fec7b56fa5e794c4603bb4dbc08defd,507,593768,77,1.4,Acrobat Distiller 6.0.1 (Windows),26669,0,0,0,0,28,26641,,False
507138.pdf,2044a6ba9bcf9f38069a91525bdfa58d847c370bcbbeee30e293fd21103cf2f1,507,460606,22,1.3,Acrobat Distiller 5.0 (Windows),77100,0,0,0,0,0,77100,,True
507139.pdf,ae429e85b1f2e0011da488fece5485ee53805b6135c3f361c8f25d1dbf3ca7a9,507,22474,1,1.4,Acrobat Distiller 7.0.5 (Windows),1492,0,0,0,0,0,1492,,True
507140.pdf,84b59565a3a0f999ea21ff5ca66972a3499f83a962ab60e6181634d42ddbd87d,507,1360726,158,1.4,Acrobat Distiller 3.0 for Windows,189557,0,0,0,0,0,189557,,True
507141.pdf,2ddf56d2c3b77200652157b27ff329ffdeab467a8bd57e84a4c8c9014a2664d2,507,78201,17,1.3,Acrobat PDFWriter 4.0 for Windows,27643,0,0,0,0,667,26976,,False
507145.pdf,35f5e4de32f7aec662930b33dade3b73dc189da281490da90537472145cfc13b,507,52724,2,1.3,Acrobat Distiller 4.0 for Windows,14679,0,0,0,24,282,14397,,False
507146.pdf,9bcfe95ba557d98c04a2216e925ab2a067dc9c8044cc49913d0113a193959e3d,507,81342,42,1.4,Oracle PDF driver,37738,0,0,0,0,0,37738,,True
507148.pdf,a315e9e44e1e80ddd30af6480e4f04310c12135d8fdc167367644f48ff7800cb,507,147513,22,1.2,Acrobat Net Distiller 1.0 for Windows,100809,2552,0,0,0,0,98257,,False
507152.pdf,19a9161cca6c58419194681c73f4e47ec9d507e7ba51aff63886b1d91b819098,507,55196,22,1.2,Acrobat PDFWriter 3.0 for Windows,51688,0,0,0,0,0,51688,,True
507154.pdf,97d6d3922b7022e8513ad63518b052386d3d7b93a8de20f7f16dde57042bd6cb,507,86255,7,1.3,"Etymon PJ 1.10, Copyright (C) 1998-2000 Etymon Systems, Inc. <http://www.etymon.com/>. ",9768,0,0,0,0,0,9768,,True
507157.pdf,e59a21a922af5de60e02af1445c6f579941fbbf360aba8df963ec521835b553e,507,11634,2,1.4,Acrobat Distiller 6.0 (Windows),2391,0,0,0,0,0,2391,,True
507158.pdf,b0a6b27a94e034085e54d00aa344aeb97cf6742fcd152a5157ee198628118177,507,36388,8,1.4,Acrobat Distiller 7.0.5 (Windows),19584,0,0,0,0,0,19584,,True
507160.pdf,b19d440412119e6589db22c7275b51d674ef28dd17f20e3b32483101d215f2cf,507,143641,3,1.3,Acrobat Distiller 5.0 (Windows),7702,0,0,0,0,0,7702,,True
507161.pdf,07477eab3084b52d10deb1517ba166618e5372e54fa461b4570c50502c77566a,507,148340,41,1.4,Acrobat Distiller 8.0.0 (Windows),78091,0,0,0,0,0,78091,,True
507162.pdf,201d0e3b6d3f6845e228529133becba5a49437b458b24c508db2634a51f7ab02,507,48850,21,1.2,Acrobat Distiller 4.0 for Windows,50819,0,0,0,0,0,50819,,True
507163.pdf,c987034e32ef48529200cf333234520d6bd2c5e99360e662809b86ba0639a593,507,4131953,86,1.4,Acrobat Distiller 7.0.5 (Windows),248337,4299,0,11679,635,18143,217604,,False
507165.pdf,13bdff4f7d35f257a1494a3ba82c56b0515311173a730f8a5fbfe2877ecab6e1,507,566981,12,1.3,Acrobat Distiller 5.0.5 (Windows),31308,0,0,0,0,72,31236,,False
507166.pdf,37691800eac7106afce39a3e44af24982c5983196ed658820cfb1e88012c9e0c,507,199384,6,1.2,Acrobat Distiller 4.05 for Windows,17040,0,0,0,0,0,17040,,True
507167.pdf,c6e466f2387db93bf1bb48da262f1ba482122062bf72865a4992a013dd060fe1,507,52959,19,1.4,Acrobat PDFWriter 5.0 for Windows NT,31464,0,0,0,0,0,31464,,True
507168.pdf,790b479a461cd55397e63f89d63e921a8101588e76e9e6698bdecd38180ca7b7,507,704299,43,1.4,Oracle PDF driver,108463,0,0,0,0,0,108463,,True
507169.pdf,9e1bc81784e22513d5389f98afd74e0b259d8947cb2b418538b4fb0e0070d1d7,507,60458,19,1.4,Acrobat PDFWriter 5.0 for Windows NT,32428,0,0,0,0,0,32428,,True
507173.pdf,ffc5b670ee04f6a5670b8d0832c9b73860d94f1c4fb8490606e09b73ddde0cc6,507,25424,4,1.2,Acrobat PDFWriter 3.0 for Windows,6305,0,0,0,0,0,6305,,True
507174.pdf,97e0886254499f8dcba2b63e3d0357270304b9f25013a721398b882f91445ea4,507,1729439,62,1.2,IRIS     ,0,0,0,0,0,0,0,,True
507198.pdf,2a9113fedf9abdbc4bbfc08c3be180cd494412caf1209c918e879478ea343f30,507,130697,171,1.2,Acrobat PDFWriter 5.0 for Windows NT,619718,0,0,0,0,0,619718,,True
507201.pdf,f336ce246b15a9df5535624162ed77d2bd342a796ca1dbe4841834cd6c7611a1,507,52754,1,1.6, ,1487,0,0,0,0,0,1487,,True
507202.pdf,88338cedd57f70b0de7e7b6b6ed3f8a9999e4fdccaa975cc029c8af663916ac0,507,56256,1,1.6, ,1593,0,0,0,0,0,1593,,True
507231.pdf,d5e2fa0f26fdd5c61301c52c0daa6239aba1b49f42348e2b370bfb84e69e0a2f,507,767746,4,1.2,Acrobat Distiller 3.01 for Power Macintosh,29187,0,0,0,5,71,29111,,False
507232.pdf,861fc0eeaf077256e13a566b0924b7406ad0d623147365a057adea3c4c9ce92f,507,573951,16,1.7,Acrobat Distiller 8.1.0 (Windows),18510,0,0,0,0,0,18510,,True
507235.pdf,a714e04be80ef7e41456776b0edefe6d242913fedc4a5b16888051fb6a31d520,507,138169,15,1.5,Acrobat Distiller 8.0.0 (Windows),15674,0,0,0,0,0,15674,,True
507236.pdf,da85dc3a0cd19d21260fcacec7ddfe869ce45f7ebbb1bb2d0e8c6797e814163c,507,1653273,12,1.4,Adobe PDF Library 7.0,75999,0,0,0,0,894,75105,,False
507237.pdf,a8db351d9e881cc1fd16337c38e45db060a2ae8772c64d2ae5c8ca28db3a0f53,507,41457,11,1.4,Acrobat Distiller 6.0.1 (Windows),15263,0,0,0,0,0,15263,,True
507238.pdf,b1c7de84926220f26c9ee3f59cb597fee6aa026c8f23b4191bbef34891f85a5d,507,70861,3,1.3,Acrobat Distiller 5.0.5 (Windows),3207,0,0,0,0,0,3207,,True
507239.pdf,ea5047e5703e479319d31bdd5cf841c1a29dec97014da9dd6bfeb5bb50022c82,507,71504,3,1.3,Acrobat Distiller 5.0.5 (Windows),3287,0,0,0,0,0,3287,,True
507241.pdf,d9063d1e0358cc1f883e22a5f1da4291aafc4bb85a53ab61af08c7d048f6777f,507,1781008,23,1.4,OpenOffice.org 1.1.2,7536,0,61,0,0,63,7412,,False
507242.pdf,e789955917884262b8ed9063487c56dfdcc8b683f67888f2d18698e21f92b5ff,507,956607,6,1.2,Aladdin Ghostscript 5.50,19503,0,0,0,34,0,19469,,False
507244.pdf,9d92df0f62757e46b2b5df686451373287ddc54072f2f31d1930c1a5aabd0c48,507,77062,1,1.3,Acrobat Distiller 5.0 (Windows),1249,0,0,0,0,0,1249,,True
507245.pdf,4a13aa048d47e5c9d9fa7014e8b3d932e8891f518d4c62b062fdae20123249a7,507,76124,1,1.3,Acrobat Distiller 5.0 (Windows),1338,0,0,0,0,0,1338,,True
507246.pdf,ecb83742c616a65410bc286c7f10cd85a562c36a4079bb9c7bbb225b1784dd8f,507,42381,12,1.4,Acrobat Distiller 6.0.1 (Windows),15583,0,0,0,0,0,15583,,True
507247.pdf,b5b65a472c5d9feef032e305187b64e2594744784b7eab49768cf0c77a9ee095,507,128592,1,1.4,Acrobat Distiller 5.0 (Windows),3994,0,0,0,0,0,3994,,True
507251.pdf,1d164dbec27db871977136ed1dc1f3e71f8f286442e9efdce8c19d1be7b5feb2,507,252253,26,1.4,APSetDocInfo 1.9 Solaris SPDF_1086 Aug  7 2003,74995,0,0,0,0,0,74995,,True
507255.pdf,6f71b251319cd6eb39e8661100ffcf895c0d121fd1bbf7e753bb68da8eb3b561,507,164194,2,1.4,Acrobat Distiller 6.0.1 (Windows),7036,0,0,0,0,0,7036,,True
507256.pdf,710e24f24e4db601f8d7a89b94f68b342691ce689327662b61b111ee6531d642,507,402553,122,1.4,APSetDocInfo 1.9 Solaris SPDF_1086 Aug  7 2003,212894,0,0,0,0,0,212894,,True
507257.pdf,0f449a47c073cf86141456d6f2a65c0a95607437f3a68c8bcb4e5ad679403c74,507,226898,2,1.2,Acrobat Distiller 3.0 for Power Macintosh,15631,0,0,0,0,20,15611,,False
507259.pdf,3d39a63aee6ea022c38d488b6e88fed452a9cd2ea250b5aa0a4848531fad1973,507,2006567,1627,1.3,"JES2FTP: Rel: 4.3.1 GA1 - April 1, 2005",0,0,0,0,0,0,0,timeout after 600s,False
507263.pdf,ba8af60085a1826e4c542fcf09f71ca7d85a6f3fef23f9b41b0ccf616f0af4d9,507,16028,6,1.2,Acrobat PDFWriter 4.0 for Windows NT,9722,0,0,0,0,0,9722,,True
507264.pdf,8d53f21ad4776920d1122ee8410c7d65cc741be454c6730b9739ff416ef547ef,507,1147532,55,1.3,Acrobat Distiller 5.0.5 (Windows),115492,0,0,0,0,0,115492,,True
507269.pdf,892e05e23b33126e6a958fbd5203fd45a859030f92d894b21a693d2e6199279a,507,492873,51,1.4,Acrobat Distiller 6.0.1 (Windows),161273,0,0,0,0,0,161273,,True
507272.pdf,6df290b30a1c734512a109dbfd42e6e8682227b9854c5d0b8832a1e1c3fc8e03,507,49538,2,1.2,Acrobat Distiller 4.0 for Windows,8294,0,0,0,0,236,8058,,False
507273.pdf,5be3ae8251393be23c35f605457a4f939582916849500607221a16c85b54bced,507,49806,1,1.6,Acrobat Distiller 7.0.5 (Windows),4175,0,0,0,8,135,4040,,False
507277.pdf,e126d718c343bbeea1dd128717d722938ee2ae1c3ce905b8e7943165627cb150,507,140935,7,1.2,,23656,0,0,0,0,0,23656,,True
507278.pdf,c078b671e11debd139a83cd7b2de713597c8daced8747fc3a820724af70b2629,507,3084414,13,1.5,Adobe PDF Library 4.0,16431,1,0,16431,25,0,0,,False
507288.pdf,1b133da69f259f094675dda4e36031217ee41d5df730e92627186e9700082de5,507,51446,2,1.6,Acrobat Distiller 7.0.5 (Windows),6660,0,0,0,22,276,6384,,False
507289.pdf,f994932595c15d40e0ace76b5ec6ebb334041d0dc9299a68a4a8e5963bdb6761,507,413540,36,1.4,Acrobat Distiller 7.0.5 (Windows),44571,0,0,0,62,0,44509,,False
507291.pdf,eae651811a481e6bef2e27ee60e2ba999c8eeabe5a3e5561d239dd9ccc91dde0,507,109965,2,1.4,Acrobat Distiller 6.0.1 (Windows),3576,0,0,0,0,0,3576,,True
507295.pdf,2b56b79257704002973eea98b4910275d95c428cc0c369607917ac1535d16662,507,77527,2,1.4,Acrobat PDFWriter 5.0 for Windows NT,12454,0,0,0,23,0,12431,,False
507304.pdf,5c3b899d3d433e6a14b4be311b3c4a882da2bccfa05e91d1e059fe5d3be81632,507,1750685,33,1.6,Acrobat Distiller 7.0.5 (Windows),72000,0,0,0,0,0,72000,,True
507306.pdf,5a746f0b60fe9bafb1f2e5dc337572203827e77a23e7f8b0c799442802c11601,507,145382,13,1.3,Acrobat Distiller 4.0 for Windows,48325,0,0,0,0,357,47968,,False
507307.pdf,d66c6ed878565423798f022ea0679292392a2725f8962112b2de32558370d331,507,427692,34,1.1,Acrobat Distiller 2.1 for Windows,73403,0,0,0,0,0,73403,,True
507309.pdf,4be220ef0d88bf30de71f6ae4b5163776c6f1012f9af7a7c72818b7ca0499758,507,129631,11,1.6,Acrobat Distiller 7.0.5 (Windows),23082,0,0,18,0,0,23064,,False
507310.pdf,c75db324f489a36d1ada8f82d7f3c8c721af52509b6a80db214d83598a343505,507,352811,16,1.5,APSplit 2.2.11 Windows SPDF_1112 Oct 25 2005,24540,0,0,0,9,2132,22408,,False
507311.pdf,4298be4f8ffc20f245e8c075e8705bd8be578fd14a03a094d10327414191de76,507,208240,11,1.3,Acrobat Distiller 5.0.5 (Windows),36330,0,0,0,0,0,36330,,True
507312.pdf,cd17406711af60cd35ec7863e38a51e53c08f8d64c784380bc94c489158a63a3,507,71089,2,1.3,Acrobat Distiller 4.0 for Windows,6114,0,0,0,0,0,6114,,True
507313.pdf,cee4a71a567f78823774b2c175080625fcd29399f92e5294be685a0983bf6202,507,150201,6,1.4,Acrobat Distiller 6.0 (Windows),11049,0,0,0,0,0,11049,,True
507314.pdf,97fbe59d3c3f6408c1838cea2a20fc60398fe30005e0b4ba11f4e0ace576ec0d,507,1033534,34,1.3,Adobe PDF Library 2.0,93038,0,0,0,0,195,92843,,False
507315.pdf,168e4bc54d9f3cc85eb15b3ac5205da0d39ba60cd1d891b664b6a0917560f595,507,69143,3,1.5,APSplit 2.2.11 Windows SPDF_1112 Oct 25 2005,9677,0,0,0,0,381,9296,,False
507316.pdf,1437caa76bd76949d25a5a32ba1ea960a6bedc076f2ec9a1df27b07a1046b182,507,1743564,8,1.4,Acrobat Distiller 4.0 for Windows,25547,0,1,0,0,1585,23961,,False
507317.pdf,78450ce068418e287cdd70d60395e6d3aade8177cc91385165ee7b8d3c42a7ba,507,1513440,32,1.4,Adobe PDF Library 7.0,66353,0,0,0,0,5185,61168,,False
507319.pdf,d6a3db5221ffc1271b37140993594bf4b94c28d8d65e278b1126a3c154c84dc5,507,3079973,164,1.4,Acrobat Distiller 4.0 for Macintosh,370125,0,0,0,1625,0,368500,,False
507322.pdf,ab03324f7f69fb4b35a23003de8e8e9493fa4f03d6037b4dddeb936a8bc7e27f,507,1754169,192,1.5,Adobe PDF Library 6.0,307991,0,0,0,377,315,307299,,False
507323.pdf,6b0c412a3da91838cd11c9d87adaee99796a3e3ecc75aad32597a3439a74ffec,507,105010,15,1.4,Acrobat Distiller 8.1.0 (Windows),52907,0,0,0,0,0,52907,,True
507324.pdf,0b2048d491489c16d56eb897399d1d323c1caf1d3df94c6c834e9b44154989c2,507,608676,65,1.4,Acrobat Distiller 8.1.0 (Windows),138580,0,0,0,0,0,138580,,True
507325.pdf,79e13fb34ed56a9df27ed708f96ad1171cf21bc9e251644ee2df96b2f7a005ec,507,285510,21,1.5,Adobe PDF Library 6.0,61994,0,0,0,0,32,61962,,False
507326.pdf,cfd081a3a499415c9f01612cbb0188449d8060b5b4d9884fe73f4abad880b2a6,507,184028,27,1.3,Acrobat Distiller 5.0 (Windows),60560,0,0,0,0,0,60560,,True
507327.pdf,f49ff01bf5ef0e732a17a3135bd01c24e2844e3e86e15b40d078daddc384b39c,507,165331,31,1.4,Acrobat Distiller 6.0 (Windows),72909,0,0,0,0,0,72909,,True
507328.pdf,693f22744288874a19ebf3236566009f3ee089a06cc2a5c3c44f7e485a40b044,507,1075272,71,1.6,Acrobat Distiller 8.0.0 (Windows),143448,0,0,0,6,0,143442,,False
507329.pdf,0fa8d2bd5b1a4583d3a1633199783a8bd370cbe87bbb0b1be255101485687478,507,1132347,40,1.4,Acrobat Distiller 5.00 for Macintosh,118546,0,0,0,18,7588,110940,,False
507330.pdf,cae0dfa8d882817d9cf7514d587dffc5d8fd9100859c623753d93788aadfc1ec,507,670374,224,1.4,Acrobat Distiller 5.0 (Windows),0,0,0,0,0,0,0,timeout after 600s,False
507331.pdf,ff4cc7274e3267f65951913f0b8f747991a3ffd976ab588c801d0cfc47cc5338,507,471488,62,1.4,Acrobat Distiller 7.0 (Windows),175508,0,0,0,0,80,175428,,False
507334.pdf,2be8a10615dfb60a98b0ea33cef05c082ca535dd5a9f0568db9f07e0a612a40b,507,743178,40,1.2,Acrobat Distiller 3.0 for Power Macintosh,125129,0,0,0,0,0,125129,,True
507348.pdf,80db60e35dee00296a1e1ab2b9a886a2011bc32f0d86847e5da93d2e1e87b7ef,507,4338137,538,1.6,Acrobat Distiller 5.0 (Windows),0,0,0,0,0,0,0,timeout after 600s,False
507349.pdf,1cf8280611be0a7558a6276273274032ab78ee4bb79c4c8aee890ac958544764,507,87747,1,1.2,GNU Ghostscript 7.07,3175,3,2,0,154,0,3016,,False
507365.pdf,4a7a592b320ccdca701fdad6ee14e1b03564a25459bb0cfe4a002d0f2c10e706,507,357079,29,1.5,Acrobat Distiller 6.0.1 (Windows),208435,0,0,0,0,0,208435,,True
507366.pdf,c912ff9149cff0e2c70998c2378523ee3ad7c801a0b34944329da6d505287a16,507,58202,3,1.3,Acrobat Distiller 6.0.1 (Windows),0,0,0,0,0,0,0,timeout after 600s,False
507367.pdf,1d089580db568dd697c573cf116e4277311a8b404ed699ece232f6faf4b65f8b,507,4315840,89,1.4,Acrobat Distiller 6.0 (Windows),0,0,0,0,0,0,0,timeout after 600s,False
507380.pdf,b8fa5d89529a7861f1b673eeb8d9bff2a9c4efb713f77e8822702f2c9df80fba,507,169406,2,1.5,Acrobat Distiller 6.0.1 for Macintosh,0,0,0,0,0,0,0,timeout after 600s,False
507381.pdf,290841f6499f8b492ac1ed6362e0afee742ef8ea0118d4e18c8e366cee378331,507,278431,18,1.6,iText1.1 by lowagie.com (based on itext-paulo-142),0,0,0,0,0,0,0,timeout after 600s,False
507393.pdf,219cb541637ca2fb1501bcefa4ff53a99637169a71cc2909af34194cc69d879d,507,2075156,131,1.4,Acrobat Distiller 7.0 (Windows),158072,0,0,0,0,28,158044,,False
507394.pdf,88ef626596445aff8d1feced06103476aa22467a4c1ec5e602086df35f784035,507,281426,9,1.6,Xerox WCP 90,0,0,0,0,0,0,0,,True
507418.pdf,f9db58d258bf196aeef19b9ca4698df3b11028f7222a36c8e68cbf65b8e4283f,507,47551,27,1.2,Acrobat PDFWriter 2.0 for Macintosh,52256,0,0,0,0,0,52256,,True
507419.pdf,e51042456c03a58107c34e2c037a200390d47d0d932762b53080a4baf175d426,507,1607491,133,1.6,Acrobat Distiller 7.0.5 (Windows),317927,0,0,831,582,0,317096,,False
507427.pdf,6601fedd2995005289e7425b69e8c4d0776120426ae78a67ab9f56c4b414d5b3,507,15374,4,1.5,Acrobat Distiller 6.0 (Windows),24160,0,0,0,0,0,24160,,True
507431.pdf,4062056b3d74dea4605f4fee7b7ead652e82316dcca7e407f4a9c8cf715ca673,507,274583,4,1.3,"Etymon PJ 1.10, Copyright (C) 1998-2000 Etymon Systems, Inc. <http://www.etymon.com/>. ",6995,0,0,6995,0,0,0,,False
507460.pdf,9b1bc54df7757cb84f3e36bcf9b5eccf489b1af2359950ee15fd652edf008c71,507,144952,8,1.4,Acrobat Distiller 6.0.1 (Windows),23635,0,0,0,0,0,23635,,True
507470.pdf,678d765d475849bcc5f9303d8de8ddb969c7c1504d6229281d3ad8cd671040d2,507,4467202,12,1.6,Acrobat Distiller 7.0.5 for Macintosh,50593,0,20,0,45,3157,47381,,False
507477.pdf,5cc16f08aab2348b69d6118c22f86e71affb9835fc189531f46ad6766e102e99,507,1409948,2,1.6,Adobe PDF Library 7.0,3968,0,0,0,0,98,3870,,False
507478.pdf,ab2bd0aa727966fff6d8989ddc0ccfbac0b3c6f09d13cb9ed052833e11d60c4a,507,3066842,29,1.3,Acrobat Distiller 4.0 for Windows,110466,0,0,0,0,0,110466,,True
507483.pdf,c4b3e0cc284c22ad6d74b96c8ceef7bcbf31df311d638204ae2aa621b9d758f2,507,939032,25,1.4,Acrobat Distiller 5.0.5 (Windows),34291,0,0,0,28,11,34252,,False
507485.pdf,7dae359be8bec86a43dc6a3f525bea7e88053ca3b847867a577b24609145d547,507,1082689,107,1.4,Acrobat Distiller 6.0 (Windows),376368,0,0,0,0,0,376368,,True
507486.pdf,057601775cc6fd0a35c1c2d6b77fe741751f7451710f1d4b4f3c1cfe617fc16a,507,609939,129,1.4,Acrobat Distiller 7.0 (Windows),394044,0,1,0,0,0,394043,,False
507490.pdf,5dc5001ec4af0fb28355019fb3aa78eff93ef28ed4443bb8193382ef5a6d9fae,507,83846,10,1.4,Acrobat Distiller 7.0 (Windows),20351,0,0,0,0,0,20351,,True
507494.pdf,b03fc7750aeb2cf2a212f1b096c450b9ea3c474ff3a157a4bac46bd30cf6bbae,507,332795,73,1.3,Corel PDF Engine Version 11.245,156902,0,0,0,0,0,156902,,True
507495.pdf,732ac1e28968f0041e1e5241a7ebefe4549483431c2791bcc27efa53346691aa,507,59619,16,1.2,Acrobat Distiller 4.05 for Windows,33466,0,0,0,0,0,33466,,True
507496.pdf,c57138a236c1a05ec7cf22ec8db3d1e36abd6b70ce312f751e14e60586bd47f0,507,175166,40,1.2,Corel PDF Engine Version 10.719,85473,0,0,0,0,0,85473,,True
507497.pdf,3c390b003ae6df0eef36853e97644b159a46591ea3279bf9233a68899d441a22,507,33201,2,1.5,Acrobat Distiller 5.0.5 (Windows),8610,0,0,0,0,212,8398,,False
507499.pdf,a76d69031bfba595edc4bdc8ef5ffda023041b62eb0eb8d887f33f74b03749b2,507,166722,34,1.4,Acrobat Distiller 5.0 (Windows),90717,0,0,0,0,0,90717,,True
507500.pdf,78546bab6481c4018af8a080d12000f2643edbd29f4b3324f672a5b107bc4250,507,656863,52,1.4,Acrobat Distiller 7.0.5 (Windows),20750,0,0,0,0,630,20120,,False
507501.pdf,7223d5e655219983fd0e30c3dfde20e0c19d4f38665225fc8008c35ac9deb14d,507,24473,1,1.4,Acrobat Distiller 7.0 (Windows),3264,0,0,0,0,0,3264,,True
507502.pdf,ffb64a4dd594bc9c5e067635d987c585ce66a5eb7eb2972e113dccd9d9787fe0,507,28859,1,1.4,Acrobat Distiller 8.1.0 (Windows),1820,0,0,0,0,0,1820,,True
507503.pdf,00f11837207f216897584744076a1e773a7921cd9a7b6d4fcc6b5d75e8ceb45a,507,47691,19,1.2,Acrobat PDFWriter 3.0 for Windows,38165,0,0,0,0,0,38165,,True
507505.pdf,0a583678e299b2f466f2183dc9c249e9eb7414a0f3bda851e8256fda43cc75f7,507,119308,2,1.3,Acrobat Distiller 5.0.5 (Windows),3940,0,0,0,0,0,3940,,True
507506.pdf,b2eda4bdf19b0c7ee90bc1d8c11692da3cd161aab22c743f1d199b741af526c6,507,258412,17,1.3,Acrobat PDFWriter 4.05 for Windows,10162,0,0,0,0,4855,5307,,False
507507.pdf,49b5134a92f02e4f5109230b36efe358dd724399a43510298c6b385ec47896af,507,9448,1,1.5,Acrobat Distiller 6.0 (Windows),1273,0,0,0,0,0,1273,,True
507508.pdf,d44127f961af09af9ffe5bea083dcfbe6fbe3fecfbcf96ff86e09a776bb76d52,507,13239,1,1.3,Acrobat PDFWriter 3.0 for Windows,1231,0,0,0,0,0,1231,,True
507509.pdf,eaf71654ebc428d0eaee2350e09830b9b7dfff97f1f6450c55d584ee5eab5322,507,558341,50,1.4,Acrobat 5.0 Scan Plug-in for Windows,63953,0,0,4089,0,0,59864,,False
507510.pdf,8ca6a8638ed37f50a001ae4a7748d90595459d24206737a4c2bc5e5c8eca1b3f,507,96382,10,1.3,Acrobat Distiller 5.0.5 (Windows),13636,0,0,0,0,0,13636,,True
507511.pdf,237a738a74ebb15ca2ba95790aa16e7634849b40c30ae90b27f299ba195c8a40,507,248298,6,1.5,Microsoft® Office Word 2007,17117,6,1,0,3,0,17107,,False
507512.pdf,2148c1baf61106b8e99e0c1eb54067139b74e5034db9d6538ffdc146840370fc,507,37235,2,1.4,Acrobat Distiller 7.0.5 (Windows),4563,0,0,0,0,0,4563,,True
507514.pdf,179b00776d4ce1112640922238f0a658e2944a75817a2f73418c9ee5e6849bd0,507,96573,7,1.4,Acrobat Distiller 5.0.5 (Windows),12098,0,0,0,0,0,12098,,True
507516.pdf,cef3e739a008dca9bdfae7ce3a3f9a7be3ff09960de44d7b4bd11568468ea94e,507,690356,21,1.6,Acrobat Distiller 7.0 (Windows),41674,0,0,0,0,1,41673,,False
507517.pdf,c988303b7b3bb417b02e35e32cba8ab456d4efaed36cb5d5fcc38d6044b80f1b,507,539975,6,1.5,Adobe PDF library 4.800,14124,0,0,0,0,107,14017,,False
507519.pdf,ef24da579a3c8dddea22149eaf8cf15e9e80ca2721ba7038fc944d81199dabb8,507,168668,27,1.6,Acrobat Distiller 7.0 (Windows),74554,0,0,0,0,0,74554,,True
507520.pdf,608dd5f8f53b8a85bd321039fcfa8c9bf9d29a482ed8703ebbb979eaf15c0c32,507,614247,2,1.4,Adobe PDF Library 7.0,3839,0,0,0,0,0,3839,,True
507521.pdf,00109d549864c923cd608a587e40f2e1a097d556994c75fc177bb04debc2599d,507,396696,68,1.6,Acrobat Distiller 8.1.0 (Windows),195737,0,0,0,0,5229,190508,,False
507522.pdf,4f401e858e026c2cc50e80d2b9846898afb362dfce3bdf06738ec747748c2f46,507,53656,3,1.4,Acrobat Distiller 7.0.5 (Windows),8790,0,0,0,0,0,8790,,True
507524.pdf,7fdb418c821c15d665036fa90c7bf9add84543ca705f36a49c47d25a06b358fc,507,41037,10,1.3,www.adlibsys.com:EXS3145-W2KA,15634,0,0,0,0,0,15634,,True
507525.pdf,5296301a0b9269c9fc46cc03c595c1db0447bc89feee720e6a9120c928f89b0e,507,56877,15,1.2,Acrobat Distiller 4.05 for Windows,33567,0,0,0,0,0,33567,,True
507527.pdf,325054f1eba6d6f0b7a8cf102693c8e5809bbe58fed46ea8a8e00fdef3de85fa,507,89940,25,1.3,www.adlibsys.com:EXS3145-W2KA,35963,0,0,0,0,0,35963,,True
507529.pdf,120889653f702173b5e0deb27b377e77ef704ffa51603ad89c857bbb8bc65253,507,83423,9,1.3,JAWS PDFLib,14944,0,0,0,0,0,14944,,True
507531.pdf,f402c4db3268260b803957dac34abb60c749a7cb7ad6d07b9c2fdd95c4d9fc95,507,141560,32,1.4,Acrobat Distiller 6.0 (Windows),134218,0,0,0,0,0,134218,,True
507587.pdf,b1c242b7c5fc8827a18e77ab3b26ad0ca8e378c648b88cf9c6fe47d4f6476b0b,507,493704,10,1.4,Antenna House PDF Output Library 2.4.0 (Linux),24425,0,0,0,0,440,23985,,False
507590.pdf,9480ab32311f461bceb46577b000b513cec18f84aa818c1ad821a2d1ffb258d0,507,247261,20,1.5,Acrobat Distiller 4.0 for Macintosh,75296,0,0,0,0,2371,72925,,False
507592.pdf,bed312655920b42efda2097a0c222446f26230b4726b2f03f1adaa1b6c79e9c6,507,604289,17,1.0,Acrobat Distiller 1.0.2 for Macintosh,1676,0,0,0,18,1,1657,,False
507593.pdf,31b644334723dbe66ef91633c3d1cc172cc9b03eb0620a00161f699a7730808c,507,371498,41,1.4,Acrobat Distiller 6.0 (Windows),62226,0,0,0,0,0,62226,,True
507594.pdf,380db6e5d9eadbf09f24d3db5da938e8a519ca21f939de3cb60efda9cb77a546,507,3609584,114,1.2,Acrobat PDFWriter 3.03 for Windows,49661,14,0,12436,148,0,37210,,False
507595.pdf,5c640d0cc3ab9532ff1a16a6871f874c0065cea7ac541432097a12523915332b,507,38330,19,1.2,Acrobat PDFWriter 5.0 for Windows NT,32950,0,0,0,0,0,32950,,True
507596.pdf,f030e54da925aab0f0f54ac4c9eb25eaf8b279ac9ff767aef7d3f1dc782195a7,507,125397,25,1.4,Acrobat PDFWriter 5.0 for Windows NT,26818,0,0,0,0,0,26818,,True
507597.pdf,514c9fd0c96c414ef043555989ad6efa3311ae4e67177d5a0753103ab2eb38ff,507,61923,4,1.4,Acrobat Distiller 5.0 (Windows),8249,0,0,0,35,35,8214,,False
507598.pdf,aea122dfbc692a265715f5f619546a247f3a9bc6563d3f7127306914a71c6a41,507,373488,32,1.5,Acrobat Distiller 4.0 for Macintosh,128476,0,0,0,0,0,128476,,True
507599.pdf,eb87cbf431b074b9e6bd90b13959c78e5d41a049a90043cc26002102fe2768c6,507,3093736,44,1.5,Acrobat Distiller 6.0.1 (Windows),48159,0,0,0,0,128,48031,,False
507600.pdf,59fb582af7f125da9660c0e07a5792d54fb114edb7521efb6776ded6433f29a9,507,272445,17,1.3,Acrobat Distiller 5.0 (Windows),28529,0,0,0,0,0,28529,,True
507601.pdf,c2a0be7e572202b2563552d0a0996745ea887796988d713229532389a35c8660,507,130926,5,1.3,Acrobat Distiller 5.0 (Windows),7150,0,0,0,0,0,7150,,True
507602.pdf,f4270995b5258ced93f81254e7472036cf285fb4f4615721a1b7ec136bcd5b9e,507,532518,21,1.4,"Etymon PJ 1.10, Copyright (C) 1998-2000 Etymon Systems, Inc. <http://www.etymon.com/>. ",33314,0,0,0,11,4628,28686,,False
507603.pdf,9e6e4dcd2a260878fbc62c9e660b712ba0f08a72277fbb2c261ff837db05091d,507,247242,31,1.6,Acrobat Distiller 7.0.5 (Windows),52884,0,0,0,0,0,52884,,True
507604.pdf,cf801d07c286166e8c5b6870059eefa2f33433e22a814eaaac62210e75e1ca95,507,565750,19,1.2,Acrobat Distiller 3.01 for Power Macintosh,37242,0,9,0,16,1,37225,,False
507605.pdf,83b2d29b07e580f317d1372c15ff8e2c8a1b3e39c480f2db06eae3ec90e780e2,507,3883893,153,1.6,Acrobat Distiller 6.0.1 (Windows),340793,0,0,0,0,0,340793,,True
507607.pdf,b542a8f8edd07f6e66cbfb5e1267ffa2c0891f1627cf109127537ae03497e1e3,507,57413,20,1.4,Acrobat Distiller 8.1.0 (Windows),35184,0,0,0,0,0,35184,,True
507608.pdf,8cbd954668c967261def3246f3fdaea543c002c194e93842bccbeed7d6e1b677,507,19646,3,1.2,Acrobat PDFWriter 5.0 for Windows,11850,0,0,0,0,0,11850,,True
507612.pdf,23664f073fa16cb2aca537ab7989d30696948fe54807b8b79b622bc3efce44e6,507,49066,4,1.4,Acrobat Distiller 5.0.5 (Windows),5418,0,0,0,0,0,5418,,True
507614.pdf,aa22896b89006bfa134a64621af5965a85b640b61134d7c238721f5df4c99130,507,49871,6,1.2,Acrobat Distiller 4.05 for Windows,28139,0,0,0,0,0,28139,,True
507615.pdf,70bc79613888fa0fd49aec8f1b9bad78f76d579bcad522677dfe32814bdff96a,507,105469,19,1.4,Acrobat Distiller 7.0.5 (Windows),68569,0,0,0,0,0,68569,,True
507616.pdf,4cd3ceabfaccec56d9b7099784b7c85d647ea243860d6ff793c4822cb9a95f21,507,95502,27,1.1,Acrobat PDFWriter 2.0 for Windows,53105,0,0,0,0,0,53105,,True
507617.pdf,af7eb3f8e57aeb1ce657e7bda786ac836b2f79b7256f34a8e46e91dfdf591cc1,507,50732,4,1.0,Acrobat PDF Writer 1.0 for Macintosh ,19260,0,0,0,0,0,19260,,True
507618.pdf,a856b85b3cdb3d9b74f86c517dd0b1b94842e2e5964b343200ebb86212f541d1,507,93724,23,1.2,Acrobat Distiller 4.05 for Windows,0,0,0,0,0,0,0,,True
507619.pdf,6bb2413a76dd57aed9f9c2fedbc29f71faba1fe47471d35a0355152194cb9d41,507,259843,8,1.1,Acrobat Distiller 3.02,33556,0,0,0,0,74,33482,,False
507620.pdf,c448ae913cc9145cded120ac2f84118f792081213930202016721b50432c7ae7,507,1671120,97,1.3,Acrobat Distiller 7.0 for Macintosh,120272,0,1,0,0,31,120240,,False
507621.pdf,568ae7357cd7a570f4faf064e440813fe018d355617e5498aca0cbede0a78b36,507,552179,75,1.4,Acrobat PDFWriter 5.0 for Windows NT,235758,0,0,0,0,0,235758,,True
507623.pdf,de5fc5f6d907f3427ab98c5cb2f463498811517b9e9087f6ea69297e2705aa8b,507,3850026,53,1.3,Acrobat Distiller 5.0 (Windows),99432,0,0,0,0,1,99431,,False
507624.pdf,7926b627c519e714be283849e37e888b156318a44a4e2c23b162e783152a8014,507,64735,14,1.2,Acrobat Distiller 5.0 (Windows),17073,0,0,0,0,1498,15575,,False
507631.pdf,1d8a58bd4fa9be8c1c5b3f2c01ad63d636f976ef456c940c22763fe5efda08af,507,39310,6,1.2,Acrobat PDFWriter 3.0 for Windows,7403,0,0,0,0,0,7403,,True
507632.pdf,e2403acd21bb6606f0c5e6ac2f1208922af6940cfe4fd434ef86894cc574a480,507,60353,3,1.3,Acrobat Distiller 4.0 for Windows,20304,0,0,0,0,321,19983,,False
507633.pdf,0a18e05a65623fe1badbcecfe2cd53956d6cc19b0635eec3cf9e48a67c2c5edc,507,66867,5,1.3,Acrobat Distiller 4.0 for Windows,32841,0,0,0,50,705,32136,,False
507640.pdf,8457812d53b94297b3415fa1e9d24d3fa9a8f4ad1a47922cbc368a1095f014f7,507,107422,20,1.4,Corel PDF Engine Version 11.4.0.100,35022,0,0,0,0,0,35022,,True
507642.pdf,7d6d856776a4beceda60d297974c8998eea3020d053934f760c31f5e8cafda1c,507,19332,4,1.2,Acrobat Net Distiller 1.0 for Windows,10790,0,0,0,0,0,10790,,True
507648.pdf,48e10809a897d6bab210942d2bd049698ab04223bdc18b2bfc1774f02a860501,507,558127,13,1.4,Acrobat Distiller 6.0 (Windows),1652,0,0,0,0,0,1652,,True
507649.pdf,7ad736cc294aefb852c07888445acab2f54364e3b2b8021c24ddac38d2173690,507,300060,1,1.3,Acrobat Distiller 4.05 for Windows,3085,0,0,0,0,0,3085,,True
507650.pdf,8fc00a6b442c8e0b18de00b04b3faef456476aa54370189ea09c1bbb36ea0f1b,507,88464,16,1.5,Acrobat Distiller 5.0.5 (Windows),84543,0,0,0,0,1696,82847,,False
507651.pdf,57e2886b587683b5d9ee6fc97437cbbe4046803f7a9b5338d97a37b0cfee2151,507,41551,2,1.3,Normalizer 5.0.5 fmnorm,8614,0,0,0,0,0,8614,,True
507652.pdf,6d8123d8bc3b7e2fd3185da68840028be2d5825c5367a33b2cbf51a42803307a,507,99627,5,1.4,Acrobat Distiller 8.1.0 (Windows),8130,0,0,0,0,0,8130,,True
507653.pdf,2485110b711f992ac01e71130ebe47528d0d582d095a17d8652e4d2fed8c157e,507,54319,2,1.3,Acrobat Distiller 4.0 for Windows,12818,0,0,0,0,214,12604,,False
507656.pdf,58709c4c4e4ac012a86cec15aa141879e135d4af02ccf1ce8fde5d42661ca1a8,507,11905,3,1.4,Acrobat Distiller 7.0.5 (Windows),7026,0,0,0,0,0,7026,,True
507657.pdf,6338fb0d1c3a56f65443b721eb6ca4b41c6d4a66cd1ab0c085d71f484da475c4,507,41590,6,1.2,Acrobat PDFWriter 4.05 for Windows NT,7080,0,0,0,0,7,7073,,False
507659.pdf,243ac5e8a32d8210a776d282e7242e57ebf36a3318036bcc69ea8b70296ed370,507,901829,1,1.3,Acrobat Distiller 5.0 (Windows),8578,0,0,0,179,520,7883,,False
507660.pdf,5a61e6efa78339bc25c48f5c9d328a7cab779254afdde10b7f544781c2301385,507,288601,9,1.6,Acrobat Distiller 4.05 for Sparc Solaris,48340,0,0,0,0,0,48340,,True
507661.pdf,ba91f7fdee88a5ea16b783d9f821847c366b3f70a427522f4986a05b566ad6fc,507,603754,52,1.2,Acrobat Distiller 3.02,127032,0,0,0,0,0,127032,,True
507662.pdf,78592345ad28ff544cb3e5db3fed69668aa6b7807f60bde6bec4be89fbd9fb00,507,1813825,16,1.6,Acrobat Distiller 6.0.1 (Windows),43574,0,0,0,7,231,43336,,False
507663.pdf,7b4f7fa9c1d0620cb7417504a10bcb30192db3721f16a429cf1aae7a6bcdc9c0,507,302004,10,1.4,Acrobat Distiller 7.0.5 (Windows),46095,0,0,0,7,0,46088,,False
507664.pdf,a9518855c487efb2df811d73ea996a2a9b843c383907c6a3e94a8b7e4533d396,507,763112,43,1.4,Adobe PDF Library 6.0,171328,0,0,0,0,486,170842,,False
507669.pdf,8a66efc2afebbaebfb64cbbf4b2f4577afbb1990b65678907030629fba48eeef,507,7368,1,1.4,Acrobat Distiller 7.0 (Windows),1288,0,0,0,0,0,1288,,True
507676.pdf,5d7e87a6511a8c6e16ee4c78691c1746b676bfa5fffb6cc8478389be0b2f45d7,507,1295096,10,1.3,AFPL Ghostscript 8.13,0,0,0,0,0,0,0,AssertionError: Invalid octal b'663' (435),False
507677.pdf,702a18c4976788124259a8f7b414baafe1c7b2182c7802aec524d779254cf17a,507,712774,1,1.4,Image Alchemy v1.11,0,0,0,0,0,0,0,,True
507678.pdf,a33b05d2a3ab79f93c6f8a512532061bc1e8d89238685dc774aa1a44266243eb,507,87834,8,1.3,Corel PDF Engine Version 10.719,21368,0,0,0,0,0,21368,,True
507679.pdf,d521391039e71520aa103259c1bd0afbe1d0ac8062f1b0b23081293d815cbf67,507,189028,124,1.3,Acrobat Distiller 5.0.5 (Windows),90506,0,0,0,0,0,90506,,True
507686.pdf,7641dc3e318b7d368dfae54e163ff6b04ce07ba83e3cfc0d8e9a67610c3fc253,507,31955,3,1.2,Acrobat PDFWriter 3.0 for Windows,1992,0,0,0,0,0,1992,,True
507687.pdf,4f78a6d3bd3288537c0275d5a3cfa9a7531f149a50cd7cddf2c6ab904010c03c,507,8297,1,1.2,Acrobat PDFWriter 5.0 for Windows NT,2971,0,0,0,0,0,2971,,True
507688.pdf,9b73986962874b9464a67b5589aebf3bced22835ca7d773239c9af59ff0f6862,507,1021566,20,1.3,Acrobat Distiller 4.0 for Windows,30644,0,0,0,0,1660,28984,,False
507689.pdf,5a51e71142f487491cd72eb37e53b6a9b3d1da7ab40358525474e54a8d257a7c,507,2123332,14,1.4,StampPDF Batch 3.0 Windows SPDF_1085 Oct 13 2003,54356,0,0,0,0,286,54070,,False
507690.pdf,12cdad21baff39b174a650af90f7047f6b312cca89b22c2fe963fe2f592fc73c,507,76407,9,1.2,pdfTeX-0.13d,27513,0,0,0,0,0,27513,,True
507692.pdf,8e5990f54279ae8bfa1c70c3a9f1d86fe248e66fabd5b971a9a3b8b152dd218a,507,1496931,464,1.1,Acrobat Distiller 3.01 for Windows,656757,0,0,0,0,0,656757,,True
507693.pdf,1220557c85c7f52a1d4036f4373014c0ec974cad87aae90411b1e0127f963771,507,262933,20,1.2,Acrobat PDFWriter 4.0 for Windows NT,32491,0,0,0,0,0,32491,,True
507694.pdf,417f3ecfa92ae1ebbfaacdcee866aabb6ce352f01180eb94896f17b1e90c99c0,507,566818,25,1.5,Acrobat PDFWriter 4.0 for Windows NT,51523,0,0,0,12,0,51511,,False
507695.pdf,5fc363ec05f191149c1c254cfa82260b5cc78d5960c52de2c2a4fa9b6f3f1711,507,733343,20,1.3,Acrobat Distiller 4.05 for Windows,77849,0,0,0,0,320,77529,,False
507696.pdf,99fcceb9fc94bd53a8d5ee3170f0da1de056e9c0e574cb280b8747cee0be0217,507,3158336,33,1.2,,114516,0,0,0,0,0,114516,,True
507704.pdf,f5500fb77662e217de032a332035ddb4e6a52015a939f2f1b5c54aaaee94f4ae,507,19789,5,1.4,Acrobat PDFWriter 4.05 for Windows,11136,0,0,0,0,0,11136,,True
507715.pdf,3cef2dc0a94eaf56b31452f022131b39b12af49d2f75c46c473f669dfb478ac7,507,14435,2,1.4,Acrobat Distiller 7.0.5 (Windows),4179,0,0,0,0,0,4179,,True
507716.pdf,8b163e1f600b66e8a1ba4b46c3f70c7f0846cb11c154dcd969a0bccf18ea7c7f,507,207211,2,1.4,Acrobat Distiller 6.0.1 (Windows),4018,0,0,29,0,68,3921,,False
507717.pdf,4fd52af4cc486eb86148756fbad554276d6c1079408f6676f50f8e26e8552f7a,507,51028,8,1.4,Acrobat Distiller 8.1.0 (Windows),20380,0,0,0,0,0,20380,,True
507718.pdf,fc0cfaab2017cbf04c378665a99f97730c231e5bd2a44f00cc672393c116b1bd,507,426413,4,1.2,Corel PDF Engine Version 9.654,10186,0,0,0,0,0,10186,,True
507722.pdf,7fd56f5e7a4384165032b21046a8f8984c136e20351ef59deb7a77f67715df89,507,344386,39,1.4,Acrobat Distiller 7.0.5 (Windows),56299,0,0,0,0,0,56299,,True
507725.pdf,ba32719ec229b8c0e6745ecb8b1ab94ade6a6f90a32ae7cbc10cdc869a27d8a1,507,35718,1,1.5,Corel PDF Engine Version 10.719,4044,0,0,0,0,0,4044,,True
507726.pdf,11f833c4d8824f81826779812f008c66fd1a17be31f754cf1fe37f3380dc06a6,507,11286,1,1.2,Acrobat Distiller 5.0.5 (Windows),1164,0,0,0,0,0,1164,,True
507727.pdf,08300dec2fa5955467b0ba51aae1c26378662e9d4030b0b55c55dcbcf09e1e8c,507,96215,3,1.3,Acrobat Distiller 5.0 (Windows),6587,0,0,0,0,0,6587,,True
507728.pdf,d8c248d7c0a8876b38937ed23593a598eff4cc25f915ba0da6d62967da593452,507,54412,8,1.2,Acrobat Distiller 5.0 (Windows),18057,0,0,0,0,0,18057,,True
507730.pdf,fcb5dbb47d972d6149b795da83de956a42e88d8d250d8be91f6a5b103db3fbd1,507,90760,2,1.4,Acrobat Distiller 7.0.5 (Windows),6621,0,0,0,0,0,6621,,True
507732.pdf,ddb145f4a8f857aeffb17176175506e09d6a435aeb99b7252d0d52bce32ee688,507,68258,11,1.6,,28589,0,0,0,0,0,28589,,True
507733.pdf,ed5ff423fe4cbb7dcc610deffba407a47d3eab2121108ad89011aab64587c7ea,507,88236,12,1.4,Acrobat Distiller 8.0.0 (Windows),28438,0,0,1,0,0,28437,,False
507735.pdf,fe7852fb30f8cb9f872734278093d97859186588e0823909480ef96e755ce920,507,37481,4,1.4,Acrobat Distiller 6.0 (Windows),10695,0,0,0,0,0,10695,,True
507736.pdf,916bce96c87f6acbdf008db1b5802a4dcbb35d1788ce38dc863a94a460a9bb2d,507,58825,8,1.2,Corel PDF Engine Version 9.654,21413,0,0,0,0,0,21413,,True
507737.pdf,0e1fbbf6cbafa01b7a1b06042c2b787e2e60b48a6a82cc70ae934521e82c0835,507,18720,4,1.4,Acrobat Distiller 7.0 (Windows),11218,0,0,0,0,0,11218,,True
507740.pdf,f6f902b7e90123b860f8c04bb06c834e178621e9505306902e8eb8227ef24a2b,507,2260963,20,1.2,Acrobat PDFWriter 5.0 for Windows NT,16995,0,0,0,0,3633,13362,,False
507741.pdf,29427da37b7ec00b800eccc1ac1c193b1815672bc97d5988d5368adf5749045d,507,12383,9,1.3,,11342,0,0,0,0,0,11342,,True
507742.pdf,768de42d7eadb66d9b51b91b45eeacc3f671a50ed1adb31d562e181ba1b7e578,507,115655,2,1.2,Acrobat Distiller 5.0.5 (Windows),7193,0,0,0,0,0,7193,,True
507743.pdf,f72b28e0462b16d1dd5c3a750871973531aa59f667d281280a547c44846bf833,507,349787,2,1.2,Acrobat Distiller 4.0 for Windows,7289,0,0,0,0,0,7289,,True
507744.pdf,afbede8f356f124f77cf9841b82a861dbbd3c76f6002d68e3636d7d66cba5cf1,507,182977,8,1.2,Acrobat Distiller 4.0 for Windows,27011,0,0,0,0,0,27011,,True
507748.pdf,2b533bd086ca366bd98c4fa5295ed97732ce2b97ff40a0fed899ec30c54bba4e,507,511098,27,1.4,Corel PDF Engine Version 11.4.0.100,56849,0,0,0,0,0,56849,,True
507749.pdf,61833c181225b2f1e6307895c03cb5c8ae2bbf73a0a8133d63e0fef129dca219,507,46023,2,1.5,Acrobat Distiller 6.0 (Windows),4513,0,0,0,0,0,4513,,True
507783.pdf,110a30de18165da5abb1ff9ef1d36940fa3bb00d5b93b11eeecfb1ebec0a9900,507,27671,8,1.5,Acrobat Distiller 6.0 (Windows),14397,0,0,0,0,0,14397,,True
507784.pdf,54df5d7e7fb307f5ac1351c21d6004533110796a2aa67e94391f36e9803dc106,507,52770,10,1.4,Acrobat Distiller 7.0 (Windows),24946,0,0,0,0,0,24946,,True
507785.pdf,c444bf3de6dfeaef53ef1d2100f91534d5bd693968841a6d1b01e1ea98fc61f1,507,18638,7,1.2,Acrobat PDFWriter 4.05 for Windows NT,16630,0,0,0,0,0,16630,,True
507795.pdf,cb842dcdbafeee8fdbe549318e19964c696b370bd5bafa7ea811c881aeb0dd48,507,58785,2,1.5,Acrobat Distiller 4.0 for Windows,13537,0,0,0,0,214,13323,,False
507826.pdf,82fbf7a702035a45ad2c26787b4375834f3211643fdff86fb9a4e5f9bc1cb074,507,953368,80,1.3,Acrobat Distiller 4.05 for Windows,150380,0,0,0,0,0,150380,,True
507827.pdf,a75b221e9781054fc62a23a9062c948e6bf32ac72bd29ab78bfb9b58c1ad5d25,507,1190509,67,1.2,Acrobat PDFWriter 3.02 for Windows,98268,0,0,0,0,0,98268,,True
507828.pdf,7f2d0d6930fb39364ea82bc245f2361b69438150d1d615920868aa1bafbabd74,507,41204,5,1.6,Acrobat Distiller 6.0.1 (Windows),14809,0,0,0,0,0,14809,,True
507829.pdf,68208fd4237179cec5426dc53b34856f0870cd218fab49a187387dca9aa646a5,507,586415,22,1.3,Acrobat PDFWriter 4.05 for Windows NT,38697,0,0,0,0,0,38697,,True
507830.pdf,8670b80fc84d0ff22a92d580cebed845af30c8b7b070d2d46835488173407f97,507,193880,54,1.4,Acrobat Distiller 5.0.5 for Macintosh,110192,0,0,0,0,0,110192,,True
507831.pdf,0df3e18942331aa9e6728eecd33daa9dac7d1a993e9fa275a81fe314b1edafae,507,179644,7,1.3,ReportLab http://www.reportlab.com,19673,0,0,0,0,0,19673,,True
507832.pdf,c00301a4238bf2df4dacb089ba87787cb61f6ab8c6321c1237943bcf73e5cd5e,507,187427,12,1.2,Acrobat Distiller 3.01 for Windows,23418,0,0,0,23165,0,253,,False
507835.pdf,7b1cfa4a211e021364a9f02e30f6938262f4192679461828caafaccb4f62aebe,507,30239,7,1.4,Acrobat Distiller 6.0 (Windows),16200,0,0,0,0,0,16200,,True
507836.pdf,dd27f7b3f35615d06c6d3abc8d82157e08de89bd68e1f1facf955114c38ee42f,507,63078,28,1.2,Acrobat PDFWriter 5.0 for Windows NT,71011,0,0,0,0,0,71011,,True
507837.pdf,21848ea8483018f479f7204415b8b5ab76e6e966d984ee81d8b6ee053df9508c,507,1843317,104,1.6,Acrobat Distiller 8.1.0 (Windows),252755,0,0,0,0,41,252714,,False
507838.pdf,c71c07a25c1ef6ab18cec4e178644e9401430050a6e5f46491e8d4e40028aa88,507,24818,2,1.4,Acrobat Distiller 7.0.5 (Windows),2921,0,0,0,0,0,2921,,True
507839.pdf,9f6ba605091029a6b69287bfd4192f20233f8e9e7e49498ce4d081200ae827fe,507,65836,4,1.3,Acrobat Distiller 4.0 for Windows,25238,0,0,0,36,572,24666,,False
507842.pdf,1b4df71230ef0795fc193e4c9d827d064b4198311724e79a620a4da1451a69d8,507,137834,13,1.4,Acrobat Distiller 6.0 (Windows),37182,0,0,0,0,0,37182,,True
507843.pdf,24221c8b890a0187d838717ec0160901dd80b95a40072c5eab2163949c6cbf3a,507,4197758,125,1.6,Acrobat Distiller 8.1.0 (Windows),233432,0,0,0,15,0,233417,,False
507844.pdf,5c1162e91c30f1ee5aa8302b79584b21fb9ae1f4b0c111e6648e4f4232e00edb,507,65189,19,1.6,,17498,0,0,0,0,280,17218,,False
507845.pdf,c2562ffc75522d510aea395d3786330ec4db4c66d764237c494aa44754a923d2,507,3046765,81,1.6,sspdflib 1.0 http://www.scansoft.com,188276,0,0,0,182,35,188059,,False
507847.pdf,d9525fa4cd680fb05eda1a753a809aae0e6c2b526d54b7a89b91dc4efdd038cd,507,138344,2,1.6,Acrobat PDFWriter 5.0 for Windows NT,1651,0,0,0,0,0,1651,,True
507849.pdf,2cdeb547090dd1ddb0272cf28cd88ec2c50ecfd2726361f4678502f8d442b741,507,135802,5,1.4,Acrobat Distiller 6.0.1 (Windows),8265,0,0,0,0,0,8265,,True
507850.pdf,5811c719f537a2cea0985f37ac63b280bdcf6e6ac80078d3e6923eaecbf1620d,507,157775,7,1.4,Acrobat Distiller 8.1.0 (Windows),14946,0,0,0,0,372,14574,,False
507851.pdf,029ce510a43df2562ea417a5c756d43445e1b84d5eed719d9ba93d693756b5a8,507,4590,2,1.2,Acrobat PDFWriter 4.0 for Windows NT,2000,0,0,0,0,0,2000,,True
507852.pdf,d1362c7a3259ae308a0ae9b868bd48887d1b7f221096e7e51953c7d41b77c40e,507,1332392,146,1.2,Acrobat Distiller 5.0.5 for Macintosh,287733,0,0,0,18,156,287559,,False
507854.pdf,66579a3c3d21d13702604aaf74c321d10ba145ecc8c677d6df9ba0eb7b7a2700,507,446344,12,1.4,Adobe PDF Library 7.0,18956,0,0,0,0,171,18785,,False
507855.pdf,db7bce1a3d8b18040ecde254c87e658de6bd1040bed98ff240713b28e1cb0b6b,507,3042344,39,1.2,Acrobat PDFWriter 4.0 for Windows NT,5866,0,0,0,0,0,5866,,True
507857.pdf,e0433f0654872fe94f3f6f6cbb03a50df7b4b40c75ce11f2e1b2c0112994f94e,507,8623,1,1.3,Acrobat Distiller 2.1 for Windows,2158,0,0,0,0,0,2158,,True
507858.pdf,7b0910452df880acfb36fd88ec6e4bc70ab77019dd8c10499cb686848e578ffb,507,842557,2,1.2,Acrobat PDFWriter 3.02 for Windows,5163,0,0,0,0,33,5130,,False
507860.pdf,d6d9a59d9d29ecab47a65837c08caae180bfc9a41eebb3e0c5355f054a1a1d7d,507,54460,6,1.3,Acrobat Distiller 3.0 for Windows,6296,0,0,0,0,0,6296,,True
507861.pdf,4ffb6f0bf8b73c083e73f7402ebd4ff8191870fc5edf51b1940ca31155539b47,507,302841,4,1.5,Acrobat Distiller 4.0 for Windows,11149,0,0,0,0,203,10946,,False
507862.pdf,11d31a98c21180e649f642e63866bd6414cc15086e9ad4cd381b1ae9e26563bb,507,539484,34,1.6,Acrobat Distiller 7.0.5 (Windows),39570,0,0,0,0,0,39570,,True
507863.pdf,490d906a74bd53f6500934c79001dbd70341875cac3accfec69457710f4478af,507,315176,3,1.3,Acrobat Distiller 5.0.2 for Macintosh,10274,0,0,0,0,0,10274,,True
507864.pdf,95ee2fcb9d8e42b4fa61e70ba2e8b0b8acc20cfff9e9bb6078fb86cc0de4a6d5,507,652962,32,1.3,Acrobat Distiller 5.0.5 (Windows),49412,0,0,0,0,0,49412,,True
507865.pdf,2a970498d0380e8147cbd30a9dc0614957b74b33ae45e8829a8dbb1b78d0328f,507,622941,27,1.3,Acrobat Distiller 5.0.5 (Windows),40984,0,0,0,0,0,40984,,True
507866.pdf,3d0c8ed53038eaffc8615b27efa88fc11911b4207bce2d2ebfa1a8d0a3e4bd3b,507,107258,12,1.4,FDFMerge Lite 5.0.4 Windows SPDF_1096+ May  3 2004,35205,0,0,0,8,0,35197,,False
507936.pdf,3ddfca02f39a55545e890320491d53bfa4069993371cd48cb5d0330c1fcc1166,507,20645,4,1.4,Acrobat Distiller 5.0.5 (Windows),5682,0,0,0,0,1042,4640,,False
507937.pdf,f6109813e8f14e0083dce013109cbf111b2606a2ee2d5207063fa6f044ac9b5b,507,15458,1,1.4,Acrobat PDFWriter 5.0 for Windows NT,3541,0,0,0,0,0,3541,,True
507939.pdf,87fb5488534109ec9fe5e8e255c588f2c506c5ef4d3d0b6a45fe85004a7b04d1,507,26703,6,1.4,Acrobat Distiller 6.0 (Windows),11460,0,0,0,0,0,11460,,True
507940.pdf,ece87cc52b14d24cc8c050a1d1f15e8c1423458210a0b25b595e8aeea578bc7f,507,33623,4,1.3,Acrobat Distiller 5.0.5 (Windows),13981,0,0,0,32,584,13397,,False
507941.pdf,75076b2e73c04671a1cf7d30def73330de3fd6ccd39220a5face683fd9af0a75,507,107307,9,1.3,Acrobat Distiller 5.0.5 (Windows),30219,0,0,0,0,1197,29022,,False
507943.pdf,67a5e53212e7817ba875354187cf5f33b7b758f6e66de41de8bb949f2996b873,507,2746375,2,1.3,GNU Ghostscript 7.05,3289,0,0,0,0,0,3289,,True
507945.pdf,00f88bf0ad9632c78694c594ceb677bb4085d29e487eefb4c17ca648d9fd99e4,507,2699948,2,1.3,GNU Ghostscript 7.05,3321,0,0,0,0,0,3321,,True
507946.pdf,a44b43ebcca2d56e5d96c2849259f17593fa156e04edfc522a4959609c540cc2,507,657029,1,1.3,Acrobat Distiller 5.0 (Windows),5839,0,0,0,8,233,5598,,False
507947.pdf,2d1ccaa3b1d7e04e10e43e8cdf7d9eb0ede7459bd3ec6c167e5cf23c03c0306c,507,15340,4,1.5,Acrobat Distiller 6.0 (Windows),24166,0,0,0,0,0,24166,,True
507948.pdf,ec3d8caf0698afa30f9bd77ad95cdba5796f25d3f71c9e36adce5bb614085d2f,507,53536,4,1.3,Acrobat Distiller 5.0.5 (Windows),16357,0,0,0,32,584,15773,,False
507949.pdf,22fb697d44907173a7427c4492a585b7904d47d01c19f0091c4db42be799c471,507,1691617,373,1.5,Acrobat Distiller 5.0 (Windows),0,0,0,0,0,0,0,timeout after 600s,False
507950.pdf,e653c0af3fa2d080c334b79b9827a0e27e16b9386e00dec8ac5d457b370e3801,507,64991,5,1.3,Acrobat Distiller 4.0 for Windows,34781,0,0,0,0,535,34246,,False
507951.pdf,9685d90bca54242ccc4e015de8b5d7e94776a5bb7d8e42382e00da3cd71fa16b,507,3408136,237,1.4,Acrobat Distiller 5.0 (Windows),0,0,0,0,0,0,0,timeout after 600s,False
507954.pdf,fd9618005f7234265c21c72293458052dfaeef174bc597b06d6fbbd9f033a977,507,239952,98,1.4,SAS Institute Inc.,68584,0,0,0,0,0,68584,,True
507955.pdf,244923b40598c0838a751d0d3a271ad91834d15cbbcc595315b4b8ea9373b4e7,507,616836,1,1.3,Acrobat Distiller 4.05 for Windows,3479,0,0,0,0,0,3479,,True
507956.pdf,4eaa050b1f662282d48730c21e1b7b991b33a46d7ae27cb2b1be4c89f3e67017,507,73935,9,1.4,pdfTeX-1.10b,11394,9,0,0,0,0,11385,,False
507957.pdf,9aa215e45a55dfad54610a4732fb3abba0318518bc55825586fd4da27d316f12,507,67461,8,1.4,pdfTeX-1.10b,9367,8,0,0,0,0,9359,,False
507980.pdf,88a1bdb634af350be10dedba083d437c5e8c00cd46055f1b22ad9d22d891b704,507,82045,8,1.3,Acrobat Distiller 4.0 for Windows,57893,0,0,0,0,856,57037,,False
507981.pdf,67a8af6560c447a5524a8c8e9c3f753042904cc8dbb1728b314f5076f13348a0,507,45107,1,1.2,Acrobat Distiller 4.0 for Windows,4042,0,0,0,0,118,3924,,False
507982.pdf,8ec673392cec177ecdf3352cdd89273dea92a417062983043a33799ff0415541,507,20637,4,1.2,Acrobat Net Distiller 1.0 for Windows,12006,0,0,0,0,0,12006,,True
507983.pdf,58c175813b90a4c164080104cae3ed01238f06aa03c8ff30b63f7fc9fc4e6841,507,22585,1,1.5,Acrobat Distiller 5.0.5 (Windows),4097,0,0,0,11,141,3956,,False
507985.pdf,a9d64428bc21154b622dcf65bbaa04c40f100a0b9b0abdff9736a6ec9f461c7c,507,730655,362,1.3,Acrobat Distiller 5.0.5 (Windows),731662,0,0,0,0,0,731662,,True
507986.pdf,14e0586e7647633e3abb9b81008b24b34d5333d61b3405cc139bdf1396ed0a11,507,104347,60,1.3,Acrobat Distiller 6.0 (Windows),62253,0,0,0,0,0,62253,,True
507988.pdf,31a9ed7b59660fa3c89b85e6b97bda472b057ae14163718c28881ba27d218d95,507,353979,12,1.6,Adobe PDF Library 6.0,15134,1,0,1,0,963,14170,,False
507989.pdf,e5106044258abd22a4837f0c52984807add6484eb7a6efc125007d9d12dc298b,507,6707,4,1.2,Acrobat PDFWriter 4.05 for Windows NT,4174,0,0,0,0,0,4174,,True
507990.pdf,cf230cc5ae61395e941119bd5d595b9ee77014b27dcc9820a007421fbc372ec4,507,55155,1,1.4,Acrobat Distiller 5.0.5 (Windows),5244,0,0,0,0,0,5244,,True
507991.pdf,17ab9f0534aef19ce89f514776774a42cb494c53d3e671870eb0a4e0b936f302,507,22864,11,1.1,Acrobat Distiller 3.01 for Windows,15384,0,0,0,0,0,15384,,True
507992.pdf,7aec97c9f75f2166729690351642c8ed22402dbae500a9e0b4cd7993a8b217dd,507,94016,5,1.5,Acrobat Distiller 6.0 (Windows),16595,0,0,0,0,155,16440,,False
507995.pdf,7ecdc75c5e2e531bcfc9b883c11388dd246a8e1ef23c1b2f41e585ad61012f6d,507,1806081,28,1.6,Acrobat Distiller 8.1.0 (Windows),44696,0,0,0,9,0,44687,,False
507996.pdf,f72bf53ad6f85e56a67f650d364b44c0d450e97ebf3225104e9252b099a46b82,507,93313,6,1.4,Acrobat Distiller 7.0 (Windows),17172,0,0,0,0,0,17172,,True
507998.pdf,adb9e17abeacc77b84d10b9f67fc4e45d610f37770aec4885cd06cab5e3d9ed8,507,16167,7,1.5,Acrobat Distiller 6.0.1 (Windows),12871,0,0,0,0,0,12871,,True
507999.pdf,f9c907c6600215471d0f531f8992cca789a8bfe74b580144cf99e2de03bc7108,507,37393,8,1.2,Acrobat PDFWriter 3.0 for Windows,17451,395,1,0,0,0,17055,,False
750039.pdf,9c5b939efc0d61ee95ba2c6180af1aa49968be456e4dc3d5a9c6bc0826f532fc,750,2279950,40,1.2,Acrobat PDFWriter 3.01 for Windows,64573,0,0,30882,0,0,33691,,False
750061.pdf,c94eb0039e594669ccb559d894680b7a52a276622ce8d824429f4a71a54303e2,750,2546655,22,1.5,Microsoft® Office PowerPoint® 2007,9717,0,0,0,0,787,8930,,False
750064.pdf,e0e1482514cd2d7a3f6160ce1ca3d97a309bbbb67ca8a04ce7ba29f337f5a89d,750,2622812,1,1.3,Mac OS X 10.5.6 Quartz PDFContext,3660,0,0,0,0,177,3483,,False
750083.pdf,e7badc03bbfd47b88ef3984c866163e7fed0c1bdfb5944f2291517c07e91d8aa,750,35268,10,1.2,Acrobat PDFWriter 3.02 for Windows NT,19369,0,0,0,0,0,19369,,True
750087.pdf,ca4a6a16ffa16adb6a5953c11a70ec1a956815d65e2758342506837d02297700,750,792617,48,1.4,,93354,0,0,0,0,265,93089,,False
750088.pdf,8a88c823e7e3c3011ed72c8ecb47e8bc95ee6760bfdf5623d710bd873266273e,750,311142,32,1.3,"Etymon PJ 1.10, Copyright (C) 1998-2000 Etymon Systems, Inc. <http://www.etymon.com/>. ",59353,0,0,0,33,33,59320,,False
750089.pdf,d601b800a0c09e9ea67e299ff012b619ddadad51980c5c9cc04e0602a16997e7,750,10331,6,1.2,Acrobat Distiller 3.01 for Windows,7000,0,0,0,0,70,6930,,False
750090.pdf,6cdedd7bcd12646aa9d99df7cf10818bb75a5396ef819898f84d4a45dd444f0c,750,51408,4,1.5,Acrobat Distiller 6.0.1 (Windows),3114,0,0,0,0,0,3114,,True
750091.pdf,a8c31ff5a9f21e3daca34f52e60354860614c09064f9267fd83f205fa9e00559,750,987346,18,1.5,Acrobat Distiller 6.0 (Windows),12235,0,0,0,0,9,12226,,False
750095.pdf,f628bd5607b691e7df77140d9205816bfe3a5653170c044c1a3a181e3837e9a4,750,383224,4,1.6,Adobe PDF Library 8.0,7220,0,0,0,0,0,7220,,True
750096.pdf,324a450f7cc598b90f3ff9f3bfaf6d142b7e4b6b2ab71cfa578f94a0b5318b3b,750,107334,2,1.3,Acrobat Distiller 5.0.5 (Windows),7113,0,0,0,0,0,7113,,True
750097.pdf,7b804086d07bd02cc4845be9391fd58dfe24b360126e2713848a4613feaa7e3f,750,41450,4,1.4,Acrobat Distiller 6.0.1 (Windows),12186,0,0,0,0,0,12186,,True
750098.pdf,7ce411f803e0a738a3197810517652795553378c9cfb7be3ca05b7914c546a87,750,93809,21,1.4,Acrobat Distiller 2.1 for Windows,37536,0,0,0,16,0,37520,,False
750099.pdf,439b6345d89e773cff688d6843287eff2c4edde6b803c3a01d2881afcf433ff6,750,31072,2,1.5,Acrobat Distiller 5.0.5 (Windows),9007,0,0,0,0,212,8795,,False
750102.pdf,229d4dbce93ffe046659310076836c9eae9a8a61eed7ab0a74664206056599b1,750,31444,2,1.5,Acrobat Distiller 5.0.5 (Windows),8701,0,0,0,0,212,8489,,False
750104.pdf,db3cb7546f93aa4ecebd7e5381fbcd1c688bd9455da21d314fb2268e057a8b19,750,59646,7,1.0,,49356,0,0,0,0,0,49356,,True
750105.pdf,f91eec66b2d508b8a14054efc86bad2e23d0769617e843d199919dee70b13503,750,32219,12,1.2,Acrobat Distiller 3.01 for Windows,11752,0,0,0,0,0,11752,,True
750110.pdf,847236c85ddf5fd309cbe69ea64f0eb8dd1587dfe06b9970e51222e2a24ef423,750,91258,16,1.4,Acrobat Distiller 7.0.5 (Windows),41533,0,0,0,0,0,41533,,True
750111.pdf,a8e6e41ac1defa89cbefcace841ef0d130966c367d1191a5b34fab777e0fe2ef,750,57792,10,1.4,Acrobat Distiller 8.1.0 (Windows),23895,0,0,0,0,0,23895,,True
750184.pdf,136fbf20c7bde402eca18fb2320167656f30782f8a6542bb7b03ee9a1db8a8b7,750,2173638,1,1.3,Mac OS X 10.5.6 Quartz PDFContext,3351,0,0,0,108,0,3243,,False
750186.pdf,edcc84e70115719f7d7e9620d86a64c6814c05c546b62a20ac1856ffd0180bda,750,1273898,1,1.4,Acrobat Distiller 8.1.0 (Macintosh),11395,0,0,0,0,0,11395,,True
750189.pdf,44af34996f058cba3fe32a13afc5354658cd74b21e1517e04b50cc45e9a92ae5,750,3558520,1,1.3,Mac OS X 10.5.6 Quartz PDFContext,2987,0,0,0,0,0,2987,,True
750235.pdf,3d6c54d080f4e1812ca287d687e73fea483da997d9c18e2303477d034eaa04af,750,1812530,89,1.3,,187060,0,0,0,0,61,186999,,False
750239.pdf,fb0dd12228843082d1ce6f3ae2fd84596cc0fb9049196ff02cac4833c077d362,750,18584,1,1.4,Acrobat Distiller 7.0 (Windows),834,0,0,0,0,0,834,,True
750240.pdf,9f79f268deb00b68001aa96d91b5215c15d1428a81eedf015a2a2890f43e7d58,750,31469,2,1.5,Acrobat Distiller 5.0.5 (Windows),8992,0,0,0,0,212,8780,,False
750243.pdf,fdb1a5655b01fbfb258168520e38dd70f9d087a960f280a11144686a86eed6b4,750,49083,5,1.4,Corel PDF Engine Version 11.4.0.100,14006,0,0,0,0,0,14006,,True
750244.pdf,d6bb4c75bdb3205e5432bfebf10c3a462b20557637934f1305f0546743354bf6,750,629890,5,1.4,Acrobat Distiller 5.0.5 (Windows),8345,0,0,0,0,0,8345,,True
750245.pdf,721934d4696b56b89d1b961d5ac28f2001fe454ef8442345ae05d8a98521ba76,750,525176,9,1.6,Acrobat Distiller 8.0.0 (Windows),41555,0,0,0,0,41514,41,,False
750247.pdf,5d8379b12bb3ec94478fe0aff44a9ebabd8618c3bf3fd6f8d9a032d438e431fa,750,63312,19,1.6,Acrobat Distiller 8.0.0 (Windows),42307,0,0,0,14,38,42269,,False
750248.pdf,e1b95841097ebe6304c6ac3fc982e1ffd1c21c451c86a65ec8ac4cc056cbb352,750,1629242,48,1.5,Acrobat 4.05 Scan Plug-in for Windows,101255,0,0,0,0,0,101255,,True
750249.pdf,16caf954e956aec03a838a801fabf47415807544b08096d2a3b1db6274c26321,750,109823,8,1.4,Acrobat Distiller 8.1.0 (Windows),21337,0,0,0,0,0,21337,,True
750251.pdf,7b1af6b06e0c36e8eeb26614379069b411cd2a96ba399598779a82395cce2a31,750,70642,5,1.3,Acrobat Distiller 4.0 for Windows,35398,0,0,0,45,720,34678,,False
750252.pdf,6514a3e50b03e105586747e63bf75d9d26744fd120427aeb12899a1d8c0d4134,750,1369405,2,1.2,QuarkXPress(tm) 6.5,7889,0,0,0,0,7889,0,,False
750253.pdf,a58e2a966a2b2726b4613cef1beff9d970fad611553fbcedd8de1de07dddead5,750,398122,26,1.3,"Etymon PJ 1.10, Copyright (C) 1998-2000 Etymon Systems, Inc. <http://www.etymon.com/>. ",45116,0,0,0,0,0,45116,,True
750254.pdf,4b5872171f63fca075527ffe79bbbb078d38fa457a839262bd853933a85f2bbe,750,120804,3,1.4,Acrobat Distiller 5.0.5 (Windows),4641,0,0,0,0,0,4641,,True
750255.pdf,74e654d72d6860f5e82ecf2daf3744b913a933d2d048164dc238921ded5a6ef4,750,25477,7,1.1,Acrobat Distiller 3.01 for Windows,19054,0,0,0,0,0,19054,,True
750257.pdf,d7bb876c400d2225765e0fe4b8a752184ea69f19320cfea8f46ed32d526dea3a,750,111268,31,1.5,Acrobat Distiller 6.0 (Windows),58220,0,0,0,0,0,58220,,True
750258.pdf,720bab9b5dd7616fc650845005f119b4e74edfb066df7dce580af30bff784314,750,47567,23,1.5,Acrobat Distiller 6.0 (Windows),27922,0,0,0,0,0,27922,,True
750259.pdf,11cffc4f39418229bcbcfe8f22a9110a01e65be98d0f2df256a9575bcb3fb7fe,750,111149,2,1.4,Adobe PDF Library 4.0,4247,0,0,4247,0,0,0,,False
750316.pdf,34036f17bc144f396654abf2ba9ee0a4fec6024708d6c2b955bd03802d50234f,750,62854,8,1.6,Acrobat Web Capture 8.0,8177,0,0,0,0,0,8177,,True
750325.pdf,7c02dd9061e7006f5f7f6711221568e345ee68e3e2a8e6bd0c640c23fb41593f,750,30525,15,1.2,Acrobat PDFWriter 4.0 for Windows,29503,0,0,0,0,0,29503,,True
750328.pdf,89f17bb015fe23eec0e0cd5077449e6373a7e70ea951346a91fb00afe28614fb,750,159180,1,1.3,Acrobat Distiller 5.0 (Windows),3244,0,0,0,7,148,3090,,False
750337.pdf,4ecbe276e538d1220f80d0bf0955fc2c4340f14c3a7310f74ed26868e24e9a92,750,1608290,20,1.6,HyperGEAR PDF Make Library,1571,0,0,0,0,0,1571,,True
750366.pdf,6f523b58034d8708025c57db4bf11b31e6805ba7e7b4d3709bfbbb59777be20d,750,1203569,75,1.4,,165561,0,0,0,0,805,164756,,False
750371.pdf,754a9b72d77df1793c17c9797dface1a266f2ed6f6e7cf8952756d8817339c76,750,300347,31,1.3,"Etymon PJ 1.10, Copyright (C) 1998-2000 Etymon Systems, Inc. <http://www.etymon.com/>. ",52471,0,0,0,0,0,52471,,True
750373.pdf,a73e6acf7355d32fc11c0fd973e28c3c61be82cd9439b3f393a39cc5994a1f56,750,201208,17,1.4,Acrobat Distiller 7.0 (Windows),25223,0,0,0,0,0,25223,,True
750374.pdf,baf5d117bfd2dba3460660593568d69de54ea4cc739d9917c3bee61d384d501c,750,278399,4,1.4,Acrobat Distiller 8.1.0 (Windows),6484,0,0,0,0,0,6484,,True
750375.pdf,b6f329ced7f5c36e8e8dd00afe9d1a17b565327f220cba474dcadc5f2a0a63c7,750,63860,6,1.3,Acrobat Distiller 4.0 for Windows,24502,0,0,0,0,708,23794,,False
750376.pdf,42f06ae72b87ebb60224b3d5df9f5c10fdbaac35a77401ccbee73b1867f1c0b9,750,73466,7,1.5,Acrobat Distiller 6.0.1 (Windows),5280,0,0,0,0,0,5280,,True
750377.pdf,4b5dd3c1915004f3b086e581f3e2fb9e7ff8acdd570546800f37be07ca184bca,750,14883,13,1.2,Acrobat PDFWriter 4.0 for Windows,6514,0,0,0,0,0,6514,,True
750379.pdf,5d680684a60eb4cecfa45476786f8d7255108889e8538f7f8c54272f1a5255ac,750,3791504,38,1.4,Acrobat Distiller 7.0 (Windows),68626,0,0,0,0,24,68602,,False
750380.pdf,485c7400367af5bfc3689bec4801108dada84d506aee9cb068487bcb90662a7c,750,32896,2,1.4,Corel PDF Engine Version 11.2.0.499,2358,0,0,0,0,0,2358,,True
750381.pdf,cd273b9c9510e54235bcf75a53710d42b89251596c72b8a4bfbf6f708db9a16c,750,37682,4,1.5,Acrobat Distiller 5.0.5 (Windows),18367,0,0,0,0,424,17943,,False
750383.pdf,a0988d734bb6e57036bb85aa7b3034f25cee8bcb3bea37b16cc1119c80f44ab6,750,481652,11,1.6,TypeReader 6.0 Professional,849,0,0,99,0,0,750,,False
750384.pdf,82d70c1cf4626b74b5498597c14896a87d690e5f75587c5e5ce681dbf9625884,750,28097,9,1.6,Acrobat Distiller 8.1.0 (Windows),16330,0,0,0,0,0,16330,,True
750385.pdf,0159cc7bbe6d9bf5031d562a80386b5428dafdd7e119b3c9c486bcdd3c548b2a,750,199319,32,1.4,Acrobat Distiller 2.1 for Windows,44576,0,0,0,13,0,44563,,False
750386.pdf,16f557ce0ddb6acb157c94fee7e5d8f7c346588f4fc9a18e9e85ad226c81b570,750,21345,3,1.4,Acrobat Distiller 7.0.5 (Windows),5039,0,0,0,0,0,5039,,True
750387.pdf,95ce8842ca24c98315fa8d4fe65fe925d0af0491ef6522880064164e442f6484,750,53279,21,1.4,Acrobat PDFWriter 5.0 for Windows NT,34848,0,0,0,0,0,34848,,True
750388.pdf,6f3272fad5a86c47727347122f5ae52b52a93a07175772ca90d17298c7a0b9e2,750,79496,2,1.6,Acrobat Distiller 4.0 for Windows,13010,0,0,290,14,0,12720,,False
750389.pdf,47641c8a670f576c428dc12bf4c8aa6548c2f38df9b20d72e91bccd7b53cab6a,750,712249,2,1.3,Adobe PDF Library 5.0,1278,0,0,0,0,47,1231,,False
750390.pdf,2fb8667ef8b2e0a17bf0e6d4d5513e279dba8eceb586576ffb83be80688b2f1d,750,8560,1,1.2,Acrobat Distiller 3.01 for Windows,2216,0,0,0,0,0,2216,,True
750391.pdf,b8cdd63a541cc9aa93d7b9ede0148530eea569f3cff8ba6d0d77389901897f11,750,382327,2,1.5,Adobe Acrobat 6.0 Paper Capture,0,0,0,0,0,0,0,,True
750392.pdf,984be47ce677c9e0d6ac8a075a537f82adc1c3fca3015f9e8d48cb1867dfac1f,750,93243,14,1.4,Acrobat Distiller 6.0.1 (Windows),10661,0,0,0,0,0,10661,,True
750393.pdf,5bf3e35ed028a86b89066f379b3579c6ceabb126d9fb62890fbf40dd6a27fb1c,750,147672,2,1.3,Adobe PDF Library 5.0,4710,0,0,0,6,188,4516,,False
750397.pdf,194d4ba190139dd28890bd87dd892d926d6118b954ba87af9e655a04218d9923,750,246885,27,1.4,Acrobat Distiller 6.0 (Windows),52095,0,0,0,61,0,52034,,False
750398.pdf,c492b4ca22917b6c1ea3459f35b957a0174571bdbd8069fba53f6967791b2b35,750,129684,13,1.4,Acrobat Distiller 7.0.5 (Windows),41535,0,0,0,0,0,41535,,True
750402.pdf,f571f886eea2250fffe33b951c9bcde7a20ba261cca40e803e2de9a5c7a9063f,750,400683,1,1.4,Acrobat Distiller 8.1.0 (Windows),6326,69,0,0,70,215,5972,,False
750403.pdf,4b90326da87e628587c98fdfaf7a44143bd54a8b682699920091bf494b3904e9,750,1455172,151,1.2,Acrobat Distiller 3.02,180486,0,0,0,38,0,180448,,False
750405.pdf,82b763bbfd6e244d46af7690d48166ab4a9b0f98286a3f2ccddd965376a4a603,750,577947,8,1.2,Acrobat PDFWriter 5.0 for Windows NT,35892,0,0,0,0,0,35892,,True
750460.pdf,9a0fdafc69711a1f5a7ae1ffc566a767a1284f2f46a8e167a09361d2b911b99e,750,376790,1,1.4,Acrobat Distiller 7.0.5 for Macintosh,1680,0,0,0,0,1619,61,,False
750462.pdf,b0606b42d28e428bfbb630264abd929e2898d2a07958ea15d98a0234842db5af,750,1882923,16,1.4,Adobe PDF Library 7.0,30260,0,0,0,0,1604,28656,,False
750464.pdf,5a6008f8c746293df4a2bf2a6c5cec06660e46aac005aa138cd23246259d39e9,750,3193504,2,1.3,Adobe PDF Library 5.0,7315,0,0,24,0,0,7291,,False
750467.pdf,cb3cb26f3e0ec69e4399f7c759868f66a67ee6b59bf35dcceca98e24b3a7c5b2,750,296549,48,1.3,Acrobat Distiller 5.0.5 (Windows),185231,0,0,0,2,6116,179115,,False
750481.pdf,01df3a5798663ccd1cc94ab33d25306c346385e8a428f5b61ed36887ccb73a4a,750,1292064,54,1.4,Acrobat Distiller 6.0 (Windows),8145,0,0,0,0,7875,270,,False
750486.pdf,984397530367649ef248eb06183509d536878222f9c99a95fcd94f7f06c70170,750,2875323,24,1.3,Adobe PDF Library 6.0,95769,0,0,0,3,1740,94026,,False
750488.pdf,c57fa0a2f4e20d9b47ef12d25bf3d589880936ddd33e5e6725cdc87e5d71d3a8,750,54206,6,1.4,Acrobat Distiller 6.0.1 (Windows),21554,0,0,0,234,0,21320,,False
750490.pdf,74382aaaff0bbc713923c1dcda44611e1ac469609220ad66ff1dc04f72d20065,750,2079107,14,1.3,Acrobat 3.0 Scan Plug-in ,0,0,0,0,0,0,0,,True
750491.pdf,64b4a6b603d13d6332e73d1ed3cdd27180049d41c3113d1cfeb6ad7a69e77805,750,258021,10,1.6,Acrobat Distiller 8.1.0 (Windows),23249,0,0,0,0,0,23249,,True
750497.pdf,31e082232b2899dfe2e5c27157ef65e3d861cd4b9771b54a58b954ff80e245d8,750,3666961,75,1.3,Acrobat Distiller 4.0 for Macintosh,204022,0,0,0,0,2399,201623,,False
750498.pdf,1ba81813a5d17aef73310deceb7d67edde45e6c9b885d1e7be07ddd2bcabfc2d,750,1367223,74,1.3,Adobe PDF Library 5.0,263538,1730,0,0,3,0,261805,,False
750499.pdf,1bb8630594dd5ea6d0649e9543013b051dc5c850002e43ccac6fa51c704b3bea,750,68103,6,1.3,GNU Ghostscript 7.06,15835,0,0,0,0,0,15835,,True
750508.pdf,60dd7e8f5bd7ff3b53a8c67f3fefe47aaf78560c12960b8e36bac32f5e5d0c2a,750,2791378,147,1.3,,350135,0,0,0,0,33,350102,,False
750509.pdf,53d09af2e727aaa963cd2b7a91f9abd139d91077e9d1948730c6ec98fb594ad1,750,881612,44,1.4,,84588,0,0,0,0,108,84480,,False
750510.pdf,40032a11a8a115eab63652a807c12c7a20c371f5b5f93a3856087479190fab63,750,72185,35,1.4,Acrobat Distiller 3.0 for Windows,72021,0,0,0,135,0,71886,,False
750511.pdf,7cfb7de9ead408f593219ba9e9e8e91de38cd97823cd2c90b7a6036eb9bfdb76,750,362897,4,1.4,Acrobat Distiller 8.0.0 (Macintosh),14521,0,0,0,0,194,14327,,False
750512.pdf,78b60600a92dc905a92aac10daa96c14e6490f9b65ca5557b1b6be7ec957c058,750,4787860,86,1.6,Acrobat Distiller 7.0 (Windows),133731,0,0,0,0,103,133628,,False
750513.pdf,18af847c7c951c6003c89e503375e45880d705d79a9e3238bc22ee1fc7f10815,750,3153598,142,1.4,Acrobat Distiller 5.0 (Windows),117968,0,0,0,8,20,117940,,False
750514.pdf,c81c16afa0d21d9d63c8d25de4abe5964f7ffc7df4d4763070c4d16e6cdecd56,750,10316,2,1.2,Acrobat PDFWriter 4.0 for Windows NT,3879,0,0,0,0,0,3879,,True
750515.pdf,c33a3e5cdf3b0f5e114cd6c973e80dc9827cb6c1736c39769fcb3ad6c5ce779d,750,170125,50,1.4,Acrobat PDFWriter 4.05 for Windows,64145,0,0,0,0,0,64145,,True
750516.pdf,09de42257d26f8356587ef02ea4f5ab7ac0abbc93802e2ce606a5cba29a86e50,750,398302,2,1.5,Adobe Acrobat 6.0 Paper Capture,0,0,0,0,0,0,0,,True
750517.pdf,3a664b0ba4a6ed964111dd1b16e72f58d4d098f87235cc59d49bcce7e1925d91,750,40181,10,1.4,Acrobat Distiller 8.1.0 (Windows),16317,0,0,0,0,0,16317,,True
750518.pdf,ee163fa24f168c178eb97dec9d84af5277613dc8b83c92f5f77115112b621ea7,750,164204,19,1.5,Acrobat Distiller 5.0.5 for Macintosh,87842,0,15,0,0,2257,85585,,False
750519.pdf,1a0cf9ff282d31b4cf95f64846ba5c2ec17c638f50376fbc43af019d9928b4bc,750,228018,3,1.3,Adobe PDF Library 5.0,7656,178,0,0,0,0,7478,,False
750520.pdf,e5e141ac2bff6ab68f7a008715a5b1179082a42c7334a08be514245d6bdd6e70,750,123863,21,1.4,Acrobat Distiller 5.0 (Windows),43060,0,0,0,0,0,43060,,True
750521.pdf,aa6041971e78a402ec9484e0f974340952ce4918aa4c0c96c3cbd7ff0160ce35,750,25139,8,1.4,Acrobat Distiller 8.1.0 (Windows),13987,0,0,0,0,0,13987,,True
750522.pdf,30d52dfc01b0e23af132219f3d8e1e4d80d32ea70b44d1d2b7cb075f03c3f94c,750,163726,7,1.4,Acrobat Distiller 6.0.1 (Windows),26826,0,0,0,0,0,26826,,True
750523.pdf,3535f747a022f307b34647000d189f3a43a2c39841031ea0ea2f7583398c13f4,750,86511,18,1.4,Acrobat Distiller 7.0 (Windows),38148,0,0,0,0,0,38148,,True
750524.pdf,252fd6ae215f83d09958b5b9c5b58383940c25bf7d8bee43727f61159bfb20c0,750,126267,9,1.4,Acrobat Distiller 8.1.0 (Windows),21763,0,0,0,0,0,21763,,True
750525.pdf,36dc73dae3f0e3c7662a0ab792cdc4710daf0f51fcb1f6411b14ca83228a233e,750,54244,1,1.4,Acrobat Distiller 6.0.1 (Windows),4318,0,0,0,0,0,4318,,True
750526.pdf,601c6c759f1418f1ffecd75c76d71b96d494b3ac677a7834713a28d0d5df1c44,750,171116,31,1.3,Acrobat PDFWriter 4.0 for Windows,34172,0,0,0,0,0,34172,,True
750527.pdf,27c5813a9ab9f564d70de07cfe266f6c7d1bf3399631381e2649b06804d4e417,750,3281061,19,1.4,Acrobat Distiller 4.05 for Windows,69459,0,0,0,0,0,69459,,True
750528.pdf,b654df5c19afeeb5e9f7d916b3f57da29f0efaf4df80512d7d58b66873c1b922,750,3450396,3,1.4,Adobe PDF Library 7.0,8919,0,0,0,0,0,8919,,True
750529.pdf,83c809e6f1d23040ada3aed070498c853ac6c21e3e7f37bb29c4a53a4838459d,750,11834,2,1.4,Acrobat Distiller 7.0.5 (Windows),1688,0,0,0,0,0,1688,,True
750531.pdf,90832e41c1dee06fca275d516d7c975f92eaba29f70d0d52efe4a461c72545d7,750,119132,27,1.3,Acrobat Distiller 5.0.5 (Windows),67284,0,0,0,278,3639,63643,,False
750532.pdf,380fe0a0bfc223780f193506ac9a52613d19722901a895d799f39c1e9d78fe0b,750,163695,4,1.4,Acrobat Distiller 5.0.5 (Windows),7821,0,0,0,0,0,7821,,True
750533.pdf,8fef22a614bb69c440a0230dd747e4ab927f6d3fd2cbe576a6b72e596d5dd1ba,750,432003,74,1.3,Acrobat Distiller 4.0 for Windows,542240,0,0,0,740,10656,531584,,False
750534.pdf,df073bb45c350256a8fc6390c296cedd77d3643288b64abc318a76d7cdfe7cb7,750,65648,1,1.3,Acrobat Distiller 5.0.5 (Windows),1839,0,0,0,0,0,1839,,True
750535.pdf,73bf631a02daf2db6573420d4e8b2b87269c8d9ccaeaf3ed15e6b2e11dc3256d,750,2321115,55,1.4,Acrobat Distiller 7.0 (Windows),120928,0,0,0,107,2170,118651,,False
750537.pdf,106b10b3b4398b92ae22f8858dbb2252deec44b4532c0896b12ddff5c98bc61e,750,49326,13,1.4,Acrobat Distiller 6.0 (Windows),22890,0,0,0,0,0,22890,,True
750538.pdf,b0d5aee2b4de0f5929e46d63f388e2933b200ffaa6f1f14f5c66417433864506,750,2664728,92,1.6,Adobe PDF Library 6.0,179376,0,0,0,0,3241,176135,,False
750626.pdf,f7a6683b278ebbb65346c1066940bc597637551b022a022d6cec4aed2f284a36,750,129168,11,1.3,GNU Ghostscript 7.06,32511,0,0,0,0,0,32511,,True
750649.pdf,441b315e4ad8c54e078c685ad621eac738e1bd1a055c7dd7745c438ac3c0beaf,750,92872,17,1.4,Acrobat Distiller 6.0 (Windows),34978,0,0,0,0,0,34978,,True
750650.pdf,82ba199550d7a459dca27532c9a57d054f5bb54f15e2dd3e9eee1b17272e5be0,750,1000152,47,1.4,,95446,0,0,0,0,228,95218,,False
750652.pdf,0c10131d954ed28f42b8db1e17357f3b5270bd24ce9dfcc290ae6565ac17fb54,750,2810522,151,1.3,Jaws PDF Library 3.10.1568,144982,0,0,0,0,0,144982,,True
750653.pdf,fe4fd7a3748d3b6c190318d1408c21d5d1eab04c343865efb1dceeb67b8e8051,750,97435,21,1.4,Acrobat Distiller 2.1 for Windows,39180,0,0,0,20,0,39160,,False
750654.pdf,79287bf80c928a0da34e314c505f58ef8bad042837a10e0630717df014c174e4,750,1103079,359,1.5,Adobe Acrobat 6.0,541380,0,0,2540,0,0,538840,,False
750655.pdf,347dc748bf2a1329f70fb1116dbb0b9bd3d2d7a6d8cfa33dc77daf535e3dc156,750,68572,4,1.4,Acrobat Distiller 8.0.0 (Windows),8027,0,0,0,7,0,8020,,False
750656.pdf,54022ef95505071a9bbe5df570c6d98dfc19fe7fd0a2d02cbd751021b21f4553,750,38249,1,1.4,Acrobat Distiller 6.0 (Windows),2741,0,0,0,0,0,2741,,True
750657.pdf,5097a7de13434c8a636c8f05cd8e0e40da28f0310e9ff3958903c057d261817d,750,94823,1,1.4,Acrobat Distiller 6.0.1 (Windows),4284,0,0,0,0,228,4056,,False
750658.pdf,e668fd250d3e1fe284463aab81afcdf89cc6de70289c9e63b630b587d9a89b2d,750,380112,2,1.5,Adobe Acrobat 6.0 Paper Capture,0,0,0,0,0,0,0,,True
750661.pdf,7117dbe6040c24d868b6626f7e4ec8a997b5d9ebd59ca8d503fce70b798f721d,750,1299659,10,1.2,Acrobat 3.0 Scan Plug-in ,0,0,0,0,0,0,0,,True
750662.pdf,da0df91ff0f116cc837c2e808143ed5bf78eac4ebe2ff5e67064c40b15305a9c,750,45294,2,1.4,Acrobat Distiller 8.1.0 (Windows),2031,0,0,0,0,0,2031,,True
750663.pdf,5b72a9253546223681d2001018b493d65809929d61e49586ed98feabb35fd475,750,407432,26,1.4,Acrobat Distiller 6.0 (Windows),44859,0,0,0,6,354,44499,,False
750664.pdf,bf446ba7abb299a16c01cf7019f0dae9bc3ba209b849a097b4bddb42f206fb25,750,259669,17,1.4,Acrobat PDFWriter 3.02 for Windows,20949,0,0,0,0,0,20949,,True
750665.pdf,b00268cd459960a5df7a9e0ce9e1fe6c89c17a174b2f56bd1d2a5ead6fde6600,750,42168,2,1.4,Acrobat Distiller 8.1.0 (Windows),7916,0,0,0,234,0,7682,,False
750709.pdf,88d17b85d03dbc2dba92129264f92b9cdefa44147613e22d6b34d7ff1fadeda3,750,3930068,63,1.2,Acrobat 3.0 Scan Plug-in ,0,0,0,0,0,0,0,,True
750759.pdf,49185ad0d839b2ebb6613ea405da4b28bc865def69e5f1e77cd5ee96f487ff1d,750,88849,19,1.4,Acrobat Distiller 6.0 (Windows),54181,0,0,0,0,0,54181,,True
750760.pdf,c50dfbdb01cade0ab1edf9209eb1a9ae534df4829c1ed5f3640bcd53b86c5397,750,701393,51,1.3,"Etymon PJ 1.10, Copyright (C) 1998-2000 Etymon Systems, Inc. <http://www.etymon.com/>. ",88603,0,0,0,0,10,88593,,False
750761.pdf,51835b0968d90cd0ffa0afb8fe6c76f75b74159b9f570f8a0ee15de3e95d5e84,750,1083914,45,1.4,,84579,0,0,0,0,28,84551,,False
750762.pdf,a2bd40bea20267c841c2e7bd2bad121bfa458af76cdf8085e89a55986412f779,750,206075,13,1.6,Acrobat Distiller 7.0.5 (Windows),25821,0,0,0,0,0,25821,,True
750763.pdf,0a0e34f423fa0384bcc8082fe02a4353fc5dad96c09ec6913d1c51eeab75788e,750,7318,2,1.2,Acrobat PDFWriter 4.0 for Windows NT,1725,0,0,0,0,0,1725,,True
750765.pdf,708609277b1eb6abec3662a31e511a9c52ddacad1871eacb509556d499829a81,750,93495,14,1.3,Acrobat Distiller 4.0 for Windows,85877,0,0,0,0,1498,84379,,False
750767.pdf,6aa7304696f8438628730a80b36a5a4bd8170e15b5ad79a8cdc88b7c5d1c2a46,750,91997,6,1.3,DocuCom PDF Driver 5.01 for NT,13185,0,0,0,0,0,13185,,True
750769.pdf,2402a6875d63e19fb9e34fa53113b332f21b39a7463df0552eefe93e97336db7,750,152209,11,1.3,Acrobat Distiller 5.0 (Windows),23786,0,0,0,0,0,23786,,True
750770.pdf,c429bf3f827fe4b3e4edfbf3380c858a4cb85b99796aed22d1dec3976dd65031,750,708643,56,1.5,Acrobat Distiller 6.0.1 (Windows),289433,0,0,0,0,0,289433,,True
750772.pdf,a3edb3ab49c80f1ccf46e2ec3b5193ab38779baec871bb2f4f31aea9910ae4e4,750,242501,12,1.6,Acrobat Distiller 7.0.5 (Windows),31025,0,0,1,0,0,31024,,False
750773.pdf,563709eca28508445e47f50a94eba785ed670e67bcd14c1e6045e1cc29636838,750,128671,28,1.3,Acrobat Distiller 5.0.5 (Windows),42903,0,0,0,0,0,42903,,True
750774.pdf,aec1e81f86f9eb65ca7bb0431d979fad540f994408bb9058278f4a4f6105beb2,750,108999,16,1.3,EOL Universal Printer,46410,0,0,0,0,0,46410,,True
750775.pdf,f5857996c0750aad82c99401c87303481275f6b39600e360d9f8e491faf7b27e,750,225383,38,1.5,Acrobat Distiller 6.0.1 (Windows),82235,0,0,0,0,0,82235,,True
750777.pdf,5bd1d40b5217338e27f5659d5ae95d9d9c515020ae7d28d88b22fc59ed4f6b5c,750,49348,7,1.6,Acrobat Distiller 7.0.5 (Windows),9470,0,0,0,0,0,9470,,True
750890.pdf,2f563fb89cc5240d084004fbbf798f8207a3789b5c7dd8d74e64e39e75d1a9e9,750,92717,20,1.4,Acrobat Distiller 6.0 (Windows),58099,0,0,0,0,0,58099,,True
750892.pdf,bf96315624c3010ca869428f1c72f7f9fdb44fa094f1418a6d3b323110d69a91,750,384942,35,1.6,Acrobat Distiller 7.0.5 (Windows),77384,0,0,0,0,1,77383,,False
750894.pdf,52d9545ae2b427a84e79cceecc9afeeab7bf066175748e5bcf89a585cac09f9b,750,48526,13,1.4,Acrobat Distiller 6.0 (Windows),42220,0,0,0,0,0,42220,,True
750895.pdf,8720c8a14a5f44ef85b9d575679aa456c8b08d82684a3492c6088131d9e1adda,750,223469,10,1.4,Acrobat Distiller 5.00 for Macintosh,19961,0,0,0,0,0,19961,,True
750896.pdf,0c5853b47d6b2de2abae189eb8eb1bcd9840dea3115709c6ab6f7031696e4641,750,416647,198,1.4,Acrobat Distiller 7.0 (Windows),466667,0,0,0,0,0,466667,,True
750897.pdf,d1731ffd6a7c36d5a45f510def0329e3ff48b3ff3c76cfa73901efa2cc4d4939,750,135133,8,1.4,,11155,0,0,0,0,0,11155,,True
750898.pdf,ad4736479cbed893c42316d00bd90fbf663c4fe713f108703d375e26b216e60d,750,178043,12,1.3,Acrobat Distiller 5.0 (Windows),47552,0,0,0,0,0,47552,,True
750899.pdf,c5c817a1fd07ec2c35468329fca4e460ba23fa82ec61b108c3c566bea239da2b,750,172426,6,1.3,Acrobat Distiller 4.05 for Macintosh,9869,263,285,0,0,555,9219,,False
750901.pdf,3d23c7f9179f0ae7bdce360f091efdc85ace34e52e69b2534daeb53111320802,750,163883,12,1.3,Acrobat Distiller 5.0 (Windows),27039,0,0,0,0,0,27039,,True
750902.pdf,85d072ec7cb4c2df494bcf38e243c177c6efbb50d4d61683f31d83dbb86eead1,750,110563,4,1.4,Acrobat Distiller 5.0 (Windows),7600,0,0,0,1,24,7575,,False
750903.pdf,bfe2e6ca1b469616eaf11e2d8e6c97716702613950fb351f2ef97afd3af4efb9,750,13702,4,1.4,Acrobat Distiller 6.0 (Windows),5169,0,0,0,0,0,5169,,True
750904.pdf,bdc45f0e008a2342a503b066f582ec05d7e831fc811e716c9a46b4b7265e7f26,750,419860,4,1.6,Acrobat Distiller 7.0 (Windows),7825,0,0,0,0,40,7785,,False
750905.pdf,5a1ed5c0d430271ff91ca11f811d70e83dbf746942717ff74042aebb71327818,750,295612,69,1.3,Acrobat Distiller 5.0.5 (Windows),111464,0,0,0,0,0,111464,,True
750907.pdf,a1ac32111a0449fe104834916e18c473ecef87d808b8bfc68ddf5178d8cd28ce,750,175280,18,1.5,Acrobat Distiller 6.0 (Windows),42584,0,0,0,0,0,42584,,True
750909.pdf,065daef76bb72a1549eb49de52b032634c774efe644e46e654724758d4d5e47f,750,164872,35,1.4,ScanSoft PDF Create! 2,43684,0,0,0,0,0,43684,,True
750911.pdf,02cbe22ff2dbc89b9103e12637c9a80f5a5f19bc31981d8387b1e0454e68a638,750,1083409,104,1.4,Acrobat Distiller 5.0.5 (Windows),245607,0,0,0,60,93,245514,,False
750912.pdf,3c832761c9032b476da92d825c1b7a7c7346d2f122418d20e626060ad2a84870,750,67496,4,1.4,Acrobat Distiller 7.0.5 (Windows),5380,0,0,0,0,0,5380,,True
750914.pdf,3c1bfc4701d512a393e5ea1a923dc93b5f823cb2248e39bbcb84b0663d8ccf88,750,135853,12,1.3,www.adlibsoftware.com:EXS3181-Windows 2003:TNG,19823,0,0,0,0,0,19823,,True
750915.pdf,c3c6b52a464cb4749a8a0a236de99df089f7df0696a281ab575cf5ab3170c2fc,750,167593,11,1.4,Acrobat Distiller 7.0.5 (Windows),17887,0,0,0,0,0,17887,,True
750917.pdf,22a61f4dbf42395c5aabfc33645f84f7e3d4655916c579e73c63ea8f23b13ade,750,261910,54,1.2,,222233,5292,0,0,0,0,216941,,False
750918.pdf,353b4b6ef6b1eb22cc2ecf53f53cc94688619f1ae47d080f73120111dd86703e,750,293911,5,1.5,Acrobat Distiller 5.0 (Windows),675,0,0,0,5,660,15,,False
750919.pdf,8cfde49cbe663e63ed80c30a76c653496a4c183cdb92cbe62a8603163fc48766,750,94366,13,1.4,Acrobat Distiller 5.0 (Windows),74480,0,0,0,0,0,74480,,True
750921.pdf,8a840d4b6af0be798467de80916f5b691477c16205d3f9601e205eb5d17df634,750,146008,4,1.4,Acrobat Distiller 5.0.5 (Windows),9488,0,0,0,0,0,9488,,True
750922.pdf,c6f82066dfbec4306553cdc81df40fbeeeef10bf0b13be049673a0b75d871a17,750,85859,8,1.3,Acrobat Distiller 4.0 for Windows,58626,0,0,0,0,856,57770,,False
750923.pdf,7ddbe9db84e1684e24d079145dea0aa0a808ecb5b620f4df3bb91ef9046d823c,750,33571,8,1.3,Docudesk,13849,0,0,0,0,0,13849,,True
750989.pdf,ef2e7c4efcc28e857c1da4186b200a5082265e96dd861c47c38e48d4a7155a8d,750,27151,1,1.4,Acrobat Elements 7.0.5 (Windows),1641,0,0,0,0,0,1641,,True
750990.pdf,91116d4db8ef3c55c253ca9a84f1ce0d6e1655c584e83bdec2c34466303b5390,750,146512,14,1.5,Acrobat PDFWriter 4.05 for Windows NT,9103,0,0,0,0,0,9103,,True
750991.pdf,33a9e956872f832c5e91ff889afa1ca46025aacee25878ce43e838c7b7e5089f,750,293692,5,1.1,Acrobat Distiller 2.0 for Windows,0,0,0,0,0,0,0,,True
776009.pdf,585f1ad25a7aadd0208c93bf54c33b4ce62d99cbd6085a3443a9ade0234ccd29,776,1824428,234,1.3,"Etymon PJ 1.10, Copyright (C) 1998-2000 Etymon Systems, Inc. <http://www.etymon.com/>. ",531042,0,0,0,76,76,530966,,False
776010.pdf,027df7a70761ebb715e32ef6137847172c1c6f830e7cfa20d6e2c7c486dc31d1,776,28530,2,1.4,Acrobat Distiller 7.0 (Windows),4431,0,0,0,0,0,4431,,True
776011.pdf,cf2af4d359238703384f39e4695947deb373f003ec978667b096715a4214287a,776,24214,2,1.4,Acrobat PDFWriter 5.0 for Windows NT,4021,0,0,0,0,0,4021,,True
776012.pdf,6a4ac140f4f6d7b4abb6ac98ec130de896804d1d35867b348e3fa91ec01ac899,776,506622,72,1.3,"Etymon PJ 1.10, Copyright (C) 1998-2000 Etymon Systems, Inc. <http://www.etymon.com/>. ",149479,0,0,0,0,10,149469,,False
776014.pdf,3a732d032a4c71521a9d2f4edc4d83f386daf6f677edd8cfad194390bb5687eb,776,32937,12,1.4,Acrobat Distiller 6.0 (Windows),36892,0,0,0,0,0,36892,,True
776015.pdf,419d52f5004b3fda2b88a54ff0d2d3f7be81e92ee8bbdc19c4ccc3052de6d340,776,35088,9,1.3,Acrobat Distiller 5.0 (Windows),21205,0,0,0,0,0,21205,,True
776016.pdf,9273d694df96f418ad11837ef9921537036369b3c1ccf9989eca3e923c38fc12,776,26357,8,1.3,Acrobat Distiller 5.0 (Windows),17558,0,0,0,0,0,17558,,True
776018.pdf,9ff9aa0db98057046a5876b2b479ee21e3efe8ce4e6e60bf26458b83cf00e7ff,776,142153,22,1.5,,56081,0,0,0,0,0,56081,,True
776020.pdf,c5605686bf298ab488d3a0765de3cd795207c3b8c7fc0a74eb7e17fe551a2600,776,136794,6,1.3,Acrobat Distiller 5.0 (Windows),20097,0,0,0,0,0,20097,,True
776021.pdf,cb7be6376b01a3bad7e8e82641b0cbc412c70ea59317b205b9e2565829861049,776,29873,5,1.6,Acrobat Distiller 8.0.0 (Windows),7050,0,0,0,0,0,7050,,True
776022.pdf,e04f2270b1c291c2777ef706565fa7d906de71f428867f0e5969cfc8b2279e02,776,22818,12,1.2,Acrobat PDFWriter 4.0 for Windows,15643,0,0,0,0,0,15643,,True
776023.pdf,725c0bd34c834524aedfdbe9bac7d92d8d581c23cd6b8eb2301e6928b82a1cd7,776,661122,25,1.4,Acrobat Distiller 5.0.5 for Macintosh,47191,0,0,0,0,0,47191,,True
776024.pdf,ad2fc0db0441b9dd04d57b3112f3b6b0fc26f9a649b8e68ce2ed8aa89ac85cc9,776,87420,19,1.2,Acrobat Net Distiller 1.0 for Windows,133984,0,0,0,0,0,133984,,True
776025.pdf,3adb123a9f96d1e8d20aee5cbfaaac4bf9e48f785ff14b32ac1b79327d66e657,776,87834,6,1.4,Acrobat Distiller 7.0.5 (Windows),32219,0,0,0,0,0,32219,,True
776026.pdf,6d831e3afafbcee44a381c193871013b795a685f7e9e8b6eef9a7e60d271cf39,776,464810,38,1.6,Corel PDF Engine Version 11.4.0.100,101295,0,0,14,0,0,101281,,False
776027.pdf,8257881b18e8de6a5e1a85b4d9caf186756590c6b9b926fade9a1393de4c77e9,776,2098958,26,1.4,Acrobat Distiller 5.0.5 for Macintosh,40580,0,0,0,0,0,40580,,True
776030.pdf,eb40b1d8b8aa0397788e406ed96b8ef10ace34d790a501f8e1f90aa5047dda82,776,304619,18,1.5,Acrobat Distiller 6.0.1 (Windows),66647,0,0,0,0,0,66647,,True
776033.pdf,9e2ef18670964c93f5f14d04ac9b6e733821af33702e43c6e3ae3a53d0e64a17,776,196041,18,1.4,Acrobat Distiller 5.0 (Windows),60832,0,0,0,0,0,60832,,True
776034.pdf,d12f30ba8e22a83a37feef986aa5b3ad32913c0bd175aff82bbe6a302ab02517,776,3108383,185,1.6,Acrobat 4.05 Scan Plug-in for Windows,326467,0,0,4026,0,0,322441,,False
776035.pdf,c79f14a08333e1ef6daf13d1e0027fc42822f3feacf490c127a93fa1e7aa032a,776,51066,2,1.3,Acrobat Distiller 4.0 for Windows,11648,0,0,0,0,214,11434,,False
776088.pdf,47529d49c1b96ac23249eee44ac929610a5865fd98538c22e37b3b44cb04766a,776,86161,7,1.4,Corel PDF Engine Version 11.245,17938,0,0,0,0,0,17938,,True
776089.pdf,f7a34947dace8bc821c8951980faa77fe23799775c59eda3c830decfc1d2afdf,776,30576,9,1.4,Oracle PDF driver,13994,0,0,0,0,0,13994,,True
776129.pdf,8bdf47991437cc53dae52380be2fb9b768f55b925b838452e2418c81fc94874f,776,39475,4,1.4,,22112,0,0,0,0,0,22112,,True
776130.pdf,c5cd2b675cbec4c6c1a4ff1cac72600a86a96e08b122397bd280be6bb232c479,776,436478,34,1.3,,76223,0,0,0,0,33,76190,,False
776131.pdf,f8f079dce1f25bc86b5d8a70895e10a28eaf52ef6350463e04a1d565565c797c,776,59691,12,1.4,Acrobat Distiller 8.1.0 (Windows),21625,0,0,0,0,0,21625,,True
776134.pdf,d656828b336f4c7f07257ef8f916c9e1f78712c7d7c746017edc357dc018e97b,776,165586,18,1.5,Acrobat Distiller 6.0 (Windows),36115,0,0,0,0,0,36115,,True
776135.pdf,788dd8f0bcb0ec06e40c300690266742532a7e760a93be57764b77ed0ef3482f,776,2027518,90,1.6,Acrobat Distiller 8.1.0 (Windows),314101,0,0,0,0,266,313835,,False
776137.pdf,a82c520695dea6123eb234756118a3db3d3db7edab60dd03bb7bd355ff4fe39a,776,27329,4,1.4,Acrobat Distiller 7.0.5 (Windows),6524,0,0,0,0,0,6524,,True
776138.pdf,8dc971ea243d46616cd3aba6d3f0bbb6a1ac81b218dfb0ae34806ccf03a67064,776,122949,6,1.4,Acrobat Distiller 5.0 (Windows),9322,0,0,0,1,34,9287,,False
776139.pdf,d59025d6b08d801a6611171ef207f82530ded045fa0dc1284ae509bf65bff68d,776,156729,13,1.4,Acrobat Distiller 6.0 (Windows),17549,0,0,0,0,0,17549,,True
776140.pdf,4b3558b6ce9e748ec581eb52e6cf0ed65f1bcd0acd417da0228a9a922aeff136,776,857385,158,1.4,Acrobat Distiller 8.1.0 (Windows),321533,0,0,0,1,0,321532,,False
776141.pdf,e5ef007d7dddf6d2bb1689e14e9644400d9a4112d6caf61723c15b0b3f2358d0,776,541277,6,1.6,Acrobat Distiller 7.0 (Windows),10020,0,0,0,0,52,9968,,False
776143.pdf,9d8a862a4785e106cfd482827bba07be1f6a7e66e08361ea27108dcf06738ef8,776,517570,290,1.3,Acrobat Distiller 5.0.5 (Windows),364749,0,0,0,3480,39730,325019,,False
776144.pdf,7df1487c702efbf783833b3cb11a42b2115b0755b512c7aef9e193debf684b76,776,61882,4,1.4,Acrobat Distiller 7.0.5 (Windows),17368,0,0,0,0,0,17368,,True
776145.pdf,fb004878a88a4600e9a5bb699a2d92a06e1bd358376bb90ae6240e15427f1939,776,62800,4,1.4,Acrobat Distiller 7.0.5 (Windows),15850,0,0,0,0,0,15850,,True
776147.pdf,2dd91cf8b16c957866c35743604b40d37dd70c5c6ca8d8fc5b97a4884028e7dc,776,54164,2,1.3,Acrobat Distiller 4.0 for Windows,13583,0,0,0,0,214,13369,,False
776148.pdf,aada9b49be7544926abb2ab34da0478721410f0aa901f2fb6f06e84782e09cfe,776,129600,11,1.4,Acrobat Distiller 7.0.5 (Windows),15736,0,0,26,0,0,15710,,False
776149.pdf,0db6e029e8a9e90a9dc0ff8a1d3885becaa89acfce399246164387fa9678722d,776,24250,10,1.3,Acrobat Distiller 6.0 (Windows),10379,0,0,0,0,0,10379,,True
776150.pdf,da7a1fcdb1150597d3fd67870a3a639e6e09ad902b1bd13677aa5cf9f697f210,776,44597,20,1.3,Acrobat Distiller 6.0.1 (Windows),22846,0,0,0,0,0,22846,,True
776151.pdf,58de53a24800f7b912474a82a619812ad47412c1d924ff68cc81b1e6cefae25d,776,57526,3,1.4,Acrobat Distiller 6.0.1 (Windows),6942,0,0,0,0,0,6942,,True
776152.pdf,1df6980bcdb2d5c7b1b5860bf103a0b361e95fc0a9ec6e53b4c7ee34825d773d,776,23343,2,1.4,Acrobat Distiller 7.0 (Windows),4313,0,0,0,0,0,4313,,True
776153.pdf,6ae26711326aa76e74167460b8c88b6286c52487b366ebb2aa0682cf132f00d6,776,40570,10,1.4,Acrobat Distiller 8.1.0 (Windows),15146,0,0,0,0,1,15145,,False
776154.pdf,fc84e9b745b35b1458177da5ec3c2d44da73cc5789f957013c8b374d620d0cce,776,559186,78,1.3,"Etymon PJ 1.10, Copyright (C) 1998-2000 Etymon Systems, Inc. <http://www.etymon.com/>. ",141973,0,0,0,0,0,141973,,True
776155.pdf,c88f00e7e3789bfa32b8d07a5ea5eb60efed29d4f35d56fbd9dc090d74f2d389,776,89369,10,1.5,Acrobat Distiller 4.0 for Windows,74777,0,0,0,0,1070,73707,,False
776157.pdf,73686709fa5ed1072c2dfd6166e7e999639823b0713fa912d62d204886e94a9b,776,299675,44,1.6,Acrobat Distiller 8.1.0 (Windows),99888,0,0,0,0,0,99888,,True
776158.pdf,4077152f6f207e73023e34f92db06ba7989160667d971131ae99b2fc9ea7a0af,776,280735,10,1.3,www.inputsolutions.com,0,0,0,0,0,0,0,,True
776159.pdf,bf0269ca5ddc9573345a523169c136427b33c3de33697135dc21c6b456f3f510,776,301915,37,1.3,Acrobat Distiller 5.0 (Windows),121303,0,0,0,0,0,121303,,True
776160.pdf,31602e809726dbd8c0c3bb8f63fa4d24bc8c3b834df5f7eb27a086d59ad2f54f,776,30919,4,1.4,Acrobat Distiller 7.0 (Windows),7404,0,0,0,0,0,7404,,True
776161.pdf,4c59a2f5fb4eaafc07f7b281341173828265dbe34125fa4ca7bf4b2f2cda0cae,776,2052928,43,1.6,Acrobat Distiller 8.1.0 (Windows),123731,1,0,4744,1,1118,117869,,False
776162.pdf,2084d410f15103100d2cb022f0a0353741a88793a1395c3f6f8447f88122751a,776,375652,52,1.4,Acrobat Distiller 7.0.5 (Windows),82388,0,0,0,0,0,82388,,True
776163.pdf,804ec50a92198716a99bc0e6dc7a0ae80ae4efb4bb4e8530ed9af9a7c9cf9d20,776,88375,12,1.2,Acrobat PDFWriter 3.02 for Windows,45619,0,0,0,96,0,45523,,False
776230.pdf,57957e5e8f0fe8fd3318f144ad9cabf631da4fb68a433581d07cf8eb565c50bb,776,1060368,116,1.2,Adobe Photoshop for Macintosh,305838,0,0,0,4,0,305834,,False
776233.pdf,1fddba50e68dde590c437943fee74aa7c8db7ac11b54877acc130ad1f93e31b8,776,14475,1,1.4,AFPL Ghostscript 8.54,3835,0,0,0,0,0,3835,,True
776235.pdf,385f6ec6a0d84cc732e01d3b4bd03caa3e63f78bf212f211fca1cd1d3255d201,776,63047,16,1.2,Acrobat Distiller 4.05 for Windows,32506,0,0,0,6,0,32500,,False
776271.pdf,eb41fc00bd8002b2f9e9f1ab330eb13233f9deaa851e0f1c4d6de09a9608b347,776,38088,1,1.4,Acrobat Distiller 4.0 for Windows,115,0,0,0,0,115,0,,False
776272.pdf,d973f2dc91db964829820914efa3e873d22091c627e870415fc191e9cc4ba096,776,135939,3,1.4,Acrobat Distiller 4.0 for Windows,345,0,0,0,0,345,0,,False
776273.pdf,40ab8137b19d8af93a2ce8b122a65a9dd78a02f8dabee2d934ff93005518f698,776,33547,6,1.4,Acrobat Distiller 8.1.0 (Windows),6714,0,0,0,0,0,6714,,True
776274.pdf,900a75c5d65b272cabec1e47cb110f9f3fd6a632e934f9dd1a5c6722bb73583c,776,696855,56,1.3,"Etymon PJ 1.10, Copyright (C) 1998-2000 Etymon Systems, Inc. <http://www.etymon.com/>. ",129950,0,0,0,0,0,129950,,True
776275.pdf,45b0d73fbdf9e7e9b7a9c67e63ffffbce1dfff37479ca6e08d0572cbebceefc5,776,53566,2,1.4,Acrobat Distiller 5.0 (Windows),7695,0,0,0,0,212,7483,,False
776276.pdf,a9fe7a581fa2c4efb8160e9b9d75037841cdf2bb26141b4edfeaa0725c3fced5,776,55194,3,1.2,Acrobat Distiller 4.0 for Windows,11437,0,0,0,0,354,11083,,False
776277.pdf,93e540f36dd5c01c3e44fdb5740dfa7b9797a79b41d1edf6757d4293db481e2a,776,812649,93,1.5,Acrobat Distiller 5.0 (Windows),323816,1,1,0,0,0,323814,,False
776278.pdf,ae00281154a2e8a13f97dc446bc446fa1fc84783082fb3d38c3d439528ad9b5b,776,151184,4,1.4,Corel PDF Engine Version 11.4.0.100,7323,0,0,2,0,0,7321,,False
776279.pdf,3fa6ed310d4d7be064c9d6dc1b1dda1c1b27fdf4d1af78e45227c0f5066e6f11,776,91856,20,1.4,Acrobat Distiller 8.0.0 (Windows),17667,0,0,0,0,0,17667,,True
776280.pdf,41a48181367d62f2b0b413861727f644d3c4515b15f2cb7c9cf1a5ee0fce9899,776,114439,5,1.4,Acrobat Distiller 5.0 (Windows),7356,0,0,0,1,24,7331,,False
776281.pdf,8e4f02857cce182b811577816a92361f385057324d71b9dd6aa56b6e0b640a52,776,480023,5,1.6,Acrobat Distiller 7.0 (Windows),7960,0,0,0,0,44,7916,,False
776282.pdf,d05df795ecd795d5afea9159fc6fecd3b0d4616ba25d6e002c80f6915f77babb,776,61220,4,1.4,Acrobat Distiller 7.0.5 (Windows),15683,0,0,0,0,0,15683,,True
776283.pdf,7ea6c159e7205814a11a8cd737ecb79fda8cd75541a5f87fa470409b5cf39c7d,776,62041,4,1.4,Acrobat Distiller 7.0.5 (Windows),17345,0,0,0,0,0,17345,,True
776284.pdf,733653cb56897597fe9b97932b2d5f2a4188f9bc0322789aa3e551d488e97a93,776,546996,15,1.3,Acrobat PDFWriter 4.0 for Windows NT,4476,0,0,0,0,483,3993,,False
776285.pdf,ed46675e4b13bcf948a2cebd9aa152b299dca1cca86bea3c9c6c685c75a215ed,776,4098486,22,1.3,Acrobat Distiller 4.05 for Windows,53418,0,0,0,0,10,53408,,False
776286.pdf,77ed05e3bc100993c22731cf4e4f04e2dfa1c2a5adc486ca074b28a31393518c,776,15143,5,1.1,Acrobat Distiller 3.01 for Windows,11255,0,0,0,0,0,11255,,True
776288.pdf,08463a6503324c34f879c6741628f28fd706a277399d80959f4efd724caa9f4d,776,2487893,112,1.4,iText 1.4.8 (by lowagie.com),279723,0,0,0,44,0,279679,,False
776289.pdf,f4f798cc3ddcd16ee28a9acd22dac96af924cbd365dd16007c8f9e4825fa8133,776,293345,92,1.4,Acrobat Web Capture 5.0,198443,0,0,0,0,0,198443,,True
776291.pdf,84180397ed059492965082c6289b44b5d7422e3dde0d3699cb299657fe90459b,776,215433,90,1.4,Acrobat PDFWriter 4.0 for Windows,220937,1918,4,0,589,0,219015,,False
776292.pdf,03338d014bf3ea3687b8770f3330210583369b178cb673545052e805e5e75af9,776,832176,54,1.3,,122433,0,0,0,0,28,122405,,False
776294.pdf,6bc0a93317fd1102df416f981502e51b287e8830ccd9aa9beae4a671b8f6a955,776,364041,29,1.3,Actuate XML to PDF Converter 1.0,49685,0,0,0,0,0,49685,,True
776295.pdf,17cc957a42c9242c0231bd3b959a2505935c8bc2137692726c2d6b1d29a1f528,776,792928,10,1.2,HyperGEAR PDF Make Library,0,0,0,0,0,0,0,,True
776297.pdf,cd42daf07d78454bed5e8a1eca9f9fee00c5d94e817950d687f834494b197026,776,40306,5,1.4,Acrobat Distiller 7.0 (Windows),12636,0,0,0,0,0,12636,,True
776298.pdf,05bca2fbe2dd5a61d0e7897d2fbfd04c43f035bd26e9cabb9b0e8796d001af9b,776,257334,6,1.4,"(http://www.verypdf.com)
",54,0,0,0,0,0,54,,True
776299.pdf,341e6b187f29f7e1d8732b986bfd8d261af915872ec6b953c5ea160b6add45ae,776,831719,102,1.5,Acrobat Distiller 6.0 (Windows),202118,0,0,0,0,0,202118,,True
776300.pdf,d50d3affc8e6d1994eb4ad14cc4312d67d04da1d12da2ba8360e9737fdd342c0,776,71575,15,1.4,Acrobat Distiller 7.0.5 (Windows),20041,0,0,0,0,0,20041,,True
776311.pdf,a59878f3bce53f313c6084805d9ae5a53f830a8397df54b64f9166b155b59761,776,2307178,53,1.4,Acrobat 5.0 Image Conversion Plug-in for Windows,0,0,0,0,0,0,0,,True
776382.pdf,d8b4d5f2d7e368dc20bf500d6d890dc0adf7c4801e9bdde5e420d2d65612b630,776,65935,19,1.4,Acrobat Distiller 7.0 (Windows),73812,0,0,0,0,0,73812,,True
776397.pdf,4933e7054c48d8d333568194a03f64ced0e420dc96ad133fcc69d78e2d04fb5f,776,108114,2,1.4,Adobe Designer 6.0,4922,0,0,0,0,0,4922,,True
776398.pdf,c83b621150ed7f28dbe92c210d768b7849f3d99f388285b48bda666bb547e139,776,1012372,51,1.3,,109383,0,0,0,0,395,108988,,False
776399.pdf,b2f71223234e00fecebb8ed7ce1b572b380ead3a19aea9356e1ab66a73217965,776,27827,4,1.4,Acrobat Distiller 8.1.0 (Windows),4252,0,0,0,0,0,4252,,True
776400.pdf,cbaae0c23c89650cd9948cc327081406b779d081799e6895718febf7788b01ad,776,106765,4,1.5,Microsoft® Office Word 2007,2640,0,0,0,0,0,2640,,True
776401.pdf,43dfe380a0e1bdc5520ecee905e04cee63421732d8212990c777b6e82555390f,776,81586,35,1.4,Acrobat PDFWriter 4.0 for Windows,60914,0,0,0,0,0,60914,,True
776403.pdf,ad609397e9f9e4f37ab94204d075c6381c2a20fdcd8c29717bafa407001847d5,776,9314,1,1.4,Oracle PDF driver,1744,0,0,0,0,0,1744,,True
776404.pdf,925a60f10feb9d763ea89533c70deda318190ddd16d06a82bede872bad7ba5d0,776,19781,3,1.4,Acrobat Distiller 7.0.5 (Windows),3247,0,0,0,0,0,3247,,True
776405.pdf,37a7eb45a742a9ae7d56bd5ff5f9683839526ac5e665546f6c1544486cccc07a,776,101832,2,1.0,Acrobat Distiller 1.02 for Windows,0,0,0,0,0,0,0,,True
776406.pdf,6e6b96431b01f83e302fec0d346b0b1684092d438509f18e4bd22e581b528cd3,776,64128,3,1.4,Acrobat Distiller 7.0.5 (Windows),12673,0,0,0,0,0,12673,,True
776407.pdf,e27a7a2767cbd669cd1e7b62d556688ad84166a6b32da3c741e13446f8082a47,776,26392,1,1.5,Microsoft® Office Word 2007,2589,0,0,0,0,23,2566,,False
776408.pdf,5d7db8fd8a8817fe66a456e996ba4fa37791c9b3b72168127e37b3beeaf773aa,776,3643448,123,1.5,ABBYY PDF Transformer 2.0,137570,2,4,0,0,0,137564,,False
776409.pdf,cb3b646470ea90cdbe4e6419c0f22233ae92386b053026994834a5af8624e729,776,1597587,114,1.3,"Etymon PJ 1.10, Copyright (C) 1998-2000 Etymon Systems, Inc. <http://www.etymon.com/>. ",221227,0,0,0,138,138,221089,,False
776410.pdf,24bfb97800e6dd75883874a22a45ba98156c9bfd66fdc228b6b87348685c4514,776,198585,15,1.5,Acrobat Distiller 6.0.1 (Windows),24278,1,0,0,0,0,24277,,False
776411.pdf,210e112ecaa44159c29e1c744bfd3cc37598d9df4c981e6b3d1c186ef2d1f1e6,776,110834,4,1.4,Acrobat Distiller 5.0 (Windows),7359,0,0,0,1,24,7334,,False
776412.pdf,4ce11511c6c6bf35b647fd7c741595f8b94721825bffdc8be2585b25d450a216,776,855643,29,1.3,Acrobat Distiller 5.0.5 (Windows),54596,0,0,0,6,286,54304,,False
776413.pdf,2b7fea4f2916b5ff545f4e50fc58d7fe175f85c93ec976bcc046746a683b5f5b,776,595919,29,1.4,"Etymon PJ 1.10, Copyright (C) 1998-2000 Etymon Systems, Inc. <http://www.etymon.com/>. ",61658,0,0,0,0,0,61658,,True
776414.pdf,0edb2d51814c8d5f8e8813709d032c574773cff1727901fcf1e0e486b04d05c5,776,476237,5,1.6,Acrobat Distiller 7.0 (Windows),8541,0,0,0,0,40,8501,,False
776415.pdf,a829871eafc4b185187dc5538c80568d02e92bc2da797024e61662bdd590dbd0,776,290776,60,1.4,Acrobat Distiller 7.0.5 (Windows),135315,0,0,0,0,0,135315,,True
776416.pdf,17bad4994598b4f0f86b44ea4656c1c9359f47d400ea990cbea886609eeb7ec2,776,27458,3,1.4,Acrobat Distiller 7.0 (Windows),6089,0,0,0,0,0,6089,,True
776417.pdf,3db7a87171fa410439a7351a726dddc37f395a5092802a4c826fe55c1d761a53,776,799928,22,1.4,Acrobat Distiller 6.0.1 (Windows),10144,0,0,0,0,179,9965,,False
776420.pdf,349e0bdbb0b24a8b5636f884ca50d735d922eff6e1f537eedf2296d9dc33edfb,776,15538,1,1.4,Acrobat Distiller 8.1.0 (Windows),2674,0,0,0,0,0,2674,,True
776421.pdf,03d4e1b4dbd9ee7f37b2089b96b690965c485945e6ed864eebeebfac70612f9d,776,29785,2,1.5,Acrobat Distiller 5.00 for Macintosh,5134,0,0,0,0,246,4888,,False
776422.pdf,02e8216b4eda8be4b3eafc3af8fce39b1f4fe2821e0835ee752651a28e3002ff,776,12568,3,1.2,Acrobat PDFWriter 5.0 for Windows NT,3827,0,0,0,0,0,3827,,True
776423.pdf,891ebc06bbf6189cbab060bd1c2c7a160219f4ec7993a2e6c4432bbbdd48bdd8,776,221724,32,1.3,www.adlibsoftware.com:EXS3181-Windows 2003:TNG,106294,0,0,0,0,0,106294,,True
776424.pdf,43fdd4b7b77e086aa56d47d531221116483c3a866b47914b4cf5bb4167909178,776,43230,19,1.2,Acrobat PDFWriter 4.05 for Windows NT,25594,17,1,0,0,0,25576,,False
776425.pdf,61653ce629a1982a6cfb8ae0c3e41c9f45b4e337c7ebe41cca9273b9cfc436d8,776,38645,8,1.1,Acrobat Distiller 2.1 for Windows,16000,0,0,0,0,0,16000,,True
776426.pdf,d333b1c56b11a35842081e6763120722bd25c00253d8c1ec38b7750251ad06c7,776,1934179,278,1.3,Acrobat Distiller 6.0.1 (Windows),513150,4,3,0,267,4838,508038,,False
776427.pdf,e5d9491446d932c97be0a8c313fed0da4cc8536d24e9577f08b77dbdccbf5cdb,776,107177,7,1.4,Acrobat Distiller 8.1.0 (Windows),19566,0,0,0,0,0,19566,,True
776430.pdf,a0ded22bc7d7faa352d1050e812c7fbcb86e239756f87bcd957b795b9f26bda9,776,294898,62,1.6,Acrobat Distiller 4.0 for Macintosh,152782,3826,0,0,0,0,148956,,False
776540.pdf,8d2a27adc50b2dff7f7a96d865171c770d0369041987081a4374c192e6c3b3e9,776,104214,15,1.5,Acrobat PDFWriter 5.0 for Windows NT,44068,0,0,0,0,0,44068,,True
776542.pdf,e217472e19be7e1aa65ecca22655aed548a92068fdcf9755d80c201a0fc752a0,776,927777,57,1.4,,121123,0,0,0,0,113,121010,,False
776543.pdf,eff8b5d073b21a00065b96ce35900adf6c579b7cbeeea5aa6bb946bfa3b1fb29,776,215135,4,1.4,Acrobat Distiller 4.0 for Windows,460,0,0,0,0,460,0,,False
776544.pdf,4986c37653023fd725cbcf72383518d23761418a994bb67a710eb290ace0b98b,776,58809,12,1.4,Acrobat Distiller 8.1.0 (Windows),18861,0,0,0,0,0,18861,,True
776545.pdf,e4163056f0a7b31bd3192bf89541d06244f4c2cfe98c6ae78810d2b3d7f22371,776,1547175,64,1.4,,134209,0,0,0,0,113,134096,,False
776546.pdf,b037580f7dc17dfa853acbad902c6ddcd08255c6ff0fb6ada3448f891cf553dc,776,168831,12,1.6,Acrobat Distiller 7.0 (Windows),10565,0,0,0,0,0,10565,,True
776548.pdf,971a7e8604b1a5318c483827ba6475d374b57e43fe829e985f41032ee6471d70,776,268862,12,1.4,Acrobat Distiller 7.0.5 (Windows),32190,0,0,0,0,0,32190,,True
776549.pdf,95f6bbc01230875d17eb3eb5c62f5ddcfa255596407ebde3a5be539654d31ec8,776,283082,11,1.4,Acrobat Distiller 7.0.5 (Windows),29007,0,0,0,0,0,29007,,True
776550.pdf,f31c3d873c693322caffe36f8a109ec5d76353e7566a1340078d19ff37dcade0,776,114009,9,1.4,Acrobat Distiller 7.0.5 (Windows),12034,0,0,0,0,0,12034,,True
776551.pdf,9774ab93b56a1bfe4e7bfb7ed7466b85ef1132bfdf116cabe335800817734dc5,776,67513,9,1.3,Acrobat Distiller 4.0 for Macintosh,19444,0,0,0,0,0,19444,,True
776552.pdf,0768f9fa0269285a0c718f2c66c1d6713eb3c93e3f47cc42ef4e34695e0050ab,776,49498,6,1.2,Acrobat Net Distiller 1.0 for Windows,39183,0,0,0,0,0,39183,,True
776555.pdf,d55851b7695612b6cf96f113d1f1c6797457549520dc3ef828350f27af59bba9,776,115574,20,1.6,Acrobat Distiller 8.1.0 (Windows),11516,0,0,0,0,0,11516,,True
776556.pdf,d7213824a25a83a25c5d41cad64ae56ffce00b64e804a553aaa7cf7f3e1ad873,776,389124,31,1.6,Acrobat Distiller 6.0 (Windows),44565,0,0,38,51,0,44476,,False
776557.pdf,709d6eb75fe881d12a2852203fcca62e11e5fce676cb79cbe16adf74aeff17bb,776,56499,15,1.4,Acrobat Distiller 6.0 (Windows),26706,0,0,0,0,0,26706,,True
776558.pdf,27fc12c4c12c360eb3e5b04d43f55ed910c062bc83452bf325cc18bf989f1c4f,776,290341,45,1.4,Acrobat Distiller 3.01 for Macintosh,45761,0,0,0,0,0,45761,,True
776560.pdf,d1ec8fb50416fcd632fd6990d37d1bc62875946d8bbe9ced75c10575dbf11b94,776,1030679,29,1.6,,23062,0,0,0,0,0,23062,,True
776562.pdf,9e9288a41dae5e1534d638315c535d7bf874372fa7771aab9b67bc9fac065079,776,37429,2,1.3,Acrobat Distiller 4.0 for Windows,8223,0,0,0,0,216,8007,,False
776563.pdf,07ddf05fd090f51edb2eff48243780d7281e8d04104e3b9b99605f989a974781,776,28642,4,1.2,Acrobat PDFWriter 3.0 for Windows,11574,0,0,0,0,0,11574,,True
776564.pdf,673ac4740e633407c68dbf0a09dcaa1a1636950a2c95a8cb4cf5818384afa2f7,776,32574,8,1.6,,11119,0,0,0,0,0,11119,,True
776566.pdf,395827a2b1d54717d74330c3683466f63f41542928099341788a9be7f21ccdfb,776,21809,2,1.4,Acrobat Distiller 7.0.5 (Windows),4622,0,0,0,0,0,4622,,True
776567.pdf,5fa462d9b422e86cd820f839c8c1166188616adebac3dc43dc223107542e0f3a,776,161476,38,1.4,Acrobat Distiller 7.0.5 (Windows),68063,0,0,0,0,0,68063,,True
776568.pdf,003ddf0e92177ea234aedd3ecff0104c23c4ed174768c6674e078176922b5a3e,776,664490,16,1.6,Acrobat Distiller 7.0.5 (Windows),30553,0,0,0,0,0,30553,,True
776569.pdf,c1002cd1e817666be2bc7c7a71b633693d93e4ceefd73f30ea8408f9147e7059,776,40565,3,1.3,Acrobat Distiller 4.0 for Windows,12373,0,0,0,0,324,12049,,False
776570.pdf,0e17581687114a88d51e0696816876b3e041a77b3ab2c47c8e0ca48c43ba6bb2,776,451134,61,1.3,Actuate XML to PDF Converter 1.0,99397,0,0,0,0,0,99397,,True
776637.pdf,ebaefc5081d3fbdb9d0f6ddaa90f38376575c68b16fe5b5acd33250fc2ea66fc,776,98725,24,1.4,Acrobat Distiller 7.0.5 (Windows),76446,0,0,0,0,0,76446,,True
776676.pdf,826aa350670f5d4ee75d541d17f4c3805fd7d53fd22c0d11f470c11f7c233c86,776,34321,6,1.4,Acrobat Distiller 8.1.0 (Windows),7403,0,0,0,0,0,7403,,True
776677.pdf,423d9b3afdbd427de719fbb9b32a33c0a6283476f73fa8a9fa10c3d4f233f4ff,776,99714,33,1.4,Acrobat Distiller 6.0.1 (Windows),52318,0,0,0,0,0,52318,,True
776678.pdf,4022c27da6e46997db3b7e8d1a03ba198f7bc240a053592f36aaf8bf880c7dc8,776,51612,3,1.4,Acrobat Distiller 7.0.5 (Windows),11947,0,0,0,0,0,11947,,True
776680.pdf,36b3de374e19809245550ab885f4d335e1d258d05562c89e24377abd9cc73997,776,396786,36,1.2,Acrobat PDFWriter 3.0.1 for Power Macintosh,63971,0,0,0,5,0,63966,,False
776682.pdf,adb94a79d6fbd8577c84ffcb27f1998d1a32e1f4622f86fd5a0060d4a407edb8,776,834150,10,1.4,Acrobat Distiller 5.0 (Windows),10901,0,0,0,0,152,10749,,False
776683.pdf,0226e95175b2876763272d0cf37b10a409d25086c63ddabb9fc05621bafe2075,776,59287,3,1.4,Acrobat Distiller 7.0.5 (Windows),15009,0,0,0,0,0,15009,,True
776685.pdf,d542e9bf5b5dae0eda568fa8ba8ac4a7b9bf3317a2362c3f8443e4b5b3d9cdcc,776,1456118,57,1.4,,124731,0,0,0,0,10,124721,,False
776686.pdf,679bf0ba5e6df4e29adbb23789c80dc18ba56e71e071f0be75fab7e0bfa56748,776,2206451,36,1.3,"Etymon PJ 1.10, Copyright (C) 1998-2000 Etymon Systems, Inc. <http://www.etymon.com/>. ",59221,0,0,0,0,0,59221,,True
776687.pdf,035d0555e87df999b94611af70c72b704a085e63d3a55d610d24cf75334c879e,776,48007,19,1.2,Acrobat PDFWriter 3.0 for Windows,44586,0,0,0,0,0,44586,,True
776688.pdf,e7792c9a841d16e5a5e00e636af9a8e1ac17e770e0cd0f51312ce833cbe0f61e,776,27133,3,1.4,Acrobat Distiller 7.0 (Windows),6928,0,0,0,0,0,6928,,True
776690.pdf,40f8f3c95da904096c98def0d1844a8f76e8970442d1653dcc795122fed6b779,776,4089281,116,1.4,Acrobat Distiller 6.0 (Windows),101683,0,0,0,0,4103,97580,,False
776692.pdf,b7a512b974a0bea38946eeab2d339665385566b64e0f9e6f743bfdab9fb78d9f,776,73542,10,1.6,,14976,0,0,0,0,0,14976,,True
776693.pdf,63fe7fb5cc87741a0dbeb5eb7e01ce95bf9c63c42e509eec6a869f9c56b249e1,776,41361,1,1.4,Acrobat Distiller 5.0 (Windows),539,0,0,0,34,34,505,,False
776694.pdf,f549e11c07fe77d7f79feca4ead631c4502a0a47635174a653b547d0e0f64707,776,42431,4,1.3,Acrobat Distiller 5.0.5 (Windows),20287,0,0,0,0,432,19855,,False
776695.pdf,b5a35006a17cd7a6e9f9d0ebd3db38f970f98e952ff537a12fca746afa3d7855,776,64702,10,1.4,Acrobat Distiller 7.0.5 (Windows),26115,0,0,0,0,0,26115,,True
776759.pdf,66643966a3047afa6a1a535dbfa423547d2ee3206181f9f6787467869770bffa,776,45699,1,1.3,pdcat (www.glance.ch),2615,0,0,0,0,0,2615,,True
776760.pdf,78ae438ce3828e05c370a86dfa48d40d057c3dc96d5fe94178559d6035ee291d,776,131300,10,1.3,Acrobat Distiller 5.0 (Windows),44138,0,0,0,0,0,44138,,True
776791.pdf,601d21a61c31a1c4f582cfb72e868802a4e7b5f9b86868d744ab36f40cc6ef52,776,1612733,87,1.4,,195632,0,0,0,0,3238,192394,,False
776792.pdf,dc4fbad5b3da20093bc65b5be4df80e05f0db45127a51f27e471ec8d055016b8,776,32077,6,1.4,Acrobat Distiller 8.1.0 (Windows),6313,0,0,0,0,0,6313,,True
776794.pdf,fde51ba16195228f4e050954234e702a68f05c79e0f1e24f889892f6466d30f5,776,48720,2,1.4,Acrobat Distiller 8.1.0 (Windows),4547,0,0,0,0,168,4379,,False
776796.pdf,fb20a246055c1085d6093c444eb0a3618a56ba6404170e08242005ed1978b8be,776,64351,11,1.4,Corel PDF Engine Version 11.4.0.100,19793,0,0,0,0,0,19793,,True
776798.pdf,8f2609479ac55d8e88fac6b0c577a3dbd1c6818dc09840ab8ec5db19f59cfd9d,776,676877,47,1.3,,110453,0,0,0,0,30,110423,,False
776799.pdf,35c3744153640213d5a88550be6305b18956e29214062418aaa3414b30c88f0b,776,75875,2,1.4,Acrobat Distiller 6.0.1 (Windows),2344,0,0,0,0,0,2344,,True
776802.pdf,1346c60664b52186b033894a4fc1105c5f0e22d8808f730fc2cd2d08d50213a3,776,200674,24,1.3,Acrobat Distiller 4.0 for Windows,174490,0,0,0,264,3360,171130,,False
776803.pdf,45b2d8997c6088518d2f496d655d7f3d0081e7b41974e1be100f752a9b53a1be,776,57510,3,1.4,Acrobat Distiller 7.0.5 (Windows),13013,0,0,0,0,0,13013,,True
776804.pdf,86f5a9dc6c3ef3b64f8ef9d8abff5ce3c9ed297757acf65044117a85ddb22e50,776,55867,3,1.4,Acrobat Distiller 7.0.5 (Windows),13445,0,0,0,0,0,13445,,True
776805.pdf,7308f3ed546dbe66cc8b98d3e6f8764f0d9ba16d3405b5bdaed5a83f9941a25c,776,17095,1,1.4,Acrobat Distiller 7.0.5 (Windows),1402,0,0,0,0,0,1402,,True
776897.pdf,8ad29f5fdefaf6ee6bfcbf3733c266190bab17afe7ea600922120bd6b0556a66,776,336908,4,1.7,Adobe Acrobat 8.0 Paper Capture Plug-in,13153,0,0,13153,0,0,0,,False
776902.pdf,26c237b2f28fd341af796eb10c09cfc181fb174339440f0fa7f6e2302b6e531e,776,449687,6,1.6,Adobe LiveCycle Designer ES 8.1,18016,0,0,0,0,0,18016,,True
776903.pdf,196005c2499dc5383b3b41e1666c69e9f0676d6f1137456ee3cc97ad238ef26b,776,103004,9,1.6,Adobe LiveCycle Designer ES 8.1,38530,0,0,0,0,0,38530,,True
776904.pdf,074a3e10cd52d6cf38bd87730d58316c20cc09c4083a672d797c8830cb04206c,776,1240047,62,1.4,,80549,0,0,0,0,140,80409,,False
776905.pdf,575669a9ce6b85fc9013780fbdfa5b19b19e293a31a9e3e745345dbecfe07642,776,1306186,71,1.3,"Etymon PJ 1.10, Copyright (C) 1998-2000 Etymon Systems, Inc. <http://www.etymon.com/>. ",142412,0,0,0,0,0,142412,,True
776906.pdf,c6a686f517684db8365312491e208c378c436b65949337121eb5e32d1825752b,776,32319,6,1.4,Acrobat Distiller 8.1.0 (Windows),5757,0,0,0,0,0,5757,,True
776908.pdf,a1a824d62a93c3b2c308d4ff9a4199c7a27b27fd8ccce7f145914be48be68fd2,776,461135,16,1.2,Aladdin Ghostscript 6.01,5373,0,0,0,5280,168,93,,False
776910.pdf,a936135e1967824c022e97e3b945a5cbd6ac8708d72b7455531b67964236beb3,776,32223,14,1.2,Acrobat PDFWriter 5.0 for Windows NT,20568,0,0,0,0,0,20568,,True
776911.pdf,f18bc6841a06fa48f547a3c205730f2f3c7965184a4ea1de5b00199aefd21cef,776,20786,6,1.4,APSetDocInfo 1.9 Solaris SPDF_1086 Aug  7 2003,9802,0,0,0,0,0,9802,,True
776912.pdf,40073e3462198aa5e1bbbd731b4b8be0be66c5c399a8232f76efff8ee81fc618,776,21997,10,1.2,Acrobat PDFWriter 5.0 for Windows NT,16781,0,0,0,0,0,16781,,True
776914.pdf,9beef9653c7a9dfbadc69de31048c4303567808c5a9b73afec7180afdb8f83a9,776,30592,15,1.4,APSetDocInfo 1.9 Solaris SPDF_1086 Aug  7 2003,24186,0,0,0,0,0,24186,,True
776915.pdf,96967d6212e5fd4209ca7e0354781f3a9b73e99e0226cc2d601e87aff304ebc5,776,45037,3,1.4,Acrobat Distiller 4.0 for Windows,21276,0,0,0,0,321,20955,,False
776916.pdf,a2475eef214e224ace926ec528e98bca30aac7c677f3438ffdd86c923e4ef6dd,776,1231883,4,1.3,Acrobat Distiller 5.0.5 (Windows),6184,0,0,0,0,5369,815,,False
776919.pdf,386af7d4eef31f341a8b54a01b39cd5dd0f73971c04dca44b414382947355e3e,776,155084,32,1.6,Acrobat Distiller 8.1.0 (Windows),18897,0,0,0,0,0,18897,,True
776920.pdf,c31d5302a8ac6f089b6f6cb0e7ad82cafd507052419596cfc5abab7536d9615b,776,1371009,14,1.3,Acrobat 4.0 Import Plug-in for Windows ,0,0,0,0,0,0,0,,True
776921.pdf,65360e1961e2f0927e2a49951e1602ed7ca47f11fa819e0062183f4c894941e4,776,60250,3,1.4,Acrobat Distiller 7.0.5 (Windows),11408,0,0,0,0,0,11408,,True
776924.pdf,0d1a50032643104d09192068e56a46944c99a15152d931511b5e68e9b5bd4e70,776,540854,40,1.3,Acrobat Distiller 5.0 (Windows),109672,0,0,0,0,0,109672,,True
776926.pdf,7956c117bf93498abb7054fe0b3417db7940c5b19e39ffccd608d4d66e93defa,776,348010,61,1.4,Acrobat Distiller 7.0.5 (Windows),64260,0,0,0,0,0,64260,,True
776927.pdf,1074603daae9de3edc3f21fe5f056f90ecd91b18d53f3ce90a4595db026cd393,776,62466,4,1.3,Acrobat Distiller 4.0 for Windows,28523,0,0,0,40,572,27951,,False
776928.pdf,db9c052a0e0255259a46f8e14f34ff84e560fac0ef7b1cef4ea739067770c195,776,195895,3,1.2,Acrobat PDFWriter 4.0 for Windows NT,1801,0,0,113,0,0,1688,,False
776929.pdf,521dfca73e88121068b8649aa31570767af99b012211d1745d4be5611e2a6966,776,43189,12,1.2,Acrobat PDFWriter 5.0 for Windows NT,17350,0,0,0,0,0,17350,,True
776930.pdf,dc5d90315887f6a5e169844760e99da5096cf6951990e637faec014e8fb70cfd,776,113047,32,1.4,Acrobat Distiller 7.0.5 (Windows),47990,0,0,0,0,0,47990,,True
776931.pdf,f7b13ad24d81d5ca94cb98caa4907b30c840e1cec270ac6ee17d945bb42c669e,776,2366641,18,1.3,PDFlib 3.03 (Win32),46801,0,16,0,0,594,46191,,False
776932.pdf,155d8002f6e42d2790278c4b01bda67c500f00943920ace98d2a1d7da4f8d4c6,776,126164,53,1.6,Acrobat Distiller 7.0.5 (Windows),92113,0,0,0,0,0,92113,,True
776933.pdf,5a211a1b871f072eaf4a0ec40673c92f476e6c3428bcb4255c757b5986f61461,776,273355,15,1.2,Acrobat Distiller 3.01 for Windows,44869,0,0,0,0,0,44869,,True
776935.pdf,3ae80bdc96257a6600903b4a448fab69cbe0e6a64bff18101a69785868c68fae,776,361241,8,1.3,Acrobat PDFWriter 4.05 for Windows NT,29317,0,0,0,0,0,29317,,True
776980.pdf,eebef3cd3f29c3e378d58742074f6137d09b0772eda8a231af9315b6a97ac238,776,213758,71,1.6,Acrobat Distiller 4.0 for Windows,149778,0,0,0,0,0,149778,,True
776985.pdf,5557e32a36cc599ad73c68bd585c76094588e523444f19013b0d759a4c83a5f0,776,208180,25,1.4,Acrobat Distiller Command 3.02b for Solaris 2.3 and later (SPARC),43998,0,0,0,0,0,43998,,True
776986.pdf,ba9eb601f46b46f4c79baddd39980c20e851a134d21bf8f02679ce6cbf168594,776,1125951,20,1.3,Acrobat Distiller 3.0 for Power Macintosh,80187,0,0,0,5,220,79962,,False
776989.pdf,92b9fb1486881206d23b238a6e81a1b65d460e038adbf5e650f1ec0238ae5766,776,2035026,6,1.3,PrimoPDF,16089,0,0,0,0,191,15898,,False
895000.pdf,c3fd0334c2112e50c596f2097a0f20c28877030267344debf0668ce631c83ecf,895,28859,2,1.5,Microsoft® Office Word 2007,4078,0,0,0,0,0,4078,,True
895001.pdf,3d44f980418820f37b0584b81bc15737ab5e59b19ebba7d89f1bd39efb7125a9,895,403354,1,1.6,,548,0,0,0,0,0,548,,True
895002.pdf,355e314a58116b82939c733c37eb3eb9f24b6ee8292e6cdae8c2dd97f56fe1de,895,215130,3,1.6,Acrobat Distiller 8.0.0 (Windows),14042,0,0,0,0,14039,3,,False
895004.pdf,7317ee80a16b1e987ea8b8a59bde05a23bdcfca12295653f957b0246f8e1b58e,895,371911,60,1.4,Acrobat Distiller 5.0 (Windows),117526,0,0,0,0,0,117526,,True
895006.pdf,251e91205f9be0d83c9412033dff8215d1395a791bc939589dc4b23c3bdaecaa,895,120117,5,1.0,,18166,0,0,0,0,0,18166,,True
895008.pdf,8f3f2899bf4edbf1798cdaca5c3d6fb26c97e41382d23b49b0977e61dc1b8b3a,895,25278,2,1.4,Acrobat Distiller 7.0 (Windows),3538,0,0,0,0,123,3415,,False
895016.pdf,048eb6ec9d1c2dfea97a6c1bc933cb627389747c1c39ed0dac049b9b4c808d97,895,29433,14,1.2,Acrobat Distiller 4.05 for Windows,17102,0,0,0,0,0,17102,,True
895066.pdf,d82c71da9fed2b6b961a66bb9436b24c74c804397683a0e28ffe3760563ca9b8,895,25815,7,1.2,Acrobat Distiller 4.05 for Windows,13648,0,0,0,0,0,13648,,True
895067.pdf,0c0ceb1957aee10d70ffae0f1f850b624becca9f81e367b53025ec06412f35c8,895,113334,9,1.2,Acrobat Distiller 3.01 for Power Macintosh,18094,0,0,0,0,0,18094,,True
895068.pdf,15303aa6f1834d4343bb2f676e0744af7a6d28d93e6246017b89f9ff59cea053,895,18756,4,1.2,Acrobat PDFWriter 3.02 for Windows NT,8508,0,0,0,0,0,8508,,True
895097.pdf,53b5699d2e189d8533f9acf81b555e9864a121b34c40c81964ceecbd49d6d12e,895,25584,3,1.4,Acrobat Distiller 7.0.5 (Windows),4452,0,0,0,0,0,4452,,True
895098.pdf,33213c13ba13ad2254b8891671d4383a3760f75a279782d75208f5c56b422965,895,3343812,79,1.4,Acrobat Distiller 7.0.5 (Windows),23866,0,159,0,0,19813,4053,,False
895099.pdf,89f7bfa9a3780f48004dcf411dd516694f7e27fcbc903045aadb33ed54526e9e,895,653953,38,1.2,Acrobat Distiller 4.05 for Windows,34028,0,0,0,1,48,33979,,False
895100.pdf,36e4380f077af4290f518a10822f1142b949e4ebe3365b2d6847e65d0cc0f61f,895,10218,2,1.2,Acrobat Distiller 3.01 for Windows,2736,0,0,0,0,0,2736,,True
895101.pdf,e47ab8ab636dd41e544fe2b378ca7e49cdea94af7aa98d8db812e1e94b49cfda,895,422522,9,1.2,Acrobat PDFWriter 4.0 for Windows,9,0,0,0,0,0,9,,True
895104.pdf,09b94d6f363138fb143257feaedabc956fb34af14db89a6d79dcf94585451053,895,1503341,27,1.6,AFPL Ghostscript 8.14,19212,0,0,0,0,0,19212,,True
895110.pdf,8af99a76fcaad808cc65db23d3ef6d3459e245bef372aeebead0ec331e377b99,895,180002,1,1.4,Adobe Acrobat 8.12 Paper Capture Plug-in,831,0,0,831,0,0,0,,False
895112.pdf,ef72607f7c5e9c8d3bcd69b2a099c46e134018a89a4e5777451a7d142be3f2e5,895,334802,1,1.6,,952,0,0,0,0,0,952,,True
895114.pdf,ee39ee2ccfb0660c6aeb57d80377df5765cbfa5b31afe47715727a1db86947ac,895,76571,13,1.4,Corel PDF Engine Version 10.990,30126,0,0,0,0,0,30126,,True
895115.pdf,bc585c7effcf19fafe379c64842c55d934860bb6cb12e39b38fa517aace6294d,895,3040387,71,1.5,Acrobat Distiller 6.0.1 (Windows),60041,0,0,0,3,3600,56438,,False
895117.pdf,ae70614c795cb0ffdd4f1915b56254bb1815e11422a48f90942034aa42700196,895,449334,1,1.6,,1252,0,0,0,0,0,1252,,True
895119.pdf,b6476371fcaec00abd90381f4181870de29c0a995542fae07aa68c407c9e6d6e,895,423404,11,1.4,Apogee Create Series3 v1.0,53449,0,0,0,0,0,53449,,True
895122.pdf,c56c7d6911b32f3c6aa58ee27fd9b86df58db92fd01868dc06b0711aada06c9c,895,41094,1,1.4,Acrobat Distiller 6.0.1 for Macintosh,1428,0,0,0,0,0,1428,,True
895123.pdf,cd53f5e956187b15bc132821b5a953e935b18154e8ab5d55c8725b52cee3c644,895,41067,1,1.4,Acrobat Distiller 6.0.1 for Macintosh,1465,0,0,0,0,0,1465,,True
895124.pdf,b9815e67d7b457439a513f2e18278cf867b23616fb2ab9e3c7e8393a60d60a91,895,392319,10,1.4,Acrobat 5.0 Image Conversion Plug-in for Windows,1968,728,2,0,0,0,1238,,False
895125.pdf,ce5c714331e38c9e8e36ea8a5d4d84b5d253738d270a163b713119aa834361da,895,26428,3,1.4,Acrobat Distiller 7.0 (Windows),7730,0,0,0,0,0,7730,,True
895163.pdf,153ab03a2dee5bfe9f5d9aee60492ac1379eaaffc372a5722c723cd721817f21,895,192638,24,1.4,Acrobat Distiller 7.0.5 (Windows),48140,0,0,3,0,0,48137,,False
895204.pdf,0633a1c9a0d25a66ada4e779b30c27ea3a9c74eae1311f2912b0828eba5997f0,895,10043,2,1.2,Acrobat Distiller 3.0 for Windows,2823,0,0,0,0,0,2823,,True
895205.pdf,06b0b99b80a4c24bd6ef5a1dc63c85e559ce0acd31839a2202cab8e4b1d1ed85,895,12841,3,1.3,Acrobat Distiller 5.0 (Windows),3379,0,0,0,0,0,3379,,True
895206.pdf,0d0d48836d68c5dcc7fb86a5d8c0e788edfa6ba0302222cec5bd1ceee8371974,895,256773,75,1.4,Acrobat Distiller 7.0 (Windows),229905,0,0,0,0,0,229905,,True
895207.pdf,4431c0c73b1802d9176234d865aa2147fb1787893ffc492800f7bdbaf31144b5,895,1121443,312,1.3,Acrobat Distiller 5.0.5 (Windows),594949,0,0,0,0,0,594949,,True
895208.pdf,732dee72924a8185d3c7c8d303eea9967895ab7f14229f7c1f38006d62b53c30,895,996038,20,1.1,Acrobat Distiller 3.01 for Windows,15808,0,0,0,434,62,15312,,False
895209.pdf,9ac3cae45253dc308f667244c76c210679571b71b3be77f1f824f013a46d7cb4,895,82237,11,1.5,EOL Universal Printer,25754,0,0,0,0,0,25754,,True
895210.pdf,8c7dbab1e79c5385adfa852f3ff701bd1fb3ed9bf6a68b55bb98dab58d1f9028,895,791580,302,1.1,Acrobat Distiller 2.1 for Windows,323279,0,0,0,0,0,323279,,True
895213.pdf,4e3479e8b771939324783cebf8fc4043da52163c271ad561a5f7915cb000bddb,895,21658,1,1.4,Acrobat Distiller 8.0.0 (Windows),1328,0,0,0,0,0,1328,,True
895215.pdf,b513751abf71770902c71e6e4f5651fb7d720ac1811d0e51689632943ef81cfc,895,170463,51,1.4,Acrobat PDFWriter 4.05 for Windows,65910,0,0,0,0,0,65910,,True
895217.pdf,49b7a7a3cb3c3829a41d5c1be0e54d56704854450c34413fdf6362cdce2d55d2,895,11011,1,1.4,Acrobat Distiller 5.0.5 (Windows),527,0,0,0,0,0,527,,True
895218.pdf,97aefb58a4dcde57920436b15f7fedd286229c6bd3fb7c90258256a7ed8701ad,895,367006,9,1.4,Acrobat Distiller 4.0 for Macintosh,10357,0,0,0,0,0,10357,,True
895219.pdf,d068a7f0e58ec9119062f5cd324202d32af7418ed1b32eccc55b68cc4cbbebf0,895,30617,8,1.4,Acrobat Distiller 7.0.5 (Windows),19575,0,0,0,0,0,19575,,True
895221.pdf,52c18464259a5e354150f43cfa77c26c0f0f4593892d09a5fc8c144ad440ea2c,895,469861,1,1.6,,1199,0,0,0,0,0,1199,,True
895223.pdf,e58e4b44398294ecd8b9670809b894c5c352c40d2f1deac633282dbabc449749,895,52550,2,1.3,Acrobat Distiller 4.0 for Windows,13401,0,0,0,20,282,13119,,False
895226.pdf,aecb30790c5ad7e284a8d27a553d3a066ab047f23569d272b811fa7f06106ca7,895,111938,6,1.4,Amyuni PDF Converter version 2.51-b,17102,0,0,0,0,0,17102,,True
895227.pdf,714493a5de36e32b2b427efc45797cc508903b4737c92544ce1d8a660f8480fb,895,97412,3,1.3,Acrobat Distiller 5.0 (Windows),7051,0,0,0,0,0,7051,,True
895229.pdf,540e8f9bdda158a7a6142a87167df4f535a4565f441fb183829c5f735aaac104,895,206982,15,1.4,Acrobat Distiller 4.0 for Macintosh,65347,0,0,0,3,32,65312,,False
895286.pdf,bd498fe907b9275ea25cbf05cc97bd88d62073a405ade346a10077d89ee1435a,895,168909,18,1.2,Aladdin Ghostscript 5.10,60120,0,0,0,58870,0,1250,,False
895319.pdf,ea4bd05a5ecbec9859fda91a77d9af34587f46b1fe55c17835838fe459fdf67b,895,12241,3,1.4,Acrobat Distiller 6.0 (Windows),4493,0,0,0,0,0,4493,,True
895320.pdf,f71b672f2fbcc4cbcbeafc11f5f7235bc9b2c4e70c605ba41b5644adc4472ba6,895,24399,4,1.2,Acrobat Distiller 3.01 for Windows,6352,0,0,0,0,0,6352,,True
895321.pdf,8d30835cac6123a6d87b461e194f54b33c05b2df7092d04e3b9d68a523dd8adf,895,41830,8,1.2,Acrobat Distiller 4.0 for Windows,8090,0,0,0,0,0,8090,,True
895322.pdf,6f0e167fc62ca309f8ac0c3a1b40d851513b9f6a66c416a569f0e4f20f20bf47,895,1121876,19,1.4,Scansoft Capture Development System V12.6,36552,0,0,36362,0,0,190,,False
895323.pdf,c4deadc07b9127e0c04000baef706dd8443eca420c87cc48ad965a8bfe6e6ca0,895,17902,1,1.7,Acrobat Distiller 8.1.0 (Windows),673,0,0,0,0,0,673,,True
895328.pdf,471a22619a33638e42a27b3b282e314e276132ee252e034c48ec4a3c6a48b547,895,1040930,165,1.6,Acrobat Distiller 8.0.0 (Windows),62341,0,2,0,0,36104,26236,,False
895329.pdf,c2c01bd450c2292d6bcafe0cadcf5a6c26459554cda8966386164064f9290cb1,895,131044,47,1.7,Acrobat Distiller 8.1.0 (Windows),130706,0,0,0,0,0,130706,,True
895330.pdf,3a87fef1bb73bec1a095766156620d9bd8a4d1b5333e3768a539475c7ad6e81d,895,33736,3,1.4,Acrobat Distiller 8.1.0 (Windows),6607,0,0,0,0,0,6607,,True
895332.pdf,179953d288d70d119df118b2399cb03bf0c9148c3bf5eff2c31dd728f6f3d0cd,895,160534,1,1.4,Adobe Acrobat 8.12 Paper Capture Plug-in,710,0,0,710,0,0,0,,False
895334.pdf,1437e9de454f53b0d4352c5f516acd8fea9ea933680987ebb47276c93be7befb,895,27535,5,1.4,Acrobat Distiller 7.0.5 (Windows),9151,0,0,0,0,0,9151,,True
895338.pdf,a813ddd653aeff098025b816515456229da6fd73d8a9bcb34cfdc9eb90677bae,895,1516026,342,1.2,Acrobat Distiller 3.02,611169,0,0,0,0,0,611169,,True
895340.pdf,3590c682a3d58797d0624e399b025b20b8064ce17967b5155b1395fe5b95e567,895,536380,11,1.3,GNU Ghostscript 7.07,4517,1044,0,0,0,608,2865,,False
895341.pdf,cbe3d435fe6bbde7241a55ce2ca4f6b02e3393dcc4f269cd9d7671b1a5dcd02a,895,31189,5,1.1,Acrobat Distiller 3.01 for Windows,11770,0,0,0,0,0,11770,,True
895343.pdf,2e50de2c3d0bcde28ca90a0d7ec8eeea4d1756d259e1b78ddc47b57613c2a78d,895,417019,1,1.5,,955,0,0,0,0,0,955,,True
895345.pdf,6ed501be8abeaadb105be527fab63fe821a415197fe5fa155eded1838c720699,895,155167,15,1.4,Acrobat PDFWriter 5.0 for Windows NT,27689,728,2,0,0,0,26959,,False
895378.pdf,00250c36ea1317ae894bccabd6da20fbda0063bef181cf7894e29186a8d41036,895,55003,4,1.4,Acrobat Distiller 7.0.5 (Windows),7041,0,0,0,49,49,6992,,False
895381.pdf,4588c77ab2f67bb4a9e09c0e4310c9831e8a7c1b9a5538f71b347524e01fd676,895,3173695,52,1.1,Pixel Translations (PIXPDF Ver.1.38),0,0,0,0,0,0,0,,True
895404.pdf,6c2e47feef52c56bcc686d4f2f1bc90b268d839ca65daf4720e91a796dfd8327,895,45696,11,1.5,Acrobat Distiller 6.0.1 (Windows),12392,0,0,0,0,0,12392,,True
895420.pdf,f1f1dc0099ef75873e1f25fa1da7e874192baf7a6347c9909b680503ff2d85b0,895,461196,18,1.1,Acrobat PDFWriter 2.01 for Windows,26401,0,3,4080,0,0,22320,,False
895434.pdf,65f5c597d9f04d7ee4ae9c8839bc39bdc6bb132dff320c8a6ac62cf3678114de,895,511108,2,1.4,Adobe PDF Library 7.0,1186,0,0,0,0,731,455,,False
895435.pdf,c3e77288efc81761ba0e18f4f952bec459de189612bf89f5151e931fc770f473,895,26865,4,1.4,Acrobat Distiller 7.0.5 (Windows),6440,0,0,0,0,0,6440,,True
895436.pdf,67247a9d1d4baf455887c177d8255116d90e2c715358992b2572c51dabe0bc55,895,97191,37,1.3,Acrobat PDFWriter 4.05 for Windows NT,57595,0,0,0,0,0,57595,,True
895439.pdf,64f064d87422155dff6078d380c147bd3c2d023b1d1bc51f6d0bcbc64ca17360,895,1145119,95,1.4,Acrobat Distiller 7.0.5 (Windows),178803,0,0,0,0,0,178803,,True
895441.pdf,d49fef676953cf3f981113b33083f620e1ace6a2cd1453ad755363de28fd2dd6,895,22551,2,1.7,Acrobat Distiller 8.1.0 (Windows),2367,0,0,0,0,0,2367,,True
895442.pdf,4c50e3e4ecabe0bc32080c6ee8887c30aabe895deca4cdcd70621f795202654c,895,981686,7,1.2,Acrobat PDFWriter 3.03 for Windows NT,8984,0,0,8984,0,0,0,,False
895443.pdf,d248821fef429437fdc95cbf9cd4e16d8e15beec9c248d4a0156706da75fdf09,895,56082,8,1.3,JAWS PDFLib,10889,0,0,0,0,0,10889,,True
895444.pdf,fb89a4313f7c1313117c9a56618b3227777f76f3f284f1f7bc4aac5fba98c167,895,695164,47,1.4,Acrobat Distiller 6.0 (Windows),53423,0,0,0,0,0,53423,,True
895445.pdf,9c9f4b1c2dc35df4599da9e6b5fad2b170c1b120711b557fd273795c5133b429,895,148883,81,1.3,Acrobat PDFWriter 4.05 for Windows NT,106989,0,0,0,0,0,106989,,True
895448.pdf,3971f0decc64efef0665a385ddfebd274ecccb7737bc5f9e84d7dd02fe003107,895,159394,11,1.4,Acrobat Distiller 7.0 (Windows),34555,0,0,0,0,0,34555,,True
895449.pdf,81e8a26414674edf850e86247b610d2d4fbb1ce03337d27bbf1857c90a7077fe,895,341738,1,1.5,Acrobat Distiller 6.0.1 (Windows),0,0,0,0,0,0,0,,True
895450.pdf,549b6e50a91c8a34509d2e687e17efa10e155942b12af249f110ab78fa16697b,895,119004,1,1.5,Acrobat Distiller 6.0.1 (Windows),0,0,0,0,0,0,0,,True
895451.pdf,6636c60fc9a32c8111963a555c6bd7d25e2c73594e82df44912073337799a549,895,72243,2,1.3,Acrobat Distiller 4.05 for Windows,4108,0,0,0,0,0,4108,,True
895452.pdf,605ed7955921695d210a2f5e07b1f123f124a01499196482c336fb2185040c1c,895,13510,3,1.4,Acrobat Distiller 6.0.1 (Windows),12314,0,0,0,0,0,12314,,True
895454.pdf,6b257e42eca64ac59a518a07fff441cc61a8c5c9b76fb4564a6c42f4e9e2f537,895,184932,2,1.4,OpenOffice.org 3.0,8205,0,0,0,0,0,8205,,True
895455.pdf,5168ba6d09f4bc777e0bcad208356ad7232cc333cea4d8efcbbfbb6859d37648,895,42987,9,1.4,Hyf PDF Output Library 2.3.0 (Windows),11847,0,0,0,0,0,11847,,True
895456.pdf,87e25d958d0e0433ce38a529dc23f5ed49739a44b31b9fbae11a8e88e07cb2ab,895,34773,2,1.4,Acrobat Distiller 7.0.5 (Windows),4922,0,0,0,0,0,4922,,True
895471.pdf,5fac8bcfa9ef75a33aa1215d7b73c040ab0411581fb5858beeb23d070e62f6dd,895,607215,22,1.3,Acrobat Distiller 5.0 (Windows),38965,0,0,0,756,0,38209,,False
895476.pdf,f77debbc4888bbe73f26923a5550140ef8b9ff8cb4090d5f0b658a3e7f84c8b7,895,1557085,16,1.4,OpenOffice.org 2.0,5303,0,0,0,0,2480,2823,,False
895477.pdf,955853355cf5bfbadc056d89841c6f5e18a2838e56d16bc938b6a43acb00fdcd,895,8778,3,1.4,Acrobat Distiller 7.0.5 (Windows),10558,0,0,0,0,0,10558,,True
895478.pdf,56ab0c154224b0a048ce8a292809af248740beade6675f20d39e878d0342e2ae,895,2081434,29,1.3,Adobe PDF Library 4.0,67972,4,0,67972,16,0,0,,False
895481.pdf,b977ede60a6d2bf1bb3e534ed0992031720498058e416fb5c556315f7cc30155,895,353424,6,1.2,escape 1.1,17135,0,0,17135,0,0,0,,False
895483.pdf,aa5dfb86c8b7613a4d1eed6bf5fcead053204c8e12615257ce6e8cd38ef74955,895,4031398,50,1.4,OpenOffice.org 1.1.2,12501,1,1,0,0,0,12499,,False
895484.pdf,7542c639d2afe5ac11344ca7976d2ba2edc3ab35f33df5ea14223a37f321ca23,895,10754,2,1.4,Acrobat Distiller 8.0.0 (Windows),6056,0,0,0,0,0,6056,,True
895499.pdf,4ba4a2e0238915065977f45b9afe521e64dcc9e85d72e3dbb5422e2e156da30a,895,35594,2,1.3,Acrobat Distiller 5.0.5 (Windows),8600,0,0,0,0,216,8384,,False
895507.pdf,4721627af3d54855bffe5d78d81f905b587703e8ce88b706b927b80177576bb2,895,52785,2,1.2,Acrobat Distiller 4.05 for Windows,3736,0,0,3,0,0,3733,,False
895508.pdf,617cacb46af2aae5c691dc8181c316309c2ffc73f3c234b76ae6b02c3660c6fa,895,2584583,34,1.4,OpenOffice.org 1.1.5,8324,0,1,0,0,0,8323,,False
895510.pdf,8fd958918382ac20f63fbd5621bb7ff0139727d9d15fa32a5d8333449f928370,895,212173,11,1.4,Acrobat PDFWriter 5.0 for Windows NT,22511,0,0,0,0,0,22511,,True
895511.pdf,91fa3ff7e55908d8954a527f675196e7b39d0abc1187cc4a9a36b6b793bda28f,895,130615,5,1.4, ,6877,0,0,6877,0,0,0,,False
895512.pdf,203db5704bbd2a2458fd31b059535f09afd0d55db36210065c4a00f85d4190df,895,187548,6,1.4, ,9447,0,0,9447,0,0,0,,False
895513.pdf,6e5a02801cfe78afadf38f614ec3d35a4657a058007bf88b7793c6f5736a2922,895,1719034,27,1.2,Acrobat PDFWriter 3.01 for Windows,31269,0,0,31269,8,0,0,,False
895515.pdf,b4f2ecba7d5c6c29593c8f52a605c684b752585197b59d84e0da0351696a1896,895,82456,1,1.2,"Hewlett-Packard Intelligent Scanning Technology
3",0,0,0,0,0,0,0,,True
895516.pdf,23a9fabe9b0cac202c99a36c945751f2de7c4771d3615573dddc8ff352edf8ce,895,219776,28,1.4,Acrobat Distiller 7.0 (Windows),10372,0,0,0,0,16,10356,,False
895528.pdf,9f354ec04681f6bba1f080a05d8d7f388576c5b9575a6c69c8962dc8531c247c,895,1131222,17,1.4,OpenOffice.org 1.1.3,5414,0,490,0,4,0,4920,,False
895529.pdf,8642d7d0352d225bd66587cdefbe6d9f352cf02eae2fd5cbdd2e228639ac2875,895,759028,12,1.4,PDFlib 5.0.3 (C++/Win32),6298,0,0,0,0,2787,3511,,False
895530.pdf,0f7248f0481343c2423be5bf54a0a2f4ff38a1c9181d648e49c939ef31c922e4,895,371239,34,1.4,Acrobat Distiller 7.0.5 (Windows),16332,0,0,0,0,6207,10125,,False
895532.pdf,cbef85fb1acf4735d573f7edbb9ef2c54393972e199f12b050f23549cbf4f8b5,895,630613,63,1.2,Acrobat PDFWriter 3.01 for Windows,77141,0,3,5386,0,0,71754,,False
895533.pdf,d6ac019d369b39688c8d608e8f42df51f0baed33f1affac57cf72120bda7b43d,895,87167,21,1.2,Acrobat PDFWriter 4.05 for Windows NT,25361,0,0,0,0,7,25354,,False
895534.pdf,13d248bd60cc6841b603c129db5e9f9aa272b482e023c45c362f544266221374,895,588815,14,1.3,AFPL Ghostscript 8.51,20404,0,0,0,0,0,20404,,True
895535.pdf,ac248b5acabb44ff14ad40516cb8eb52850d2a3845370c66517b12fe4fdb7915,895,1217547,26,1.4,Pdf.Capture version 5.2,33510,0,1,33510,0,0,0,,False
895538.pdf,a4a6ff19f47b5fe3e0b0bb7a4eae5f6f0faf01946319b01df3acc849524cccd3,895,587301,2,1.6, ,1186,0,1,1186,32,0,0,,False
895550.pdf,67dd58d930716688eb7737d0073cf6f7e98e9094de4449a67b6c5165e2c33f48,895,32648,7,1.2,Acrobat PDFWriter 4.05 for Windows NT,11949,0,0,0,0,7,11942,,False
895551.pdf,f4db04c5761f532372df2f67b79b344a10f03ae0741f645c48875b1d91da0397,895,38146,1,1.2,Acrobat Distiller Command 3.0 for Solaris 2.3 and later (SPARC),959,0,0,0,0,0,959,,True
895552.pdf,f0b7c8a916658f959f02e14df0bb46c8b696db4ed58d392e2cd228643dc3df86,895,12952,1,1.4,AFPL Ghostscript 8.54,3874,0,0,0,0,0,3874,,True
895553.pdf,5791a7863d3c5fad4ad93db31bb75c6251da4b69043ac775dcb9161312083a18,895,20022,3,1.4,Acrobat Distiller 7.0.5 (Windows),3361,0,0,0,0,0,3361,,True
895554.pdf,d343b7d7f593a2822cef62e9a4b5ee880d8352fe6a9e67ce559515cd9b870a54,895,567623,3,1.7,Acrobat Distiller 8.1.0 (Windows),7127,0,0,0,0,0,7127,,True
895555.pdf,6487ce9938aba32a563bfccc5223d733bf00540f93ffaeea1eff90934058145a,895,149240,56,1.4,Corel PDF Engine Version 11.4.0.100,89821,0,0,0,0,0,89821,,True
895556.pdf,0aab534a7f56b55d4a6bbb45f925993b649025a389fcb9fa8c04f1e6787c9b24,895,95416,2,1.3,Adobe PDF Library 4.0,1067,0,0,1067,3,0,0,,False
895557.pdf,83ce44b79f4ad4f96f6bfda35ca4b4cd12a0887f59f8891a733b9bb188733902,895,39349,5,1.3,Acrobat Distiller 4.0 for Windows,4072,0,0,0,50,690,3382,,False
895558.pdf,eae6ae45a119978f44b5bd071d9c62ef57478533a75d275def7fe57e251bea29,895,1062125,78,1.5,Acrobat Distiller 4.0 for Windows,126156,3,0,0,0,0,126153,,False
895559.pdf,eabe169d02ac4bfc48bd662098e5272a39245982734e70693def5134c5e4b17d,895,12972,1,1.4,Acrobat Distiller 7.0 (Windows),1892,0,0,0,0,0,1892,,True
895560.pdf,4621bf735a85a8842b2bea4ea7d9dc52d7bdfbded06f6a2720c02a971dd96536,895,117108,14,1.4,Acrobat Distiller 5.0.5 (Windows),26064,0,0,0,0,0,26064,,True
895561.pdf,17513d882a695dbd6cc27046826656976096d2ef705644e705efd52e23f92d0e,895,73407,2,1.1,Pixel Translations (PIXPDF Ver.5.0.2),0,0,0,0,0,0,0,,True
895562.pdf,60b040714cb6c11957b416e57dd3913e1e92a2ecc1bc3cc14b9374d03f319d46,895,92657,2,1.2,DigiPath ,0,0,0,0,0,0,0,,True
895563.pdf,516673c2d70285cd7b9d322cd9303f538ea19a4e23e82e9c8647db363fec0647,895,205509,91,1.4,Acrobat Distiller 7.0 (Windows),134676,0,0,0,0,1,134675,,False
895564.pdf,61063914e6a037a9ee63bb5a6dbffc12e05feda9bb7f6b20a03acd0451d920d2,895,438796,1,1.6,,1167,0,0,0,0,0,1167,,True
895565.pdf,0e6935c9e3bb3cb566637e5bb757bf05329ea73dba2b100e7a0bc77ff2c608d0,895,180632,7,1.4, ,8880,0,0,8880,0,0,0,,False
895566.pdf,e6f4547b14b6cdd42e36f27e9fb813e1fca0c616341670220a3bc062252c9dd2,895,3148815,12,1.3,Acrobat Distiller 4.0 for Macintosh,34621,0,0,0,0,0,34621,,True
895567.pdf,15e3b55abc6d626d67bb5f613f2fc67b780a7154c07f64380186301a0d150e8f,895,112071,4,1.3,Acrobat Distiller 5.0 (Windows),9421,0,0,0,0,0,9421,,True
895569.pdf,59da081ee93c3394bcacb2c2d1733e54deb96a2fa37ee4d5c57c5c248439d8da,895,769331,6,1.2,Acrobat PDFWriter 3.01 for Windows,7103,0,0,7103,0,0,0,,False
895616.pdf,f6f039fc6f9ba03d5f41206d30b8f30db5072e6608c1d63c1aac734f17646cbb,895,1404707,22,1.5,Acrobat Distiller 7.0.5 (Windows),43916,0,0,0,0,0,43916,,True
895619.pdf,a0a66cc8040d319d97c4ced28389d1cc6cbdb5dd2dea80c7ddea379aec0d64e2,895,2390859,84,1.1,ZyIMAGE PDF export module,0,0,0,0,0,0,0,,True
895660.pdf,ca2f0e853d390298f790e59d1f4be6131d2621b8e9adc5af60d9b8c4dd5973fe,895,322178,66,1.3,Acrobat Distiller 4.0 for Windows,116053,0,0,0,0,0,116053,,True
895661.pdf,584676d6c34acd095620bcd6c3c84851aa8d4836b4ed3d7c45fc0a909771a830,895,1279764,205,1.3,Acrobat PDFWriter 4.0 for Windows NT,497437,0,0,0,656,0,496781,,False
895663.pdf,e1caf783b5044578fa64098e77568f3615a3e25a71ba27dd22ea2d9a53028994,895,612451,26,1.4,Acrobat Distiller 5.0.5 (Windows),57543,0,0,0,0,0,57543,,True
895665.pdf,ff5c5d45b80891f30fabb4cd1839c18f3cf1a3d6894c794f9301694dd5610750,895,1149871,1,1.5,Acrobat Distiller 7.0 (Windows),1407,0,0,0,0,0,1407,,True
895666.pdf,f9d3539949aaf79d7b241ed1f3e4151b98e2d363e5265b47f6f85c9e27bb7948,895,7886,1,1.2,Acrobat Distiller 3.0 for Windows,1888,0,0,0,0,0,1888,,True
895667.pdf,d5f6e28a95474b5af3caf6ad105485532a17d38d14dee484d53b9317dbd3fcbe,895,51654,2,1.3,Acrobat Distiller 4.0 for Windows,14071,0,0,0,18,280,13791,,False
895668.pdf,52486db854fa4722deb4357821e286539f0436b384171587f7f226859016050c,895,312722,17,1.4,Acrobat Distiller 7.0 (Windows),68654,0,0,0,0,0,68654,,True
895669.pdf,0536c3104e770846e603a4608a472880e07e1ebb433728b31505d7b0c5ae0159,895,631622,23,1.4,Acrobat Distiller 5.0.5 (Windows),43483,0,0,0,0,0,43483,,True
895670.pdf,5744a25f966308224fdd0975a7b931a820dcb9fbbe040526e5a5029e7d368c69,895,1501725,11,1.2,Acrobat PDFWriter 4.05 for Windows,9263,0,0,0,0,0,9263,,True
895671.pdf,fa82a777d85cbba328b498a64459baa1a203a0ecaed34d2b585161b7739fe7c3,895,59406,2,1.4,Acrobat Distiller 5.0 (Windows),3224,0,0,0,0,0,3224,,True
895672.pdf,23fc751129f588b3464e11f6c03a35d1a6f3cdce8e73a949ac89d28f37c08b06,895,134616,8,1.3,Acrobat Distiller 5.0.5 (Windows),22689,0,0,0,0,0,22689,,True
895673.pdf,8ca335db47b3bf916f3aadda051b91210e2de750887cbdc570d979856110ca44,895,54065,3,1.3,Acrobat Distiller 4.0 for Windows,20717,0,0,0,0,321,20396,,False
895675.pdf,118547e421207cd40c233e023773efd40bbd10d8974f62938be7d73a2c675ce2,895,12624,5,1.2,Acrobat Distiller 4.0 for Windows,7014,0,0,0,0,0,7014,,True
895676.pdf,9da33e92f5187069b6afcbb6598ba7ed2b3edb32a734c7b71020cf6b5687290c,895,607911,1,1.6,,1459,0,0,0,0,0,1459,,True
895678.pdf,3f0b4699c5223822b0cf32e82405d9461279b0e34f6fa07d6e75a611f6d3bf6c,895,36015,1,1.3,Acrobat Distiller 4.0 for Windows,7217,0,0,0,0,117,7100,,False
895680.pdf,cad0affd044c5b03e6af3380b8b36010348e4945739a352087b823d69ab70009,895,90180,2,1.4,Amyuni PDF Converter version 2.51-b,4820,0,0,0,0,0,4820,,True
895681.pdf,a1888add41aab7cdb642a5dc5b0c5848c3ff1cb6d6a047c0b9c03b289812420f,895,61180,3,1.3,Acrobat Distiller 5.0.5 (Windows),21112,0,0,0,36,423,20689,,False
895682.pdf,71dce51a47de927e24ae96efd01474fc8206d6b5b792e6a7316161848ee95cf3,895,32668,2,1.4,Acrobat Distiller 7.0 (Windows),4908,0,0,0,0,0,4908,,True
895683.pdf,5390f89ec339c392649fb126c0428958a0c1dd707343f242678f219976cb5d6c,895,2992361,28,1.2,Acrobat PDFWriter 3.03 for Windows NT,73982,0,0,73982,0,0,0,,False
895720.pdf,316a0255cfd04018741fb7c7e242127980c784935a8558246c6b33824491f50a,895,4897152,24,1.6,Adobe Acrobat 8.11 Paper Capture Plug-in,63060,0,0,63060,0,0,0,,False
895724.pdf,441125e5c457206c6613e9b5caa435d73ed7ad9952135065f553d75eec8727b7,895,1219284,41,1.4,Acrobat PDFWriter 5.0 for Windows NT,90547,0,0,3,0,0,90544,,False
895760.pdf,a674323a32af4b2c2aa72f486f3e3e33c10dad6dd78741a6145a7dc89919cdf9,895,128363,4,1.5,Acrobat Distiller 6.0.1 (Windows),14348,0,0,0,0,0,14348,,True
895761.pdf,58e353287e7910adf4f55658e458ec5fb01408a625d85e66e8e759a74d406274,895,12036,3,1.2,Acrobat Distiller 3.01 for Windows,3737,0,0,0,0,0,3737,,True
895764.pdf,f1610f39fa4e304da59fa7682e0ae94474793c2e5904753a2a9efca767c0c335,895,33314,2,1.4,Acrobat Distiller 7.0 (Windows),6710,0,0,0,0,0,6710,,True
895765.pdf,c4632d38d3de45a953c1f0f6063b0ff526b97206b30c54371e4877266cbf1adf,895,158895,9,1.1,Acrobat Distiller 2.1 for Windows,10749,0,0,0,0,0,10749,,True
895770.pdf,5bc05a23d7ebdefba97df000fa37b963d4811dc374c61add95e1945939a9f34b,895,60302,2,1.2,Acrobat PDFWriter 4.05 for Windows,3598,0,0,0,0,0,3598,,True
895773.pdf,3a634fa1e982e0cd1d29a865f80ac943aaac3b66fc5bde0d4d95a3abe6701541,895,329947,1,1.5,,822,0,0,0,0,0,822,,True
895776.pdf,16975a309871309789353b08857c67198f97a5521feebf7f78fd31b4b7fea661,895,104920,3,1.3,Acrobat Distiller 5.0 (Windows),8832,0,0,0,0,0,8832,,True
895778.pdf,f770da786ae66ac955710c314348f535c8f7632ce333bdba39feb4a55b24142e,895,4864228,30,1.4,Acrobat Distiller 5.0.5 (Windows),0,0,0,0,0,0,0,,True
895781.pdf,8cdfca57c05215bcd8defc8bb1033c7b33731ac6a80d27b41163771009eae366,895,2577308,596,1.2,Acrobat Distiller 3.02,1266335,0,0,0,0,16,1266319,,False
895782.pdf,f038e3929997f31eed2580ad749a078658a61d447e86e5ea1266e8e4a593a085,895,34183,2,1.4,Acrobat Distiller 7.0.5 (Windows),4020,0,0,0,0,0,4020,,True
895785.pdf,86c28bfbae9a1d2440b75820e9a1c1ba1f261d5d4e0ba2990911bc29c05d0209,895,356952,10,1.2,Acrobat PDFWriter 4.0 for Windows NT,9954,0,0,9954,0,0,0,,False
895838.pdf,3a3a8e40148ce5275001ea551f0895d0bcbc035d6c939defba807e4abe6c02f9,895,103533,2,1.2,Acrobat PDFWriter 3.02 for Windows NT,4179,0,0,1766,0,0,2413,,False
895839.pdf,ebc92b00b6420658c97e8825d91f2d6974453e513b89a81f198754cb294ab96a,895,53060,2,1.4,LuraDocument PDF v2.27,1938,0,0,1938,0,0,0,,False
895840.pdf,d38760603f4bbd32cfc0a90a8f6e95e94edce159c800cab9aaff1c5c71ab6568,895,65139,3,1.4,Acrobat Distiller 5.0.5 (Windows),9357,0,0,0,0,0,9357,,True
895866.pdf,3f8ad89692333fdcdff824ac898e0641c436b54014ee1005bcc0da504988826d,895,4551,4,1.3,AFPL Ghostscript 6.50,4276,0,0,0,0,0,4276,,True
895867.pdf,13bef4af1ad96772751aa272297a580e8482bcc08437e014a41507936b985c49,895,499854,4,1.4,Adobe PDF Library 7.0,18723,0,0,0,0,2,18721,,False
895869.pdf,a357af10defd9bf5e0bb92a826a961663ca6717a69dd9c98da249e2e5cd4fd09,895,104683,2,1.2,Acrobat Distiller 3.01 for Power Macintosh,5893,0,0,0,0,0,5893,,True
895871.pdf,c211886d0f9c9750fb203abaf759f97a7efc7720e7c0b9dc812ca197b3b2682b,895,18030,3,1.1,Acrobat Distiller 3.01 for Windows,7477,0,0,0,0,0,7477,,True
895873.pdf,8cebb600359235248bbdf487fdc8974debf02340b18c83de608c9733a2bc59f5,895,33091,7,1.2,Acrobat Distiller 3.01 for Windows,15977,0,0,0,0,0,15977,,True
895875.pdf,0859489f70f1f3224d85ca67536a115ec912641a2c9d46d217fd79719753bb2a,895,396259,8,1.6,Adobe Acrobat 7.0 Paper Capture Plug-in,25393,0,0,25393,0,0,0,,False
895876.pdf,2158f0f6435bfdbb6d58765427914c23f390357d62b6d9dc02fae1209b5ebdbc,895,1526955,26,1.4,pdfeTeX-1.303,82446,6,0,0,64,0,82376,,False
895878.pdf,e82a90b47a1364fb27d7e3dad7a0f0173d3fe2effc266a6a0577ad984960f407,895,8705,1,1.4,Acrobat Distiller 7.0 (Windows),224,0,0,0,0,0,224,,True
895879.pdf,55aa8b7a62d1caa0ca1aa5c80fb93228e05090a0f6e1be6b4be9d1e2c295e72a,895,58078,12,1.4,Acrobat Distiller 7.0.5 (Windows),25454,0,0,0,0,0,25454,,True
895880.pdf,bf4a457500b5362dccc66854ddbe4479a0c37c6f271df0a452a45095bbd90d00,895,47538,1,1.3,Acrobat Distiller 4.0 for Windows,6355,0,0,0,12,144,6211,,False
895881.pdf,0a7a2d3e3495663df1f8455a868838d02d5b3476f34e345f42f97ee44e2f5160,895,385307,1,1.5,,1138,0,0,0,0,0,1138,,True
895882.pdf,105b6fc516ff9a7533e2c128c01956e2c0919448466ade81ff5cc4bc55587fc3,895,47012,1,1.3,Acrobat Distiller 4.0 for Windows,6481,0,0,0,12,141,6340,,False
895883.pdf,2ee680c3476813386b75d142e6e41db5343a381dbfcd482933b12cd790ce2da7,895,73376,3,1.4,Acrobat Distiller 6.0.1 (Windows),6211,0,0,0,0,0,6211,,True
895885.pdf,cc1bc4f42660a3576920a9902ee61a7b1ca13fbbae5e6f1170ef354e62eb0e88,895,161076,4,1.5,Acrobat Distiller 5.0.5 (Windows),9587,0,0,0,0,0,9587,,True
895890.pdf,1c4bb5e720abee385b4ea32eaa85a103860747acea090ae80581b67a309de37c,895,2497,1,1.4,Oracle PDF driver,1325,0,0,0,0,0,1325,,True
895916.pdf,119d59beb6900bbdcc24af5115cb2acf4be17575b133d48013836473ab8d97b4,895,65780,1,1.4,Acrobat Distiller 6.0.1 (Windows),3184,0,0,0,0,0,3184,,True
895918.pdf,4351773246421d1410f44b7faaf8fb141599de2b2704a9bfd6997c99b3a0e83e,895,14904,1,1.4,Acrobat Distiller 7.0.5 (Windows),1029,0,0,0,0,0,1029,,True
895965.pdf,1c9d067b6bf4b2f3f3b5ea1323c3ddadb950c1c4d204329dd17a444199c7d92c,895,15298,3,1.4,Acrobat Distiller 7.0 (Windows),3316,0,0,0,0,0,3316,,True
895966.pdf,088021610bacb5112f39c962c09872ad66c883caf9330b5878f7396a40720fa1,895,7937,1,1.2,Acrobat Distiller 3.0 for Windows,2035,0,0,0,0,0,2035,,True
895967.pdf,89270ebb3871a95ad083a4b5351d02727f51e01c20f5fd9f56e3a01604ad80e4,895,60365,27,1.4,Acrobat Distiller 7.0.5 (Windows),35074,0,0,0,0,0,35074,,True
895970.pdf,9313a0a8dbdc2f497cc4a9a94bf3cc141be63e431c29caf4a2d8aede79c178e2,895,13231,2,1.1,Acrobat Distiller 3.01 for Windows,4368,0,0,0,0,0,4368,,True
895971.pdf,ba8d8001c1ececaa5e48f0ef03d94ede9df881601c7da1e91b34e2ef68c06e1d,895,238311,1,1.6,,953,0,0,0,0,0,953,,True
895975.pdf,b046f8f64e6f01acae6e9a39223f75cdc1c3c3d1e9d6a1a654c192a8622f83cc,895,14477,2,1.4,Acrobat Distiller 7.0 (Windows),3045,0,0,0,0,0,3045,,True
895977.pdf,b40b9c6f77069b16f217e64a61af7702b589d6755030cb732ac6894468b27d1d,895,364219,79,1.3,Acrobat Distiller 6.0 (Windows),165455,0,0,0,6,0,165449,,False
895980.pdf,8edd9b52340d0f04166ef76fdc46c91579c5923c8ae375d1acafe2f834cee363,895,67079,2,1.3,Acrobat Distiller 5.0.5 (Windows),4399,0,0,0,0,0,4399,,True
895982.pdf,61c804a7dd19395de13a7dd4fa394868177365701907c8dca613748fff4881ae,895,34459,2,1.4,Acrobat Distiller 7.0.5 (Windows),4545,0,0,0,0,0,4545,,True
895983.pdf,1555191ba8a0a36455437f9e2342d54582e13f60335b148f6ea419eff8718150,895,13428,6,1.4,Acrobat Distiller 7.0.5 (Windows),4520,0,0,0,0,0,4520,,True
895985.pdf,e089e192d0894c9e44a344fc2ee1b1a0d63d4e0c569c989b17c6637be4f05c75,895,23177,6,1.4,Acrobat Distiller 8.0.0 (Windows),7500,0,0,0,0,0,7500,,True
895986.pdf,b53d40e1a315174496296d3aa6125303df46c56be16375e5bde1f89284719fcd,895,77563,2,1.4,Acrobat Distiller 5.0.5 (Windows),11016,0,0,0,0,0,11016,,True
895987.pdf,cedf81376c44c0d46e7e3cc1c497edc49bcecaa7119d8c4357cbb3f82aae35e5,895,9599,3,1.3,Acrobat Distiller 5.0 (Windows),2926,0,0,0,0,0,2926,,True
895988.pdf,6f3157a9940254965c2667c093f9eac0805b29770bcd987763981a8b26301661,895,21772,2,1.4,Acrobat Distiller 8.1.0 (Windows),1329,0,0,0,0,0,1329,,True
895989.pdf,308220ad36c766a6cbfa4dc3fe8bd7340fefbe30b818f9ae51531c598c657d8b,895,93056,2,1.4,Acrobat 5.0 Scan Plug-in for Windows,0,0,0,0,0,0,0,,True
895990.pdf,1dc72a8facfca706e385910111e6304fd086695f93c61eb729ff105e8b523d5a,895,3248137,53,1.6,GPL Ghostscript 8.54,8524,0,0,0,0,295,8229,,False
895991.pdf,f5b07a79c41605944beeb61af2ab4bb2d0bf32d0a1abb2fc9247f06a7887570a,895,168553,5,1.5,Acrobat Distiller 5.0.5 (Windows),8922,0,0,0,0,0,8922,,True
895992.pdf,80be5170e514bb393a5b7f1dc8fdd06729440d4af843bbd0b28d1a12d21c3198,895,18183,5,1.2,Corel PDF Engine Version 10.719,6289,0,0,0,0,0,6289,,True
922003.pdf,d9ead1eb7bb1fd81a05072aaede81196e798278954081d68ff5671de188c56e0,922,218346,4,1.3,"Etymon PJ 1.10, Copyright (C) 1998-2000 Etymon Systems, Inc. <http://www.etymon.com/>. ",2521,20,1,2521,0,0,0,,False
922017.pdf,53e569a340b22ac35ccde6f50047e4a7026f1468668bf6ce862b77666ae4aec4,922,10600,2,1.3,Acrobat Distiller 4.0 for Windows,3304,0,0,0,0,0,3304,,True
922023.pdf,517c2e76ae2512b2836eda2f02a3c2f8b03e1ee8cf48bcdc1c85b31b79ff9f3b,922,125780,18,1.2,Acrobat PDFWriter 3.0 for Windows,70993,0,0,0,0,0,70993,,True
922024.pdf,bab93e2573fd158b50f2f4c49f5e20e30f5a2be62a7314b650199644fc4e3e6d,922,580278,119,1.4,Acrobat PDFWriter 2.01 for Windows,258807,0,0,0,0,0,258807,,True
922025.pdf,8398833082d057216921944835e8001046ecefe40c019ae967792d15adc87da5,922,1552097,365,1.4,Acrobat Distiller 2.1 for Windows,947516,0,0,0,0,0,947516,,True
922026.pdf,92084f3d93f0c0ef5623d78e345472ce039ee772b4ee0a00526b3bc516dc5533,922,2864748,176,1.2,Acrobat Distiller 3.0 for Windows,481970,0,0,0,0,42,481928,,False
922027.pdf,e75452dc9263c0511b77ecf8f8ce84bbfd0b9c9681bd1bf7f9d9e90ef4ac4027,922,1795189,59,1.2,Photoshop PDF Plug-in 1.0,104424,0,0,7970,0,0,96454,,False
922028.pdf,287e8006b9e58b737020b5f9c03165e25253eaac043e24b0481bfd1abfa9fd0d,922,744525,74,1.2,Acrobat Distiller 3.0 for Windows,336273,0,0,0,0,0,336273,,True
922029.pdf,13688c7fd0345e98693bf51631c295f3a83eeb70a6a7d73c3e994ae475fabd9c,922,2222008,257,1.2,Acrobat Distiller 2.1 for Windows,1031029,0,0,0,0,0,1031029,,True
922030.pdf,0c5ee4fae636944caa6f07b0f2dead652795be49a44380f5eb0cf26f969cecb5,922,1540484,139,1.2,Acrobat Distiller 2.0 for Windows,388750,0,0,0,211,5,388534,,False
922031.pdf,7af390d21b1ac74ae34637f3903c013a0e86b74d1e02ec8be708d14fdeca372b,922,964947,126,1.1,Acrobat Distiller 2.1 for Windows,776315,0,0,0,0,0,776315,,True
922032.pdf,95f2de4dba98b3e40cf66b9662a8220ce0e96c702c815e4dc9694137e3fcb445,922,271779,71,1.3,Acrobat PDFWriter 3.02 for Windows,225022,0,0,0,8,9,225005,,False
922033.pdf,8f6d61291ba9abb932145eef3a404c26d226ba1782128b187c56028adf69c17e,922,1151777,134,1.2,Acrobat PDFWriter 3.02 for Windows,237773,0,0,0,0,0,237773,,True
922034.pdf,c473d27a8f35a8447dfaaeaf16e4ce19fd79e0fc940995c88ada637acc14d000,922,907631,90,1.1,Acrobat Distiller 2.1 for Power Macintosh,230998,0,0,0,13,167,230818,,False
922035.pdf,d1e5b5ce4056b962b062a992af245d68e6faeeec3c0e458ac9ef0d57dbd39a1c,922,43896,5,1.3,Acrobat Distiller 2.1 for Windows,16965,0,0,0,20,0,16945,,False
922036.pdf,9ff85655a96d2276301a935e85b0e72315c36c30617e1237cbbe976023d3ee62,922,244351,128,1.3,Acrobat PDFWriter 3.02 for Windows,386116,0,0,0,0,0,386116,,True
922037.pdf,526e6ddddb1d17ec6d5d3269a41896e8eab6d2d285d750c0cbf2282f701aceb6,922,3520840,94,1.1,Acrobat Distiller 2.1 for Macintosh,213299,0,0,0,148,1764,211387,,False
922038.pdf,d4f9abd0c819489244db43321230e2bf1bd8d2bb96b18f9d7e8b5d4fc082c19c,922,71805,2,1.2,Acrobat Distiller 3.02 for Power Macintosh,8041,0,0,0,3,17,8023,,False
922039.pdf,8f196db081ca366c94a11c4fe8a71679dd38f60d9a51e655f9733f731c128e07,922,176582,28,1.2,Acrobat PDFWriter 3.0 for Windows,101348,0,0,0,0,0,101348,,True
922040.pdf,e97c3edbd8e85516a35a15677fe47c2a0b1ce767af80940d6ff2af657a5fe5ff,922,2460649,94,1.4,Acrobat Distiller 5.0 (Windows),147730,0,0,0,0,0,147730,,True
922041.pdf,cb82019e4495ec2da40f82ff78efa0404b20f26e3ad3d9afdd61072a4bfc1049,922,121384,15,1.2,Acrobat Distiller 2.1 for Windows,64555,0,0,0,1,46,64508,,False
922042.pdf,9fef76776aee63f1c0f7578e95c9689c09a69d4255797bd51a80370d9c494c40,922,2060736,407,1.2,Acrobat Distiller 3.01 for Power Macintosh,822875,21059,0,0,0,3954,797877,,False
922043.pdf,664bccab5b7961d80a10d4eb853c77abcebb795089eed8ddaac8ef797a2066c4,922,243833,21,1.1,Acrobat Distiller 2.1 for Windows,88212,0,0,0,0,86,88126,,False
922044.pdf,7c5aa3940eb7943465a365ac0246ea97fa3d46e871ed7363e2cf8620a01e471e,922,1636707,55,1.1,Acrobat Distiller 2.1 for Windows,59134,0,0,0,3,12,59119,,False
922045.pdf,206977dd77c4f8699dd42e8770a4ca065be244a3c68ca9705d70c06ad8e37bee,922,61863,17,1.2,Acrobat PDFWriter 3.0 for Windows,56062,0,0,0,0,0,56062,,True
922046.pdf,c4e51b827aec612ae0c87f1b3919336a7d79d294ff2996252fbb99ad5a0a958e,922,36560,5,1.2,GNU Ghostscript 7.07,11235,0,0,0,0,0,11235,,True
922047.pdf,4acc35cce1f2cbe271951e4274d7f995921e674bc807a979e8349d0f47d1f536,922,404286,72,1.4,Acrobat Distiller 2.1 for Windows,151322,0,0,0,0,0,151322,,True
922048.pdf,a2334eca110fe17b0459c9bc4f8f84260f8020e91be31caec16dd05ac3269064,922,4084712,406,1.1,Acrobat Net Distiller 1.0 for Windows,0,0,0,0,0,0,0,timeout after 600s,False
922049.pdf,7c5b96323e1812bc362a47072cb932f58248e7084c29c7a49236f86de4429686,922,249048,25,1.6,Acrobat Distiller 2.0 for Windows,70091,0,0,0,0,0,70091,,True
922050.pdf,93def02884233df903b70911d07a05ed1f2375c01f28a5745b444856ee1f9ae9,922,96567,10,1.2,http://createpdf.adobe.com V3.0,26445,0,0,0,5329,0,21116,,False
922051.pdf,bb21ad6da52a92ac0db7c9e556ae01030191b2fb1e87e391f147c5926dc37586,922,2821230,56,1.3,"Etymon PJ 1.10, Copyright (C) 1998-2000 Etymon Systems, Inc. <http://www.etymon.com/>. ",31263,0,3,31263,6,0,0,,False
922052.pdf,d1443e1d238e6e45a32f281319fda4c19211e157bcbaaff43bdba94be2d068f4,922,41010,17,1.5,Acrobat PDFWriter 3.0 for Power Macintosh,34310,0,0,0,0,0,34310,,True
922053.pdf,2fa842e67117f688758fc3a1acb5804d450f1a2bc2d6c9f22b1a72ede3c30027,922,3476762,345,1.4,Acrobat Distiller 3.0 for Windows,1242703,0,1,0,0,248,1242455,,False
922055.pdf,cfedf8e4f785040e6d3702d2c81a89b8177ec53931519cdf52c9e68528467d67,922,235435,21,1.3,Acrobat Distiller 2.0 for Windows,111659,0,0,0,0,0,111659,,True
922056.pdf,cb2bf6e661c79c853ec0b6c49c24f0cb22be143995fd74244e4815640079be65,922,29156,9,1.1,Acrobat PDFWriter 2.01 for Windows,17328,0,0,0,0,0,17328,,True
922057.pdf,1db71c8fa6b14622fa38e47fb94dac37e6231e5a66571eed1a2d1907b4f8938b,922,84096,15,1.3,Acrobat PDFWriter 2.0 for Windows,12002,0,0,0,0,0,12002,,True
922058.pdf,ccd117daa277a4220c7f6f15ab84799512adf1b9894b6b27cb0ba68cc7c14104,922,90998,16,1.3,Acrobat Distiller 2.0 for Windows,13391,0,0,0,0,0,13391,,True
922059.pdf,0081d9c4a0f129109cd431fc953758c251cb919c79925caecdb3c422bcd98a64,922,319501,38,1.3,Acrobat PDFWriter 3.0 for Windows,71427,0,0,0,0,0,71427,,True
922060.pdf,567198e5b42041853fcf275debced28aa48796d429d696572c1cc6b0463211f6,922,20336,5,1.1,Acrobat PDFWriter 2.01 for Windows,13115,0,0,0,0,0,13115,,True
922062.pdf,e38a2082c78d4fcf351361d91791e9e8307b208b7810181e4c386bd988fd2b28,922,109766,6,1.2,Acrobat PDFWriter 3.02 for Windows,12128,0,0,0,0,0,12128,,True
922063.pdf,ea026266af7201f3e85f0e0e943d78fd0568c4300702294d9f5517dea6dd033a,922,36292,9,1.1,Acrobat PDFWriter 2.0 for Windows,21228,0,0,0,0,0,21228,,True
922064.pdf,708beb280d5f4a5e6a72c14333ad8db03b4f3be8fd5612c20259dae4250e3e8a,922,2535788,157,1.2,Acrobat Distiller 2.1 for Windows,588239,0,0,0,117098,762,470956,,False
922065.pdf,efc00278e64f24b08bcb1b291b75ccca953cd0b7d886f045ddebd9f8e7c3e874,922,545379,1,1.0,Acrobat PDF File Format 1.1 for Macintosh,4474,0,0,57,1,178,4239,,False
922066.pdf,cc0604c7fb5f449d92bc32cf3d73d6c2aa3ce4cf23147b7a22f2abd711b2a4e1,922,362208,120,1.3,Acrobat Web Capture 4.0,494678,0,0,0,0,0,494678,,True
922067.pdf,0f0179f2e6b82a23fb38296dd47cde2c33f328f2dd82907fd8f266a7cd0ed665,922,50128,28,1.1,Acrobat PDFWriter 2.01 for Windows,108377,0,0,0,0,0,108377,,True
922088.pdf,8a65976772252119028f8cddcc7fe17d2f314f4a0dba3e22595ee915134573db,922,41519,9,1.3,Acrobat Distiller 5.0 (Windows),3447,0,0,0,0,0,3447,,True
922089.pdf,51ed2989ec0b45380c0af641179f284827301622601a73ff6e4284a56c8cc7ce,922,28479,1,1.4,Acrobat Elements 7.0.5 (Windows),2053,0,0,0,0,0,2053,,True
922091.pdf,34cc4872ccca675bb3b053e0a3dc4166ef14611747ccdd59e2aeb45be59800b2,922,91935,1,1.2,Acrobat PDFWriter 3.03 for Windows NT,1880,0,0,1880,0,0,0,,False
922095.pdf,612f57a3f6f34fc6d11e5b93c6e2205a50b7e62d1029f8514626357e2b9fca9d,922,54423,4,1.3,Acrobat Distiller 4.0 for Windows,24178,0,0,0,0,428,23750,,False
922096.pdf,b49e84678126857b2b477040ebea6025702838bc8581a22f59b9cf04d1c8778f,922,4779033,1,1.6,,1838,0,0,0,0,0,1838,,True
922099.pdf,63fb37a3553d23bbac8ad3e440459dc18f8e58c60efbe46ef8d573a4f93d43b5,922,139688,4,1.2,Acrobat PDFWriter 3.02 for Windows,0,0,0,0,0,0,0,,True
922106.pdf,1b31849e385e4aa60a49698d9daac1f19f48947caf05368108133af90b34d8bb,922,410574,7,1.1,Acrobat PDFWriter 3.0 for Power Macintosh,16364,0,0,0,0,0,16364,,True
922134.pdf,c466dcfdc54f502a7428bb8289a352ab4c94ede4b7582c658c870dfa669910ec,922,20604,1,1.4,iText 2.1.4 (by lowagie.com),9490,0,0,0,0,0,9490,,True
922138.pdf,5f40fafb92f63c712e0ef3f881979e2e74e6164b9f199e376d8cf66eb50ba093,922,1465916,18,1.5,Adobe Acrobat 6.0.1 Paper Capture,0,0,0,0,0,0,0,,True
922168.pdf,d6c8cb3a88328608d7bd22379c86835b6c234483b2f3ef7f9f397a8fa7944511,922,104479,15,1.2,Acrobat PDFWriter 3.02 for Windows,62081,0,0,0,0,0,62081,,True
922169.pdf,bfc125047e85b53b4f3d1ecbe93cd297c73bca03f7532954961e2afb7b572cc2,922,1450092,363,1.4,Acrobat Distiller 3.0 for Windows,935191,0,0,0,0,0,935191,,True
922170.pdf,008f6edbc63d37dd8cdfdaf547751ab71c289f194f492afcd9cd33733ab3bd70,922,1344864,247,1.2,Acrobat Distiller 3.01 for Windows,1023047,0,0,0,17,29,1023001,,False
922171.pdf,d3e78d44c9da634b036c007cba2858da01ece305a8a9a29170f8dd473178cd7a,922,489322,78,1.2,Acrobat Distiller Daemon 3.0 for Solaris 2.3 and later (SPARC),338991,0,0,0,0,16,338975,,False
922172.pdf,f3457a56b93a7b324ba5d9eb09d0ba0c6d85814b0df5a15cd76c7af2995bfe30,922,671569,238,1.1,Acrobat Distiller 3.0 for Windows,564100,0,0,0,0,0,564100,,True
922173.pdf,39804978f7199add8d04f57aeaac7fd7217f22cea2cfb0b3c66dce111ea29318,922,52085,2,1.4,Acrobat Distiller 8.1.0 (Windows),3718,0,0,0,0,0,3718,,True
922174.pdf,97a1cdcb826a1ff7e0d81e67be5dd9a936e93ba9895a52624981714601bf6b3d,922,1160683,105,1.3,Acrobat Distiller 3.01 for Windows,618691,0,0,0,175,289,618227,,False
922175.pdf,be2fb4014657fb524b06d25b38ad62dc160285243c7d548d514720404db3f666,922,921808,139,1.2,Acrobat Distiller 2.1 for Windows,807311,0,0,0,0,0,807311,,True
922176.pdf,4fcaac73071b0bccac9b9fc25c7a7e375deb779e1a233da717745da18090210b,922,753574,94,1.4,Acrobat Distiller 3.01 for Windows,413191,0,0,0,87,289,412815,,False
922177.pdf,dbdee44c94e0bcebe8f655d57d07f9b1cdb9107b820cc7038088b078fc3b80b2,922,119862,15,1.1,Acrobat Distiller 3.01 for Windows,44857,0,0,0,0,0,44857,,True
922178.pdf,da753675fa5b3f490742bade30c4f4b83962c6bde55841cba46103ae0a3d1976,922,2485472,55,1.2,Photoshop PDF Plug-in 1.0,108655,0,0,7581,27,0,101069,,False
922179.pdf,251f053637f2ec8cd3ebfff41704bb265e3593bdedd2374a8251a753b0ee33d2,922,72631,2,1.2,Acrobat Distiller 3.02 for Power Macintosh,7754,0,0,0,3,17,7736,,False
922180.pdf,f62794e1ddd9884f074ed861187494aef7fbb8a44471cb301382727ca75b127d,922,131430,12,1.3,Acrobat Distiller 3.0 for Windows,40751,0,0,0,0,74,40677,,False
922181.pdf,03d4936c7711bad943c339143ea86daecd313510bea1c81a3fddf38c3f9c2442,922,62357,7,1.2,Acrobat PDFWriter 3.0 for Windows,31548,0,0,0,0,0,31548,,True
922182.pdf,d7318fd4d1916d767953059ff87dd88488ab19a9729086928bdf50f8ce5bc36d,922,306546,94,1.4,Acrobat Distiller 6.0 (Windows),150460,0,0,0,0,0,150460,,True
922183.pdf,09658482720561926b2d837b35717772a2677c1b904a0907a151b7e0845d0081,922,624499,142,1.3,Acrobat PDFWriter 4.05 for Windows,262377,0,0,0,0,0,262377,,True
922184.pdf,f2c53b6702afbdb0c779e5997428fa23fa5c459c6de5ccf12444dadfe94d34d2,922,735309,37,1.2,Acrobat Distiller 3.0 for Power Macintosh,112385,0,0,0,18,7,112360,,False
922185.pdf,cb0dd57f08d7c91a76a26a6c92c2c48a611d9ec4b21aadb81a62cea53fd6f0de,922,667943,168,1.2,Acrobat PDFWriter 3.02 for Windows,329675,0,0,0,0,0,329675,,True
922186.pdf,4ead8d23de5a39a8002c3399efa24406edca5ea5a0ad0dbb04569f74a2d71d44,922,559244,68,1.2,Acrobat PDFWriter 3.02 for Windows,184896,0,0,0,0,17,184879,,False
922187.pdf,796e0c3bcd70adec857b71eff79849ad549ab98af191cd6d11e8ec3a67c039ea,922,450669,42,1.2,Acrobat Distiller 3.0 for Windows,60993,0,0,0,0,15,60978,,False
922188.pdf,b4bdd8967f0bf2bb14824695b72c42d4f25f886fb7d485225cae78f2f322bc75,922,88171,2,1.2,Acrobat Distiller 3.02 for Power Macintosh,5886,0,0,0,0,0,5886,,True
922189.pdf,dc09d181d6864903b26bd4fdfc4c9ccfb338d78dae1be0d257ada8b736e5e215,922,3418770,310,1.3,Acrobat PDFWriter 3.02 for Windows,868163,0,0,0,240,491,867432,,False
922190.pdf,befe06793f814428cbfcf5bd6d2a4cf46e003a77901eab017901a7c929d1f9ca,922,338925,85,1.2,Acrobat PDFWriter 3.02 for Windows,174600,0,0,0,0,0,174600,,True
922191.pdf,3f8479b18dc6035befb7f7f59a898ef87599c65ae832fae13818ab91b764aa02,922,157877,6,1.3,Acrobat Distiller 3.01 for Windows,9946,0,0,0,0,0,9946,,True
922192.pdf,7095fb0bbd36f94dcae7605c19be531cb642613a807c6f1147b246c7384ff881,922,3761462,52,1.1,Acrobat Distiller 3.01 for Power Macintosh,78595,0,0,0,0,10919,67676,,False
922193.pdf,f8addc4c1f5cd36dc8b603c21953b3789787e1a4971aebf64dea06c3c2589fa7,922,396036,180,1.3,Acrobat PDFWriter 4.0 for Windows,181696,0,0,0,0,0,181696,,True
922194.pdf,66162d74e0b74679add92bd5903ac2f7d7087a57aa35e9f8fdce93268adca162,922,87113,17,1.2,Acrobat PDFWriter 3.0 for Windows,55728,0,0,0,0,0,55728,,True
922195.pdf,979cdfd4c27500ad1ec5640acb655695c8bad8484d7e9390ad33bcf734bc29fc,922,1369024,196,1.3,Acrobat Distiller 4.05 for Windows,1057854,0,0,15,0,53,1057786,,False
922196.pdf,235d42e01d9b265e55c6d0dc123e824648ec3cf4c0400c976c41f4ce208df097,922,628382,44,1.1,Acrobat Distiller 2.0 for Windows,355442,0,0,0,0,0,355442,,True
922197.pdf,f078d6f1bbfb8379b4122def9f9bc90a9d2f3fb9eb8122f2c5b9cc2d76bb7600,922,2140264,210,1.2,Acrobat Distiller 3.0 for Power Macintosh,411931,9815,0,0,30829,2625,368679,,False
922198.pdf,861b48f1eb009990bee457479bc345685c7b4c63148ed11e78b72fe994c6f9b9,922,72852,16,1.4,Acrobat PDFWriter 2.01 for Windows,40180,0,0,0,0,0,40180,,True
922199.pdf,b1b444fb2a40e5f77b6d9bdaa91d4395c9b9698108604e23fd577d786fded7f5,922,3061681,428,1.2,Acrobat Distiller 2.1 for Windows,0,0,0,0,0,0,0,IndexError: list index out of range,False
922200.pdf,2ed4631a573b06ab773de7e208263c0d1a4ddb487134bca8b0f1014a312d2eac,922,273661,48,1.3,Jaws PDF Library 3.10.1568,54833,0,0,0,0,0,54833,,True
922201.pdf,19c763d36574544c0cb4817b5b98c12bf4116bd06fb68c8195a1ba44823375e7,922,655455,18,1.1,Acrobat Distiller 3.0 for Power Macintosh,45037,0,0,0,0,109,44928,,False
922202.pdf,521e2bab45006dca381f5294a82aae05699f02c1bd26d2ef26ab094414407aca,922,561688,47,1.3,Acrobat PDFWriter 2.0 for Windows,39515,2,2,0,15,0,39496,,False
922203.pdf,d41b323f75b6aab91eb41f087672dbb5581e4b3d57dab1bfcf6b86dc0f52e63e,922,97441,3,1.4,Acrobat Distiller 7.0.5 (Windows),5048,0,0,0,0,70,4978,,False
922204.pdf,e6c7c56f8406e9f68446493f9acb3500e045fdb2cd588448f96fabf83f86fe8b,922,131771,16,1.1,Acrobat Distiller 2.1 for Macintosh,55638,0,0,0,0,77,55561,,False
922205.pdf,3f75e1649ee9cb7d7f57faeccb0019cf7db5ef63d05617cbe09abed41455e23e,922,420164,124,1.2,Acrobat Distiller 3.01 for Windows,404408,0,0,0,0,0,404408,,True
922206.pdf,7695d6a609409a44c14841da81cebec846bf17719f5eada61aa891ad66c7c5b6,922,29084,4,1.2,Acrobat Distiller 4.0 for Windows,12705,0,0,0,0,0,12705,,True
922207.pdf,9403110d0b5fd913d0e31607a6595b6d9393616bd9ca0cc65ae065bd665bf780,922,84273,37,1.1,Acrobat PDFWriter 2.01 for Windows,74360,0,0,0,0,0,74360,,True
922208.pdf,d6c4dd40ca56d9444a86c0f7f3febc55f0c4bfc447353e0a78d4a621b78121d6,922,71216,31,1.1,Acrobat PDFWriter 2.01 for Windows,68312,0,0,0,0,0,68312,,True
922238.pdf,71ef3c0b5f11bd7591aab9cbda9ab538b500465da310567826a64ff12540a733,922,94554,15,1.6,Acrobat Distiller 8.1.0 (Windows),41341,0,0,0,0,115,41226,,False
922243.pdf,cff129b169dd158345f82957e5f2412101001077ece6d0691ce4a70ce90b982e,922,131245,4,1.4, ,6938,0,0,6938,0,0,0,,False
922244.pdf,4a30ab33f9fc8d582a18dd0fb32eaf548db4c8f3671dc94b1f2578ba78f55083,922,10803,1,1.4,Acrobat Distiller 8.0.0 (Windows),598,0,0,0,0,0,598,,True
922245.pdf,73e388e4c4e9e85a955e370d7cb988ddb1da4a792a3715fc1ba57dc0b211af2b,922,10811,1,1.4,Acrobat Distiller 8.0.0 (Windows),597,0,0,0,0,0,597,,True
922246.pdf,14404affd8fa1ccd2f60a8f79150c817124f2fa470050e0d012f45bac1eab3f7,922,766812,2,1.4,Acrobat Distiller 6.0 (Windows),6519,0,0,0,0,82,6437,,False
922247.pdf,a9c361eb13b16d6c9a96b6017b00be820d832562af0ecdf258996ef99750b8b5,922,133053,8,1.4,Acrobat Distiller 8.1.0 (Windows),12433,0,0,0,0,0,12433,,True
922249.pdf,7b879b6429ac6b7a5aded746e9c352e5f5a871cb5722a1b7be6c5f11d2c5e792,922,135697,9,1.4,Acrobat Distiller 8.1.0 (Windows),13830,0,0,0,0,0,13830,,True
922250.pdf,df3da7be8b4328556b53bf40c9dc9d840ef5d91a13702ad2702c1c19cc7e835a,922,145351,3,1.1,Acrobat Distiller 2.1 for Windows,7030,0,0,0,0,0,7030,,True
922294.pdf,3a45606d44604d8f5253304b5664e97e182005ffab8062fba91a56742e946c10,922,2083281,27,1.4,Acrobat Distiller 6.0 (Windows),13776,0,10,0,0,6737,7034,,False
922306.pdf,a768af3aff9f00a335b5db7a4779d857b06c8ea04e67733075025acfeff0c667,922,116890,17,1.2,Acrobat PDFWriter 3.02 for Windows,66441,0,0,0,0,0,66441,,True
922307.pdf,664c7268e656e6e18deccb8966b1fe7d3ec98ee047bde431661d287172a92e9d,922,1242931,312,1.3,Acrobat Distiller 4.0 for Windows,1326153,0,0,0,21,0,1326132,,False
922308.pdf,21dd1a44247eb4cfdb8b741fa992fab7f2f15853d0c1f90ee355392905336b77,922,1568414,405,1.4,Acrobat Distiller 3.0 for Windows,1069745,0,0,0,0,0,1069745,,True
922309.pdf,fb48b229ecc0e1add54d3527df98077d43a606881f0362cc98f712d80c781a13,922,250511,107,1.2,Acrobat PDFWriter 3.02 for Windows,144936,0,0,0,0,0,144936,,True
922310.pdf,9920f14a388e31d0b2f73d664b7f0b9cba090ebe787dbfc36ac31cbe9c4632fc,922,1474977,74,1.3,Acrobat Distiller Daemon 3.0 for Solaris 2.3 and later (SPARC),316784,0,0,0,0,173,316611,,False
922311.pdf,f50ed723913145ebdc8f58473fa0a5dabcd70a48b922678563647a1c853e6b0f,922,699085,136,1.3,Acrobat Distiller 2.1 for Windows,823978,0,0,0,0,0,823978,,True
922312.pdf,842ab1cbcafe21da9d029a0ea269fdbd6352b20fab639eb5f2ad777981c453aa,922,344494,82,1.3,Acrobat PDFWriter 4.05 for Windows,270961,0,0,0,3,9,270949,,False
922313.pdf,09f0897bd570be7b5c7b3ce12c50a6618f6a88d7fd57bd90578709732f306b35,922,649439,106,1.3,Acrobat Distiller 4.05 for Windows,632171,0,0,0,209,376,631586,,False
922314.pdf,9e853056e6e7058daca3426810538469ccfb005632889b535322c6af425a3fb1,922,62762,8,1.2,Acrobat PDFWriter 3.02 for Windows,38679,0,0,0,0,0,38679,,True
922316.pdf,d536b9d4458c0e6b3bff9b72fab4f5341962ca518aeff2276d7a8ee3806a0f9c,922,102836,2,1.2,Acrobat Distiller 3.01 for Power Macintosh,8019,0,0,0,3,35,7983,,False
922317.pdf,0a2fb93bf8cacde3319d176a77ca3d924c3a0fe81a8890e5d1358965dc12d287,922,2647435,464,1.4,Acrobat Distiller 3.01 for Windows,1425984,0,1,0,0,93,1425891,,False
922318.pdf,0c41e9a0b3c1c32afbfc238afedc9caebc5476c928dfa2c809f197a2ce9b386b,922,343443,92,1.3,Acrobat PDFWriter 4.0 for Windows NT,202511,0,0,0,0,0,202511,,True
922319.pdf,bec47bbec3904a183cff128fe0d36c7b2a6cbd1b0065f70ff949fab4f7c153f4,922,512300,141,1.3,Acrobat PDFWriter 4.0 for Windows NT,286454,0,0,0,0,0,286454,,True
922320.pdf,3470b7469cb609607c0244651fe342511d45bf971f4753d2606c6fe9d014f67f,922,644888,38,1.2,Acrobat Distiller 3.0 for Windows,100850,0,0,0,0,16,100834,,False
922321.pdf,ef6e9dd59830ae11696381c8eed7917e1f827c092c7d20ea92fac14f8f0c7ecf,922,102214,27,1.3,Acrobat Distiller 3.0 for Windows,37170,0,0,0,0,0,37170,,True
922322.pdf,bcf75e6713cab7e2818cf63669c67d22bfd8622a86a886d4cb41ce0b59f12130,922,2912759,377,1.2,Acrobat PDFWriter 3.0 for Windows,996940,0,0,0,0,66529,930411,,False
922323.pdf,8037ddb6dee9c85bef0727377987cf9a691e38850bae038d2f242de6bedc4816,922,253410,40,1.2,Acrobat PDFWriter 3.0 for Windows,84826,0,0,0,4,0,84822,,False
922324.pdf,e9822bc3d83fd800dcf2655d76a4db6edaeb955c6bd1929834a22a35de9ec0da,922,42152,2,1.3,Acrobat Distiller 3.01 for Power Macintosh,7999,0,0,0,0,19,7980,,False
922325.pdf,2eb4d38387808546c25ab13fed58752f15de94b1ef73d2f77a5569db44e3249c,922,1355885,296,1.3,Acrobat 4.05 Import Plug-in for Windows ,689881,0,0,0,0,0,689881,,True
922327.pdf,2e8657b72d59a46aadf99c6e0771cb5564812b87c609bf8fc3187e903eb3b23f,922,1684818,13,1.2,Acrobat Distiller 4.05 for Windows,36544,0,0,0,34,0,36510,,False
922328.pdf,cc8dc79e7f61b8549dbc07b7013e861c0e3b71027c3368762801ab4061dc4e2c,922,3522833,402,1.2,Acrobat Distiller 3.0 for Power Macintosh,0,0,0,0,0,0,0,timeout after 600s,False
922329.pdf,7d0d2e6639cc0d54f4b15ca9908df0ee514fc4bf2cc515679e3cff57111750e9,922,60460,20,1.2,Acrobat Distiller 3.01 for Windows,52517,0,0,0,0,0,52517,,True
922330.pdf,89047876e116b8cc2157651ece052fce69ba20d6c5886171b14aa6af9f0d5150,922,573543,134,1.2,Acrobat Distiller 4.0 for Windows,367097,0,0,0,0,0,367097,,True
922331.pdf,3e3c29cf97bb5238c77d9fba077f34d8bb8738af206d7d97d94f08f762b09f8f,922,1086609,314,1.3,Acrobat Distiller 4.05 for Macintosh,663081,17073,0,0,39777,2006,604228,,False
922332.pdf,aa39c01536ad34be050b5c9a81b4b792eb168f7e497987166963bbc6fca8e1aa,922,155015,12,1.3,Acrobat Distiller 3.0 for Windows,46533,0,0,0,0,74,46459,,False
922333.pdf,00928f6e840f71c6dec15fe476cb4eb128c581303ab6f1b2974c5b6b7dae99e1,922,242746,33,1.3,Jaws PDF Library 3.10.1568,48971,0,0,0,0,0,48971,,True
922334.pdf,68daae7e4343ae2dab1223a30b543d6ec0db7af0c4798e1a90a544f0361f81dd,922,61935,20,1.2,Acrobat Distiller 4.05 for Windows,49761,0,0,0,0,0,49761,,True
922335.pdf,5dffc74d8445f6899315346d411f2576f7bbcb88f6d962e7ad28a59f0545d61f,922,11520,1,1.3,Acrobat Distiller 3.01 for Windows,1244,0,0,0,0,0,1244,,True
922336.pdf,0fd224e7f67d821683c849e517c8e3353d568859803e6d56ad5e1f450262d19f,922,1084943,235,1.1,Acrobat Distiller 3.01 for Windows,567221,0,0,0,7,0,567214,,False
922338.pdf,109cb7a369676cb66c7feeac671f822e1bab5ff17c3a3c450c2748512817c67f,922,96560,8,1.2,Acrobat Distiller 3.01 for Windows,30734,0,0,0,0,0,30734,,True
922339.pdf,c83c2f7cc8724e2d97e0493c6e0b7391f41d395002f6520fbc4f5cd87ed674b9,922,313816,12,1.4, ,15095,0,0,15095,0,0,0,,False
922340.pdf,a3932b0ceb8898ad3254e4f5a15f086f23f5f8a5602deea6e58f8d940213c4ae,922,173495,25,1.0,,173422,0,0,0,0,0,173422,,True
922351.pdf,3ec9711c96c4a07cb768f88c2f1dcf7bc02bb8da99a8ae0b77f5ff6692544816,922,57557,1,1.3,"eCopy, Inc",2308,0,0,2308,0,0,0,,False
922370.pdf,5ac001548080ff0ad2eef176625734f8c5e530efb7fcae678745371b7e018221,922,430564,4,1.4,Acrobat PDFWriter 5.0 for Windows NT,11110,0,0,0,0,0,11110,,True
922371.pdf,ff60eed0d357c9376e60a2909e6bcd716c0dca1384b458cb3d4164fcc1df5649,922,14005,2,1.4,Acrobat Distiller 8.1.0 (Windows),5870,0,0,0,0,0,5870,,True
922372.pdf,8882bac785c8ed8ae015a9b50c43f23c1d6049c021dc3349cd628865ac9fcce1,922,2782484,16,1.4, ,0,0,0,0,0,0,0,,True
922374.pdf,c8cddf16bfe826da3409e67d78219e5ba49b48e288b68cb2e786f650c93bb48a,922,3594864,36,1.4,Acrobat Distiller 8.1.0 (Windows),9123,0,0,0,0,4766,4357,,False
922377.pdf,45c9e0259384fdffc266b5dca4c0064b5429f4bd6fcb8b7207e23b30875597b8,922,833547,32,1.4,Pdf.Capture version 5.2,25602,0,0,25602,0,0,0,,False
922382.pdf,9042558108a2034bbc6be99de3b1a2c916bd8842aa883b8735810b494f60c4f8,922,135474,3,1.2,,11777,0,0,0,28,0,11749,,False
922386.pdf,fa66c6c54ab75e4f4dd2e90b3086878d50c69e95f18e686369b11a6cb6a71811,922,55235,13,1.4,Acrobat Distiller 8.1.0 (Windows),40839,0,0,0,0,0,40839,,True
922400.pdf,2190072e6a36ac97ecff178fe107aeb77d2c94aece71efd60a8c92f6726c8b50,922,349666,5,1.3, ,11432,0,0,11432,0,0,0,,False
922404.pdf,2cef6fd077a0ac64153543b5b979f684bac85d16eb567eaed502c02dbc8ddac8,922,77292,15,1.2,Aladdin Ghostscript 6.01,41340,0,0,0,0,0,41340,,True
922406.pdf,9fae5a3c5f6c6dd298a9ebf60efa00cb83e69fb5f89842fe07a13b3fc566aa41,922,1666505,151,1.5,CVISION Technologies,0,0,0,0,0,0,0,,True
922441.pdf,5bf4527ad68bd9563f67ffcde2c7d57cf2042cbbe3050c1daa56522323bd03c7,922,35337,1,1.3,iText 2.1.4 (by lowagie.com),8032,0,0,0,0,107,7925,,False
922445.pdf,a3f820bca7e8b7c547e4906d06352bf67bdd25c206bcbbe7e3d3099400ecf0cb,922,870638,12,1.4,Acrobat Distiller 5.0 (Windows),31329,0,0,0,97,180,31052,,False
922446.pdf,87ef5dffcc515e4ae838e4a061b79ab68c5e8b1d0241334ff4e6b3d6456d4e96,922,114905,18,1.2,Acrobat PDFWriter 3.02 for Windows,74826,0,0,0,0,0,74826,,True
922447.pdf,b9eacd3a6154bedfa8905119bfcced36318ea6526e3c63a2ae5de68e6a51a86c,922,1054704,114,1.4,Acrobat Distiller 5.0 (Windows),592803,0,0,0,282,101,592420,,False
922448.pdf,d5f1ece6b9457dcf56cb64acd7c939292e21107b7a2e261ecfb56d00ed0ee31b,922,102034,8,1.4,Acrobat Distiller 5.0.5 (Windows),27845,0,0,0,0,2287,25558,,False
922449.pdf,f25ddcf7be0b89d9355fbfbdeefce79a8eec71a67dfa3263fc158fea47f54201,922,1149437,312,1.4,Acrobat Distiller 4.05 for Windows,1346903,0,0,0,21,0,1346882,,False
922450.pdf,e7a2301fc0a714c901836b054ab461681d7319e3feeb9695180d275cc225047f,922,109208,23,1.3,Acrobat Distiller 5.0 (Windows),76040,0,0,0,0,0,76040,,True
922451.pdf,edb50ec75ed9e2c364f413bc06b7e08f5523656be3f9f9e9605d3107fd8b11ae,922,57936,21,1.4,Acrobat PDFWriter 3.02 for Windows,33854,0,0,0,8,0,33846,,False
922452.pdf,01abc69648b2e51e5d1c1619b2345617e4e337f66a26888dfa0fecde32313b62,922,1532751,396,1.3,Acrobat Distiller 3.0 for Windows,1034820,0,0,0,0,0,1034820,,True
922453.pdf,bdcc2de734be7c25ec6eb8ca5a0bfa8efbcbc32611feeda172834cca43432e53,922,325551,125,1.4,Acrobat PDFWriter 4.05 for Windows,219484,0,0,0,0,0,219484,,True
922455.pdf,7c1a2d7ff098a88bc020581b3b1e7aaf30f291dd1477cc452a54f4cda0d36f3d,922,519156,133,1.3,Acrobat Distiller 4.05 for Windows,790098,0,0,0,0,0,790098,,True
922456.pdf,662b41a49df5f367dfec41cc063059b51776e0b6f96af6cb840539b8419d4f4a,922,64473,10,1.2,Acrobat PDFWriter 3.02 for Windows,38717,0,0,0,0,0,38717,,True
922457.pdf,5846b48f38152e99ad0576bb1c38d2bbe3a7fb8c0c26048d3f339c27eeba087f,922,659104,63,1.3,Acrobat Distiller 4.05 for Macintosh,122030,0,0,0,0,64,121966,,False
922458.pdf,1a14a74941d271be7345d2dc2915cb1570765d0cb45b351b5ba410047ee13a53,922,112356,12,1.3,Acrobat Distiller 3.01 for Power Macintosh,41427,0,0,0,0,0,41427,,True
922459.pdf,20a099dfa56b145bcb3ed3aee634332be8fd4d4b0ba58ad9390f0696753d07c4,922,117860,24,1.2,Acrobat Distiller 3.02,69386,0,0,0,0,0,69386,,True
922460.pdf,829ef1cd20429898e4dfb4de99a03ddf322a12e5f431135337a8fb42387f9840,922,4488455,383,1.3,Acrobat Distiller 3.01 for Windows,866665,0,0,0,0,11575,855090,,False
922461.pdf,65213f06e60bc8faf65c94838d56219e851b2f0d9e00db837e68e71b5faf1c1d,922,141436,35,1.6,Acrobat Distiller 4.05 for Windows,66360,0,0,0,0,0,66360,,True
922462.pdf,87d34b890e62544874994aad8493e98fe7ea2534bd8da0676b1069d87efab3c1,922,108335,2,1.2,Acrobat Distiller 3.01 for Power Macintosh,7629,0,0,0,0,19,7610,,False
922463.pdf,2cf3b03f38be25df2e962eedcd2ab474fa4266054afc69d50379bac04af53653,922,172850,13,1.4,Acrobat Distiller 5.0 (Windows),39047,0,0,0,0,0,39047,,True
922464.pdf,296655640466d869f29313d21f3095c83c38149ac83739ad8132b917d44c6477,922,53565,4,1.2,Acrobat Distiller 4.0 for Windows,8662,0,0,0,0,752,7910,,False
922465.pdf,822fbda9ae55d965def9af2946fe58c5a946721cd096841044fa74135d8b089e,922,92267,16,1.3,Acrobat Distiller 4.0 for Windows,53162,0,0,0,0,46,53116,,False
922466.pdf,dd640e3bd8faa762cadc10dc1516b36eb132015e6d2ab9ebf27e7a888bfd3bbd,922,315068,46,1.2,Acrobat PDFWriter 3.02 for Windows,175098,0,0,0,0,0,175098,,True
922467.pdf,14b7ca0aec464ee1470c3e0a9e79ea6051e9daec0ddb465fa483916842c9ffdd,922,405563,183,1.3,Acrobat PDFWriter 4.0 for Windows,196521,0,0,0,0,0,196521,,True
922468.pdf,9e95822adb83fb680333be823472ef6a50b44878810963a3200adcaa23c2ebb4,922,428364,80,1.2,Acrobat PDFWriter 2.0 for Windows,190769,0,0,0,0,0,190769,,True
922469.pdf,d78c7aeb901b764f7a4e1e1ec8850171ec974dbb34a4d82b4b8af04937de9e30,922,353971,78,1.4,Acrobat Distiller 3.0 for Windows,167750,0,0,0,0,0,167750,,True
922471.pdf,98bcc2fa912fa7ab2272cfeb2be6fef241146002b3244fa2ab4bab9faf555e47,922,68678,23,1.2,Acrobat Distiller 4.0 for Windows,34073,0,0,0,0,0,34073,,True
922472.pdf,7d55ba5da6371c1f0ba69e3ef23089adb14285334a00db920fbdb8c183a1fbc1,922,37222,12,1.2,Acrobat Distiller 4.0 for Windows,16668,0,0,0,0,0,16668,,True
922473.pdf,225916f2b88df1d6a8aa0d79c9e30775faa779744bf598b3a630c435ece30a45,922,244108,12,1.1,Acrobat Distiller 3.01 for Windows,18384,0,0,0,17644,0,740,,False
922474.pdf,57c452b53a422caff40829bf5859475dc1c3278c395d3b470d17357c72fcd31b,922,70268,17,1.3,Acrobat PDFWriter 4.05 for Windows,54752,0,0,0,17,0,54735,,False
922475.pdf,fbb60739e4da49ce9266300a5447dea3bfd6f3ac1742196aec2a2847a0d146c9,922,2632328,449,1.2,Acrobat Distiller 3.01 for Windows,0,0,0,0,0,0,0,timeout after 600s,False
922476.pdf,0e74020fb8321fae3379f0e388a5aafc941931547bad3e5d17f406610e491f41,922,874484,15,1.4,Adobe Acrobat 7.0 Image Conversion Plug-in,0,0,0,0,0,0,0,,True
922477.pdf,de030f9f685256c1b2a0a799ca1e6e645ef3673f20db4478c8d20c2d41e63e6a,922,1791592,139,1.3,Acrobat Distiller 3.02 for Power Macintosh,471804,233,0,0,0,0,471571,,False
922478.pdf,0a0159ee030ab44859770a3358517963be737b49a90bead4d6772272eaf5a101,922,819280,81,1.5,Acrobat Distiller 6.0.1 for Macintosh,256695,0,0,0,3210,4726,248759,,False
922479.pdf,625c44cd03ee3c91172ae645d4131451533f964b62f0320c3e9234929833ec7c,922,54486,5,1.2,Acrobat Net Distiller 1.0 for Windows,22600,0,0,0,0,0,22600,,True
922480.pdf,4183f865fc88dab7b178c2a1882f3502d872fcef4743bea446685d3ce6b23579,922,1395779,380,1.2,Acrobat Distiller 3.01 for Windows,1061643,0,0,0,10,71,1061562,,False
922481.pdf,49d841c0af9690596c38a15e66995d2d073f7359dfb8e93ce50dd27b54b709f8,922,646745,207,1.3,Acrobat PDFWriter 4.0 for Windows,574840,0,0,0,0,0,574840,,True
922482.pdf,5ffac4311fe7b05549a9757708ecb3d2ddbc7a8d64231212060e9d2876eed278,922,1175494,111,1.3,Acrobat PDFWriter 4.0 for Windows NT,286610,29,4,0,0,1462,285115,,False
922483.pdf,c71b29c02ad26416421cf48816e385179ef8090344a14a18fec42e4f3d0a9864,922,93870,17,1.3,Acrobat Distiller 4.0 for Windows,56010,0,0,0,0,0,56010,,True
922484.pdf,53b5b646b655da8bafff4035697e9a293a247518f10856dc985b44678a647667,922,1093986,235,1.1,Acrobat Distiller 3.01 for Windows,574226,0,0,0,8,0,574218,,False
922485.pdf,8678a8f9f50645f660fa99d4224207ff02d6b0a7363794f22c965732c5698af2,922,239516,41,1.2,Acrobat PDFWriter 3.02 for Windows,81326,0,0,0,3,29,81294,,False
922486.pdf,8549b9516aaf511d45a2a8d6ec67805d3568b2e4568417eb5bf206719c6896c1,922,292260,30,1.3,Acrobat Distiller 4.05 for Macintosh,61889,0,0,0,0,0,61889,,True
922499.pdf,574b6cd3825b67f91f542c2bfa6279a278557f10603a9aa256f959b80ee78803,922,275427,26,1.3,Acrobat Distiller Command 3.02b for Solaris 2.3 and later (SPARC),65242,0,0,0,0,0,65242,,True
922504.pdf,5c3fc63ac36c41de714bf14cc81a4144efa30bbe859e24dadb7c62c944705d4b,922,3069870,40,1.3,Acrobat 4.0 Scan Plug-in for Windows,101864,0,0,101864,0,0,0,,False
922523.pdf,7c32a08db8915d139c47385797275054d57538b08d67c3246b4322a122e7387f,922,99379,3,1.5,Acrobat Distiller 6.0 (Windows),6125,0,0,0,0,0,6125,,True
922529.pdf,cc42ffb2703cff61c799b500c07fc2dbd2635b8bce20b332f4c85dbc5e5f0aa0,922,1002787,24,1.4,Pdf.Capture version 5.2,31106,0,0,31106,2,0,0,,False
922530.pdf,6c4f2b0c3e774b3eafaa5d9f17f26ace3d6b3c0d8117713206f7a54a278ebb5b,922,592303,10,1.4,Pdf.Capture version 5.2,22986,0,0,22986,3,0,0,,False
922552.pdf,dd0de98489209f99330b08c032af928f5e4af07d0bbe7762f5d6807e2a6c7faa,922,25968,2,1.1,Acrobat Distiller 3.01 for Windows,12143,0,0,0,0,0,12143,,True
922553.pdf,58c8fcd599cd27b7b6b92c3daef10e288399b689670fe2f154b008b3e09dc826,922,17131,1,1.4,Acrobat Distiller 7.0 (Windows),3325,0,0,0,0,0,3325,,True
922585.pdf,7b8ff31b4c6ec6dea9550854095320a0f20d93f93e00bd2598dacc2638ddf387,922,794820,208,1.2,Acrobat Distiller 3.02,350525,0,0,0,0,0,350525,,True
922586.pdf,7ca25960e5933f1e09d410cd9145d5593e70e67ca0938fffb7820d12c64a5c5f,922,44216,20,1.2,Acrobat PDFWriter 5.0 for Windows NT,30038,0,0,0,0,0,30038,,True
922587.pdf,cb8d1ce25544a9b95b26ab49e03ddcdc0fae01074aa4417a3e07ddc60cea7469,922,639060,74,1.3,Acrobat Distiller 4.05 for Macintosh,136211,0,0,0,0,71,136140,,False
922588.pdf,ba616ea5436f487ff230ace0b4d75ebab6bb72ff353cac2c90c77678a7552e21,922,216467,38,1.4,Acrobat Distiller 4.0 for Windows,146775,0,0,0,0,0,146775,,True
922589.pdf,1694f1fa163341594931b89eeffcb7f5c4ad81411a83fc98a1616ca10c44191c,922,188242,35,1.3,Acrobat Distiller 5.0.5 (Windows),78350,0,0,0,0,0,78350,,True
922590.pdf,3da1d5c0d13c35ad52fa1ac198b7941a1fdb9b384b8009b12aace46d9c6af543,922,1796366,311,1.4,Acrobat Distiller 5.0 (Windows),0,0,0,0,0,0,0,timeout after 600s,False
922591.pdf,37cf0cce48de77f44d8427459e18b25bd3281239ba8da016021fc36aa622f4e8,922,1607887,371,1.4,Acrobat Distiller 4.0 for Windows,0,0,0,0,0,0,0,timeout after 600s,False
922592.pdf,49f38baf522ace2f148c81f6a06c7579dc48d39fd09581b1fd0b369c1593bb41,922,628498,11,1.4,Acrobat Distiller 4.0 for Macintosh,25182,0,0,0,0,374,24808,,False
922593.pdf,a19a615d7ee90527727f50b068f7debdbd64564f4673ff4e5a724de454a71ea6,922,483333,19,1.4,Acrobat Distiller 5.0 (Windows),47513,0,0,0,1,0,47512,,False
922594.pdf,c906264f38df699b0bab40657476d590437bb93e90edf2f45771aa4b591ade01,922,1255488,69,1.4,Acrobat Distiller 5.0 (Windows),123082,0,0,0,38,303,122741,,False
922595.pdf,1d6ca60b8e8c3c2f8dc3c7a912f322dc94bed09b88d56948cfe9dbe90c2740e4,922,344163,8,1.3,Acrobat Distiller 4.0 for Windows,29369,0,0,0,0,46,29323,,False
922596.pdf,f81fdaaf274886074501abdbf402f4ad9c8a882560941b45bd97d6b3f8db2b18,922,689573,38,1.6,Acrobat Distiller 8.1.0 (Windows),66822,0,0,0,0,0,66822,,True
922597.pdf,20bc4c9cb86a337e72f6815b76e87adf003cffc6603d479910fa3ec575b9dd3e,922,585474,13,1.4,Acrobat Distiller 5.0 (Windows),54469,0,0,0,0,0,54469,,True
922598.pdf,fe285f49127b98ad463fc30f49b82d897346e31b9f6c58aa7834bb386e741aa3,922,41832,25,1.3,Acrobat PDFWriter 4.0 for Windows NT,52056,0,0,0,0,0,52056,,True
922599.pdf,832095c026d83ad0bd2800b42ae67748463b809615b9e102005842f6f2f4df06,922,859585,143,1.3,Acrobat PDFWriter 4.0 for Windows NT,378013,0,0,0,0,2161,375852,,False
922600.pdf,559acffc3f5a365d53feebd25d0b98b2cc47ae4a784dfd0dd1b9a9e602dcab2e,922,549365,111,1.2,Acrobat PDFWriter 2.0 for Windows,271638,0,0,0,0,0,271638,,True
922601.pdf,41a50b53a18ab5fb52a8341e193369204bd7dc830f33a882e3c83b89266aeed1,922,58596,4,1.4,Acrobat Distiller 7.0.5 (Windows),4121,0,0,0,0,0,4121,,True
922602.pdf,bc0bb04284b9e3d03b9559cf6e59ab22ef7f91853e9705d3377a36d01b123634,922,844918,43,1.4,Acrobat Distiller 5.0.5 (Windows),98965,0,0,0,0,485,98480,,False
922603.pdf,d92ae784eb4ede99c81c4c4e5ce92b20b192c0bfdfeed1538ef838a3ee05305b,922,457613,144,1.3,Acrobat PDFWriter 4.05 for Windows NT,259280,0,0,0,0,0,259280,,True
922604.pdf,712b4d66be39ba2c3d8333946f3ff0b501880f80df97654d90d8789afb0ed935,922,314372,86,1.4,Acrobat Distiller 3.01 for Windows,251435,0,0,0,0,10320,241115,,False
922605.pdf,3de45cba08b7a6438b7d10569c390e315e79db14964933660ec48987a8b9cc39,922,566323,72,1.3,Acrobat Distiller 4.0 for Windows,150510,0,0,0,0,0,150510,,True
922607.pdf,ad46b840ccb71c0b6edeebe4b808d46f806130e71567d58a8a640ccee0e333d2,922,310264,2,1.1,Acrobat Distiller 3.01 for Windows,3950,0,0,0,0,114,3836,,False
922608.pdf,24b80a1e4b8d988ed012453366c399b88de120e2e0a8f98a6d562f0d2d5d5eaf,922,79556,21,1.3,"Etymon PJ 1.10, Copyright (C) 1998-2000 Etymon Systems, Inc. <http://www.etymon.com/>. ",34764,0,0,0,0,0,34764,,True
922609.pdf,7337b8daf09e10b7bd9c24b51c2cc351c04a22906d8c1ed30a7ee0329ec09f69,922,31576,4,1.2,Acrobat Distiller 3.01 for Windows,5348,0,0,0,0,0,5348,,True
922610.pdf,82396919449e7e774079de9c475588a8ad24f67696e63c258f286e5251be5cae,922,1890373,254,1.3,Acrobat Distiller 4.0 for Windows,0,0,0,0,0,0,0,timeout after 600s,False
922611.pdf,a3ba3fce8ff4ccca2dcdb4edb8a424694dfb6428d326866c3a64037129f486a9,922,1801098,5,1.3,Acrobat PDFWriter 4.05 for Windows NT,30186,0,0,0,0,0,30186,,True
922612.pdf,e26e6392c9e990fb145a814e28dcd488cc87d56c347167c07ae95f60279d99e0,922,19292,6,1.2,Acrobat PDFWriter 4.0 for Windows,11358,0,0,0,0,0,11358,,True
922613.pdf,f925e756936874ded9c23b993e35fc7bd52f6e030a03fc3c7b5e4ae2e1c5b70c,922,153864,5,1.3,Acrobat Distiller 3.01 for Windows,21523,0,0,0,0,575,20948,,False
922614.pdf,fd38cb7cb3b71af55f916fd3dfe022da736f6ba2085de300688e1395b59cae6a,922,355140,45,1.2,Acrobat PDFWriter 3.02 for Windows,163438,0,0,0,0,0,163438,,True
922615.pdf,565017f99de3474ff75bd690f1cf0aff6053c1ad7058d674984bddd8da6a455e,922,92860,2,1.4,Acrobat Distiller 5.0 for Macintosh,7324,0,0,0,0,19,7305,,False
922616.pdf,26a25b534272ddbec7d565073324f05efef596aaef35ee334d376dc2444badf7,922,217519,12,1.4,Acrobat Distiller 5.0.5 for Macintosh,41395,0,0,0,0,107,41288,,False
922617.pdf,9d7c75aa081bad67b8c0a0046f0336cb7d67d8a1f19d94a34c3d862e12500431,922,61703,23,1.2,Acrobat PDFWriter 4.0 for Windows,28700,0,0,0,0,0,28700,,True
922621.pdf,df0bb8af983381c180ef4b783f2fe74aa3d5dca1e6adf67b91b223b893f66b69,922,113799,17,1.3,Corel PDF Engine Version 9.543,56362,0,0,0,0,0,56362,,True
922665.pdf,cc9e1b9a3d78d0b53080d33a7a1c78c998b9401bf2163418d13fdeb0bbf7326a,922,591255,10,1.3,"Etymon PJ 1.10, Copyright (C) 1998-2000 Etymon Systems, Inc. <http://www.etymon.com/>. ",15576,32,1,15576,0,0,0,,False
922666.pdf,b31861331e44d077ebe27ac9b58405744f02b83d95aba6a724ebeb2f3971b141,922,14806,1,1.4,AFPL Ghostscript 8.54,3843,0,0,0,0,0,3843,,True
922702.pdf,942c238c63dfb8d23ae55b3934bd856c2ff0515521d9ddba482f94cff702d3fd,922,130048,42,1.2,Acrobat PDFWriter 3.0 for Windows,0,0,0,0,0,0,0,timeout after 600s,False
922718.pdf,c1501309781235dc9925d16b7c6210dc55e670cae45b989c37995e8ff46e925a,922,235962,8,1.4,Acrobat PDFWriter 5.0 for Windows NT,0,0,0,0,0,0,0,timeout after 600s,False
922719.pdf,a6cd83d7f2600ac1e4ea4e4db4c4eab7177eb823ce5473316bef3a2bd15a97f0,922,4068475,190,1.3,Acrobat Distiller 4.0 for Windows,0,0,0,0,0,0,0,timeout after 600s,False
922720.pdf,ac055b83684bf96e1b66393ec5a3c4499e811e55e3d4edfe37bfc540941b2914,922,153382,32,1.3,Acrobat Distiller 5.0 (Windows),130249,0,0,0,0,0,130249,,True
922722.pdf,42b9560ab5c708cc3305b6ca62b14b897cb60195553a2c58011e084008639c20,922,25171,8,1.3,Acrobat Distiller 4.0 for Windows,31548,0,0,0,0,0,31548,,True
922724.pdf,8a69fb92879a6887c790f8a87dc9ebe6cbc4bdfdcc14dd7a82962ee391aeeee1,922,4142481,40,1.3,Acrobat Distiller 5.0.5 (Windows),80689,0,0,0,0,0,80689,,True
922727.pdf,2fa06c41fbed233c401d85538f1c7d27ee337b7be5b4b1c88067cba6fca23183,922,1727040,401,1.4,Acrobat Distiller 4.0 for Windows,1032024,77,0,0,0,133,1031891,,False
922728.pdf,6f4bc374b70c29d41c9d0d33332dcca475f476f32734132088ef90677afad21d,922,454258,2,1.4,Acrobat Distiller 5.0.5 for Macintosh,7498,0,0,0,0,19,7479,,False
922729.pdf,66474544ba0029e4e416740914e7a44d950baa10025c14828419d4741705c826,922,425491,16,1.3,Acrobat Distiller 4.0 for Windows,65262,0,0,0,0,47,65215,,False
922730.pdf,73b33897d5adef77ec8af15b6ae226fce94e1b98efa6666af31ef4ca8001a2f7,922,413128,16,1.4,Acrobat Distiller 4.0 for Windows,50920,0,0,0,0,46,50874,,False
922732.pdf,a98dea82ba3f697b9801e061959e0dfd23b2b824e10c6c8f991ebfda35b03543,922,1163295,170,1.4,Acrobat Distiller 5.0 (Windows),465248,0,0,0,0,10609,454639,,False
922733.pdf,180e61d235d0bb51954cfe4048ea6199b335de1e20bb3a6dfe2eb728e9785da6,922,474430,53,1.2,Acrobat PDFWriter 3.02 for Windows,121784,0,0,0,2,20,121762,,False
922734.pdf,e538adfe911c00535566848b3f78992d004b4c926e9d10ae920f7ede15e77d1a,922,2150978,66,1.4,Acrobat Distiller 5.0 (Windows),142376,0,0,0,27,0,142349,,False
922736.pdf,94ef6c1a87fc2ea492fb1076c69a6def2af9106d98c95d12844e204fc9f9d475,922,1362996,274,1.3,Acrobat Distiller 4.0 for Windows,967197,0,0,0,0,295,966902,,False
922737.pdf,30f45f00d267a76caf1c0721cf8fd59bcd03f532faf7c27a8a7d3efd400a61d5,922,159578,16,1.2,Acrobat Distiller 3.01 for Windows,54553,0,0,0,0,0,54553,,True
922738.pdf,0df7ee5d9832948d7deff317d8cd43ff8de28a6dc084e9136789be26543cac14,922,2741066,64,1.4,Acrobat Distiller 5.0.5 (Windows),130302,0,0,0,0,4063,126239,,False
922739.pdf,51090e97fcb195c2d61e0c9ae9f7c07ef2908ebcec632b51cfaed7177d4759f9,922,334903,22,1.4,Acrobat Distiller 5.0 (Windows),108106,0,0,0,0,0,108106,,True
922740.pdf,a00762bf8986a51834cd7518d730dffdfe4350432a1485978e8d1ee44a44d450,922,644503,46,1.3,Acrobat Distiller 5.0 (Windows),112230,0,0,0,0,0,112230,,True
922741.pdf,24c72a53b611352c07ba68ca36fb5142449f3489f855ddb98309f5dc061c4c6b,922,2632993,170,1.4,Acrobat Distiller 5.0 (Windows),220296,0,0,0,0,1977,218319,,False
922742.pdf,e53854e85b05b9bf0aa108b25e570ff2911742b93405be498859b107f2773dfd,922,462137,30,1.2,Acrobat Distiller 5.0.5 (Windows),72246,0,0,0,0,0,72246,,True
922743.pdf,5207b39f8cbea2ac38b5aa3b97de1359be599cb0d1c42e2c11693d08a1382a3e,922,304841,27,1.4,Acrobat Distiller 5.0 (Windows),99526,0,0,0,0,0,99526,,True
922744.pdf,4cf33459e9a9b43263e2aee1bfe79316d70a5cdb2aaa494e14779fcc98a16054,922,224256,23,1.4,Acrobat Distiller 5.0.5 for Macintosh,31113,0,0,0,26,345,30748,,False
922746.pdf,606fc7eb3039b89ce7a0d8f39ab6e9625f459fc76bafafc7bbbc32fe983a69ac,922,64077,22,1.2,Acrobat PDFWriter 4.0 for Windows,37792,0,0,0,0,0,37792,,True
922749.pdf,b123e31a3ab075b94e89e2517ad8c5a3f44d641265ee68c466fde8c1be069572,922,216719,12,1.5,Acrobat Distiller 5.0.5 for Macintosh,42863,0,0,0,0,167,42696,,False
922750.pdf,4e62885d18d8450266e9fcdbca3ca65156f2d66faf2c8f8b988236c157682c1b,922,3132581,169,1.4,Acrobat Distiller 5.0.5 for Macintosh,539558,31,0,0,0,675,538852,,False
922752.pdf,0d48fab236dde3fae4abd0deedebd265aecbf5146cb17256006b362948ea533b,922,294862,17,1.4,Corel PDF Engine Version 9.543,50331,0,0,0,0,0,50331,,True
922753.pdf,48b549ce16153b588774fb4e949549529afdf0e7c54f8e5a7a717d0d94556ef1,922,1381166,115,1.4,Acrobat Distiller 5.0.5 (Windows),229308,2853,1,18,0,737,225699,,False
922754.pdf,493b0deb2928488502f87ba5553d01e285bb5b5dc7b9f7ffe86d6016dcfbcb15,922,158720,5,1.2,Acrobat Distiller 3.01 for Windows,20761,0,0,0,0,585,20176,,False
922755.pdf,14829b1c5ae11b8ddd83b97b26cbb204eda2049cf292fe12210804ef2a58efab,922,387249,42,1.4,Acrobat Distiller 5.0.5 (Windows),173928,0,0,0,0,0,173928,,True
922756.pdf,1f1c3d954d8f3267051988a9fefac67425d835e8f0ce164487bb166e1c4d2c7c,922,115111,44,1.2,Acrobat PDFWriter 4.0 for Windows,51413,0,0,0,0,0,51413,,True
922758.pdf,16f18bd8b07e7b145ecdf02b11a5a2e5fbafc93b4220c507a2ab285e4bc32bc9,922,297879,73,1.4,Acrobat Distiller 6.0.1 (Windows),226232,0,0,0,0,0,226232,,True
922792.pdf,23280b7d2d4bf8db8dce106be645df38ac477bd4728527c7122fd794c2d37e12,922,2316632,23,1.4,Acrobat Distiller 8.0.0 (Windows),15431,0,0,0,0,0,15431,,True
922826.pdf,c38617f4388d79d3ffd60e6adf219514ad2744a365e207e3e25aacbfa482122f,922,351479,36,1.4,Acrobat PDFWriter 4.0 for Power Macintosh,98665,0,0,0,26,38,98601,,False
922827.pdf,5432d011c8fdb6a36f6094de9623e4ea501c092140199afa2a3c21c8772e2bdb,922,1855992,21,1.2,Acrobat PDFWriter 5.0 for Windows NT,4548,0,0,0,0,708,3840,,False
922828.pdf,7f6913ce2df01b6e2f916e87370ca265abd243aeaf0d642dfac5102443480afa,922,1327925,105,1.4,,382154,0,0,0,13,345,381796,,False
922829.pdf,a8e294e9e4aa9c9c984108686673d6364bf14f70d981aa6095b74e5f1b71bbba,922,95673,16,1.3,Acrobat PDFWriter 5.0 for Windows NT,77201,0,0,0,0,0,77201,,True
922830.pdf,4b57fa84953b5d242ae42a2b659fa91ea1b1c973fe3d4fd97d051248127cd523,922,70325,30,1.4,Acrobat Distiller 6.0 (Windows),43643,0,0,0,0,0,43643,,True
922831.pdf,e6d27f9d58c48e628aa30cb2ced77c4387341bbf11986e6f2573923f47b95d07,922,187257,40,1.3,Acrobat Distiller 7.0.5 (Windows),80941,0,0,0,0,0,80941,,True
922833.pdf,8353a45e889bc6e391917be9053e272625a42c6922e62058c3ad120953a69461,922,283321,12,1.3,Acrobat Distiller 4.0 for Windows,44901,0,0,0,0,74,44827,,False
922834.pdf,6ab7dab8e9443629a911e336cb4c4740fe0f715ba84d428eba11446cbe2aae38,922,4804969,174,1.6,Acrobat Distiller 7.0.5 (Windows),604541,142,0,142,2,35,604363,,False
922835.pdf,66bd11801c28eb1f3fd731b1cbaff4a43852667d2dcfa0fa4180ebaf0b5f762e,922,105847,22,1.3,Acrobat Distiller 4.0 for Windows,64854,0,0,0,0,64854,0,,False
922836.pdf,c2b0ecea5d216dbb17ee682e5c60966196fac5a6c604e7c0a411c392db7d7cd7,922,2760357,333,1.4,Acrobat Distiller 4.0 for Windows,990814,77,0,0,0,0,990737,,False
922837.pdf,28ff80c9af5c8e83014dcce6734f1e153f76bf3803eba19adff25b00d05c4353,922,200188,66,1.5,Acrobat Distiller 5.0.5 (Windows),194426,0,0,0,0,7920,186506,,False
922838.pdf,75d067e4e3ba893843dd33d6225563a146e89298b8e0eff3bfad6a0f77b11943,922,327444,38,1.4,Acrobat Distiller 5.0.5 (Windows),152142,0,0,0,0,0,152142,,True
922841.pdf,f8c041414a6f778ca7511bb99273353679311d924272efccada59fc0b4ef7b77,922,3642326,139,1.3,Acrobat Distiller 5.0.5 (Windows),397023,0,0,0,3,1951,395069,,False
922843.pdf,f99f99568f3839687517da5c09f59faff290ff8945bffe856e216bd9478bba92,922,620134,162,1.4,Acrobat Distiller 5.0.5 for Macintosh,338447,200,0,0,0,542,337905,,False
922844.pdf,99324b6da74a47d149338ca920e6da80f970ca5d82105e27b1ae574e2beeb9db,922,38049,4,1.4,Acrobat Distiller 5.0 (Windows),12918,0,0,0,0,0,12918,,True
922846.pdf,e5dcebc5fb59a466789e6c5c5a0f85e2c82152163ff421c089e9c1cd9c556466,922,264535,12,1.4,Adobe PDF Library 6.0,48844,0,0,0,0,0,48844,,True
922848.pdf,8163e63853df8d2502fc876ef8daa8af50a48363af45e7b4ceb710241440d7bc,922,2214150,212,1.4,Acrobat Distiller 4.05 for Macintosh,612627,3587,0,0,3268,2534,603238,,False
922849.pdf,cbe879005723763d7c93b3ccd498bd01cdf908f420338f06100b988d9d68b346,922,138117,42,1.4,Acrobat PDFWriter 5.0 for Windows NT,111121,0,0,0,0,3,111118,,False
922850.pdf,db7fe338d2fa4f3196896265cafeb0c188e2cb8b197d32a4ba41fb8b1657f0b8,922,34552,9,1.2,Acrobat PDFWriter 5.0 for Windows NT,18961,0,0,0,0,749,18212,,False
922851.pdf,d567290e9892ec19920544114d1d5fbf92cff03e2161cd76e0867025b9e0f248,922,99736,2,1.4,Acrobat Distiller 5.0.5 for Macintosh,6307,0,0,0,2,19,6286,,False
922853.pdf,7573099616896c2a041c5b3381e50a1854c400b2040db46b10a40379cb427758,922,112775,3,1.5,Adobe PDF Library 6.0,9589,0,0,0,0,2164,7425,,False
922854.pdf,a1058d431d9110a1b724103bb87176db56619ecdf237d9d93bf922e82b085ccc,922,361061,60,1.4,Acrobat Distiller 4.0 for Windows,118082,0,0,0,0,0,118082,,True
922855.pdf,ebc063e8873d31674129ea8995aba51e9af7386ac1ca382bfb67628ed39e0e35,922,553727,51,1.4,Acrobat Distiller 5.0.5 (Windows),116337,0,0,0,0,0,116337,,True
922856.pdf,708a6e2cb8c29896686f2800b9766130b67516782d0af056fffcba4b1eb8c749,922,116841,5,1.3,Acrobat Distiller 4.0 for Windows,25606,0,0,0,0,585,25021,,False
922857.pdf,d0319a011163c45db423fb34360cf62f68be578cf7fb3fffb84e3ee719ede95a,922,2545040,308,1.3,Acrobat Distiller 4.0 for Windows,1507724,0,0,0,0,0,1507724,,True
922859.pdf,a1ac17e5245b5052b26f049c4a4fc64600698b26c854fe1ba15c51fa88f4f328,922,1569839,129,1.5,Acrobat Distiller 5.0.5 (Windows),289719,5020,0,0,1308,4167,280808,,False
922860.pdf,2cc805075a3206f00f7bd4bca23b67482acbd580298e786c40237b75c459188b,922,154258,13,1.3,Acrobat Distiller 4.0 for Windows,89584,0,0,0,0,1391,88193,,False
922862.pdf,2e850fd1c2c7dab27e00d89c78a312c15bb6c49842ccf5c15f9f91ba3e8033a9,922,90880,36,1.2,Acrobat PDFWriter 4.05 for Windows NT,40902,0,0,0,0,0,40902,,True
922863.pdf,d1b7fbd789a347aab7c22af1dc2f3256bec233ce98798f83f78d7630afe22eda,922,3283898,441,1.4,Acrobat Distiller 4.0.2 for Macintosh,1599336,15898,343,0,0,15619,1582987,,False
922864.pdf,35ac1f9ae19d51e1c4e60ed6dbbfbdcf08cb910ee9f70af020264038110a520f,922,773375,25,1.4,Acrobat Distiller 5.0 (Windows),55041,0,0,0,0,0,55041,,True
922877.pdf,3ebbf4459a2b5642f913970f5184daf1471f194c2ba5894a01b1ebaaf3604ae8,922,198656,76,1.2,Acrobat PDFWriter 3.0 for Windows,144886,0,0,0,0,0,144886,,True
922880.pdf,0e25a84d2b97652c6bef2d6c1f4e80df39171d7470f6caa57b82b017a364afaa,922,207448,4,1.2,Acrobat PDFWriter 3.03 for Windows NT,4873,0,0,4873,0,0,0,,False
922894.pdf,8409b8e41cd4ba33204335b6ba3c5381e70967c79c86d8ccef6d969d8e1186bf,922,361637,4,1.2,Acrobat PDFWriter 3.03 for Windows NT,6976,0,6,6976,0,0,0,,False
922898.pdf,05c1f6cfda84cfe784638b0f42de3236f1a546ccb5124d149bf9fd64b381828c,922,177800,29,1.4,pdfTeX-1.10b,36610,0,0,0,18,270,36322,,False
922901.pdf,27bca2bd14b0732b51ce88d8baf2b1062276845cd1d6abcc0f233d1fe0e18869,922,54632,1,1.2,Acrobat Distiller 4.05 for Windows,3484,0,0,0,0,0,3484,,True
922902.pdf,5dfc8771d2533567c22a9dd82836d895cf0b5773063ef9302d5c59fc015f2017,922,134149,4,1.5,Adobe Acrobat 6.0 Paper Capture,0,0,0,0,0,0,0,,True
922908.pdf,bbcfbb41df413ed86b606924bc4177b6a72788c51c15e69c256c9d8fc106716f,922,378401,3,1.4,"Hewlett-Packard Intelligent Scanning Technology
3",0,0,0,0,0,0,0,,True
922913.pdf,2e3d9b98dced4d586467ce96f505df270e742846b0fdb9920ffaad734dc321d1,922,240304,2,1.3,Adobe PDF Library 4.0,9522,0,0,9522,0,0,0,,False
922921.pdf,1ec13ad32149ab22dd98f26378ee4aa289ff60b611c0586ecad01c9040845bdc,922,54396,1,1.3,pdcat (www.glance.ch),1640,0,0,0,0,0,1640,,True
922930.pdf,bfd2ed779f26559ecb98a95d6efc0b6e7550a25ce37b4b4b06df46a200c76606,922,475548,25,1.2,GNU Ghostscript 7.07,79464,0,0,0,12863,6818,66601,,False
922931.pdf,29a0f6d1b53406622c7fa01529b7f4303feb2a476f349d85107affd66891b7c1,922,1583432,244,1.4,Adobe PDF Library 6.0,792128,30296,0,0,0,8345,753487,,False
922932.pdf,47410b314505f53b759e674ce502f98cbe4ae9118067b32635d81ac3623ca1e4,922,134863,20,1.4,Acrobat Distiller 6.0 (Windows),100866,0,0,0,0,0,100866,,True
922933.pdf,813d92107f7690cdce4031f04b75d8a7acb9d31e522c1a6c3971c595835e53d4,922,1270287,110,1.5,Acrobat Distiller 6.0.1 (Windows),481229,0,0,0,9,1231,479989,,False
922934.pdf,e102f479ecfa7ab5ffa8e2174e78ca9417e2fdf3de64e80a2c852979ee2d3dd0,922,1702231,327,1.3,Acrobat Distiller 5.0 (Windows),826094,0,0,0,0,824670,1424,,False
922935.pdf,b23d4ae0a092f21c3b46f297766a79de6c34f2c17dbe23c3a3b3821139f204e4,922,56108,3,1.4,Acrobat Distiller 6.0 (Windows),3924,0,0,0,0,0,3924,,True
922936.pdf,1634ea0a9e6cafb6f0d4feca2246908bffbe6380ea8a06afe6e78b39c39f803a,922,507697,30,1.3,Corel PDF Engine Version 10.719,44171,0,0,0,0,0,44171,,True
922937.pdf,81466bb6224e772a377218d75f8073d1026ec95a10072d7663965adb5ca39b5a,922,2469975,170,1.6,Acrobat Distiller 7.0 (Windows),225449,0,0,0,0,2018,223431,,False
922940.pdf,d7528352a67f8764d31efec527d376adc366d0c156e665713234db3e4b4f8cc6,922,50780,7,1.2,Acrobat PDFWriter 5.0 for Windows NT,23457,0,0,0,0,0,23457,,True
922941.pdf,d4fdff9bbeefe2f61209893c698d33c4fa2cd948f4f921b6e225759dd955fb10,922,499979,41,1.4,Acrobat Distiller 6.0 (Windows),175603,0,0,0,15,4286,171302,,False
922942.pdf,3880d7196e9403eac2b9a2d564db0b77b02ccbb52fffe5b4a3191ff41d8ea81f,922,781581,68,1.3,Acrobat Distiller 5.0.5 (Windows),164723,0,0,0,8,88,164627,,False
922943.pdf,265657cb3504cd61ea6019ff87c09939841abb4fca4ecda2238b562118ccf717,922,146053,13,1.5,Acrobat Distiller 6.0 (Windows),52473,0,0,0,0,0,52473,,True
922944.pdf,0aff0ec2d642556dcb42726c2eca3ed7122c93c01e41a5573d29b4423259d3a1,922,522066,54,1.5,Acrobat Distiller 7.0.5 (Windows),86251,0,0,0,0,139,86112,,False
922945.pdf,0b2a53cc2dec06a80868c3e7fd7ce6c42c613ef4288badc81ef3abb2686f4fa5,922,21963,2,1.4,Acrobat Distiller 5.0 (Windows),5291,0,0,0,0,0,5291,,True
922946.pdf,e9132ca293dd7f57f54f98bc4848442e9955d1d7a541bf5c6c94db99408ee10a,922,373332,73,1.2,Corel PDF Engine Version 9.654,212200,0,0,0,0,0,212200,,True
922948.pdf,d1eb462934c398491688de8898cfcf1c1e9ff4e9ec62b3e3c9a30e26295265e0,922,1644403,64,1.4,Acrobat Distiller 5.0.5 for Macintosh,190041,2616,0,0,168,5161,182481,,False
922949.pdf,bc751f8c02e8b227ee44a83291b688aa5f010f9ff1db4720d85731f74524f62f,922,161481,58,1.2,Acrobat PDFWriter 4.0 for Windows NT,87134,0,0,0,0,0,87134,,True
922950.pdf,71fbe709c756a3568de839121188ba533064f5327cbe4144798d00fc1bfe3c81,922,2771523,397,1.4,Acrobat Distiller 5.00 for Macintosh,1519483,14451,0,0,0,14559,1504924,,False
922951.pdf,84506002d0f09c0c58af2b0bd83a82d6ed2e74cdce24a275eab9c165175ed274,922,460901,49,1.4,Acrobat Distiller 4.0 for Windows,109237,0,0,0,0,0,109237,,True
922952.pdf,6671f927b2c4711cad9dc74c05665486af3e27b33722b203fcccd853d2d25392,922,195965,3,1.5,Acrobat Distiller 4.0 for Windows,7126,0,0,0,0,13,7113,,False
922953.pdf,26664f1754dd47c51935143834511e2a54c8971a957efbe5b59d05697016b1d0,922,1492349,87,1.4,Acrobat Distiller 5.0 (Windows),233354,0,0,0,0,68,233286,,False
922955.pdf,a57e707a78237f3043abe0e187b5594883564cc27ef32d05581c027bf7796a88,922,365952,31,1.3,Acrobat Distiller 5.0.5 (Windows),71245,0,0,0,0,1908,69337,,False
922957.pdf,53bf958190db90c49ce321ad7a60a018af2cd959ef72e784af019f9023e24d7b,922,2138603,308,1.4,Acrobat Distiller 4.0 for Windows,1502114,0,0,0,0,0,1502114,,True
922958.pdf,ac7e9b40b636662c17784b4a262ceb09875c957faf60fa34ed128776c9162126,922,615542,12,1.3,Acrobat Distiller 6.0 (Windows),51225,0,0,0,0,47,51178,,False
922959.pdf,f38d2c8478dbe386eb719e5a90e3e5c4a9b2f8d453d02d83bc3bfa4199f19587,922,71191,24,1.3,Acrobat Distiller 4.0 for Windows,37988,0,0,0,0,0,37988,,True
922960.pdf,3f978a2ba346090d908bb6b4e144e6643fa75ff7457309c22a13f12c796d6d6e,922,59241,7,1.4,Acrobat PDFWriter 5.0 for Windows NT,12596,0,0,0,0,0,12596,,True
922962.pdf,b8b5fc8f2529582d921a13f06da2d637334a96a11c79fe78ffebfa42e55e26b8,922,2617452,21,1.3,Acrobat Distiller 4.05 for Windows,39643,0,0,0,201,0,39442,,False
922963.pdf,ec023324b009d14fefef55cc1aba5a38a291bb8dedf29310207b6e69510f3b3c,922,869383,65,1.4,Acrobat Distiller 5.0.5 (Windows),296521,0,0,0,0,47,296474,,False
922990.pdf,b42e4bc3a665980f54845fae020e591e9c0fbfe1b2e2575ec42bd1b6aba3b86f,922,99111,7,1.4,Acrobat 5.0 Scan Plug-in for Windows,0,0,0,0,0,0,0,,True
